country,iso_code,region,income_group,year,population,gdp,gdp_per_capita,life_expectancy,infant_mortality,school_enrollment,literacy_rate,co2_emissions,renewable_energy_pct,internet_users_pct,happiness_score,unemployment_rate
Afghanistan,AFG,Asia,Low income,1990,12045664.0,13065984000.0,1084.704338424183,48.56704878,17356.24745,,,2.024,,,,
Afghanistan,AFG,Asia,Low income,1991,12238879.0,12047361847.0,984.3517406291867,49.40456098,15700.22614,,,1.914,,,,
Afghanistan,AFG,Asia,Low income,1992,13278983.0,12677539626.0,954.7071207185069,50.21312195,12074.88955,,,1.482,,,,
Afghanistan,AFG,Asia,Low income,1993,14943175.0,9834582315.0,658.1320445621496,50.9852439,12421.7427,,,1.487,,,,
Afghanistan,AFG,Asia,Low income,1994,16250800.0,7919856426.0,487.35178735816083,51.70939024,13435.05998,,,1.454,,,,
Afghanistan,AFG,Asia,Low income,1995,17065837.0,12307525468.0,721.1791292744681,52.37507317,13067.23766,,,1.417,,,,
Afghanistan,AFG,Asia,Low income,1996,17763266.0,12070125316.0,679.4992157410693,52.97278049,12626.41151,,,1.37,,,,
Afghanistan,AFG,Asia,Low income,1997,18452100.0,11850752863.0,642.2441273892945,53.5084878,12369.75214,,,1.304,,,,
Afghanistan,AFG,Asia,Low income,1998,19159996.0,11692171422.0,610.2387193609018,53.99219512,12183.43126,,,1.279,,,,
Afghanistan,AFG,Asia,Low income,1999,19887792.0,11517315926.0,579.1148623235803,54.43287805,12428.53365,,,1.092,,,,
Afghanistan,AFG,Asia,Low income,2000,20130334.0,11283794151.0,560.5368570138976,54.84856098,11886.19168,,,1.047,,,,
Afghanistan,AFG,Asia,Low income,2001,20284303.0,11021272927.0,543.3399869347248,55.25621951,11705.58853,,,1.069,,,,
Afghanistan,AFG,Asia,Low income,2002,21378123.0,18804871508.0,879.6315517503572,55.67187805,10310.26959,,,1.341,,,,
Afghanistan,AFG,Asia,Low income,2003,22733053.0,21074343420.0,927.0353357289933,56.10756098,10257.53797,,,1.56,,,,
Afghanistan,AFG,Asia,Low income,2004,23560656.0,22332570533.0,947.8755826238455,56.56973171,10068.39734,,,1.237,,,,
Afghanistan,AFG,Asia,Low income,2005,24404575.0,25397686814.0,1040.6936737886238,57.05843902,9410.318954,,,1.89,,,,
Afghanistan,AFG,Asia,Low income,2006,25424100.0,28704399925.0,1129.0232466439322,57.57065854,9451.241384,,,2.159,,,3.72358989715576,
Afghanistan,AFG,Asia,Low income,2007,25909852.0,34507529735.0,1331.830445615822,58.09136585,8843.362093,,,2.8,,,4.40177822113037,
Afghanistan,AFG,Asia,Low income,2008,26482631.0,36561043230.0,1380.5668790989837,58.60709756,8261.760611,,,4.254,,,4.75838088989258,
Afghanistan,AFG,Asia,Low income,2009,27466102.0,44358722212.0,1615.0352245833792,59.11234146,7999.279731,,,6.388,,,3.83171916007996,
Afghanistan,AFG,Asia,Low income,2010,28284088.0,47399425562.0,1675.8336193127386,59.60009756,7473.18815,,,8.365,,,3.78293752670288,
Afghanistan,AFG,Asia,Low income,2011,29347708.0,53326336000.0,1817.0528342451819,60.06536585,7085.600255,,31.741119,11.41,,,3.57210040092468,
Afghanistan,AFG,Asia,Low income,2012,30560036.0,59166900000.0,1936.0873789546583,60.50912195,6735.469318,,,9.731,,,3.13089561462402,
Afghanistan,AFG,Asia,Low income,2013,31622709.0,62993700000.0,1992.0399609027804,60.93141463,6372.786699,,,8.891,,,3.98285460472107,
Afghanistan,AFG,Asia,Low income,2014,32792528.0,64346106000.0,1962.2185273425703,,6227.54024,,,8.698,,,4.22016859054565,
Afghanistan,AFG,Asia,Low income,2015,33831767.0,62783392000.0,1855.7526717419164,,6113.022456,,38.168041,9.384,,,2.66171813011169,
Afghanistan,AFG,Asia,Low income,2016,34700613.0,64372217488.0,1855.0743610206541,,5883.586957,,,8.606,,,2.69430327415466,
Afghanistan,AFG,Asia,Low income,2017,35688941.0,65169281649.0,1826.0357360841836,,5616.784475,,,9.311,,,2.37509179115295,
Afghanistan,AFG,Asia,Low income,2018,36743040.0,65996738862.0,1796.1698014644405,,,,,10.192,,,,
Afghanistan,AFG,Asia,Low income,2019,37856125.0,73085701943.0,1930.6176198171365,,,,,10.4,,,2.52290010452271,
Afghanistan,AFG,Asia,Low income,2020,39068977.0,71417706295.0,1827.9901799066815,,,,,11.119,,,2.40380001068115,
Afghanistan,AFG,Asia,Low income,2021,40000410.0,56638852656.0,1415.956802842771,,,,,9.869,,,,
Afghanistan,AFG,Asia,Low income,2022,40578847.0,53303471617.0,1313.5777765445134,,,,,10.17,,,,
Afghanistan,AFG,Asia,Low income,2023,41454762.0,,,,,,,10.516,,,,
Albania,ALB,Europe,Upper middle income,1990,3277965.0,12947849077.0,3949.965627149771,71.95731707,3114.370486,,,5.521,,,,
Albania,ALB,Europe,Upper middle income,1991,3282608.0,9375856841.0,2856.2218946033154,71.91841463,3095.175995,,,4.29,,,,
Albania,ALB,Europe,Upper middle income,1992,3282506.0,8745674435.0,2664.3285450201765,71.90080488,3115.29422,,,2.517,,,,
Albania,ALB,Europe,Upper middle income,1993,3277831.0,9636341649.0,2939.853106825825,71.93585366,3129.203381,,,2.338,,,,
Albania,ALB,Europe,Upper middle income,1994,3269417.0,10596114842.0,3240.979918438058,72.04195122,3105.592556,,,1.924,,,,
Albania,ALB,Europe,Upper middle income,1995,3258573.0,11600732968.0,3560.065393041678,72.23602439,2984.70635,,,2.089,,,,
Albania,ALB,Europe,Upper middle income,1996,3245680.0,12468867839.0,3841.6812005496536,72.52741463,2899.974122,,,2.018,,,,
Albania,ALB,Europe,Upper middle income,1997,3229665.0,11020137102.0,3412.161045185801,72.89809756,2844.613554,,,1.543,,,,
Albania,ALB,Europe,Upper middle income,1998,3210134.0,12026242682.0,3746.336658220498,73.32658537,2342.773065,,,1.755,,,,
Albania,ALB,Europe,Upper middle income,1999,3188598.0,13673692880.0,4288.308805311927,73.79339024,2687.16161,,,2.986,,,,
Albania,ALB,Europe,Upper middle income,2000,3166147.0,14736835655.0,4654.501403440839,74.27207317,2639.849133,,,3.025,,,,
Albania,ALB,Europe,Upper middle income,2001,3147943.0,16103903904.0,5115.691073186522,74.73421951,2346.175838,,98.712982,3.221,,,,
Albania,ALB,Europe,Upper middle income,2002,3134095.0,17037279441.0,5436.108171896512,75.15795122,2200.309814,,,3.748,,,,
Albania,ALB,Europe,Upper middle income,2003,3118093.0,18171076149.0,5827.624817155871,75.52936585,2074.647125,,,4.303,,,,
Albania,ALB,Europe,Upper middle income,2004,3098662.0,19346601376.0,6243.533943360069,75.839,1974.094956,,,4.177,,,,
Albania,ALB,Europe,Upper middle income,2005,3076156.0,20562850324.0,6684.592824291096,76.08939024,1924.172058,,,4.261,,,4.63425159454346,
Albania,ALB,Europe,Upper middle income,2006,3050805.0,21889974405.0,7175.147020212698,76.29053659,1876.261729,,,3.911,,,,
Albania,ALB,Europe,Upper middle income,2007,3022887.0,23259283502.0,7694.393969076581,76.46485366,1783.04775,,,4.004,,,5.48546981811523,
Albania,ALB,Europe,Upper middle income,2008,2992933.0,25006230217.0,8355.091883780893,76.63231707,1727.217782,,95.938637,4.448,,,5.26893663406372,
Albania,ALB,Europe,Upper middle income,2009,2961487.0,25821550979.0,8719.11677444473,76.80187805,1603.63627,,,4.37,,,5.86742162704468,
Albania,ALB,Europe,Upper middle income,2010,2928731.0,26747818608.0,9132.903844019816,76.9785122,1494.220205,,,4.817,,,5.51012420654297,
Albania,ALB,Europe,Upper middle income,2011,2911499.0,27431048326.0,9421.623818520975,77.16321951,1413.938809,,96.845299,5.175,,,4.5506477355957,
Albania,ALB,Europe,Upper middle income,2012,2910003.0,27819814441.0,9560.06383532938,77.35046341,1327.123676,,97.246971,4.93,,,4.81376314163208,
Albania,ALB,Europe,Upper middle income,2013,2907571.0,28098562696.0,9663.930028191917,77.5372439,1252.072671,,,5.346,,,4.60665082931519,
Albania,ALB,Europe,Upper middle income,2014,2903748.0,28597169040.0,9848.36461015212,,1210.693917,,,6.072,,,4.51110076904297,
Albania,ALB,Europe,Upper middle income,2015,2898634.0,29231663899.0,10084.63431361117,,1159.807959,,97.553902,4.712,,,4.63954830169678,
Albania,ALB,Europe,Upper middle income,2016,2897868.0,30200694449.0,10421.694310782961,,1123.27311,,,4.555,,,5.00440263748169,
Albania,ALB,Europe,Upper middle income,2017,2898245.0,31348975722.0,10816.537498382642,,1089.713154,,,5.344,,,4.9953179359436,
Albania,ALB,Europe,Upper middle income,2018,2894229.0,32609000823.0,11266.904181735446,,,,,5.195,,,5.36490964889526,
Albania,ALB,Europe,Upper middle income,2019,2885011.0,33289747424.0,11538.86325702051,,,,,4.941,,,5.11740016937256,
Albania,ALB,Europe,Upper middle income,2020,2871950.0,32130726850.0,11187.773759988857,,,,,4.865,,,5.1988000869751,
Albania,ALB,Europe,Upper middle income,2021,2849641.0,34866976278.0,12235.568016462425,,,,,5.137,,,,
Albania,ALB,Europe,Upper middle income,2022,2827614.0,36171005594.0,12792.059168613538,,,,,4.498,,,,
Albania,ALB,Europe,Upper middle income,2023,2811660.0,,,,,,,4.417,,,,
Algeria,DZA,Africa,Lower middle income,1990,25375815.0,117843179781.0,4643.917043886078,66.75117073,4138.905434,,,75.892,0.119,,,
Algeria,DZA,Africa,Lower middle income,1991,25987937.0,121105141795.0,4660.052154005145,67.00312195,3891.770424,,,77.976,0.261,,,
Algeria,DZA,Africa,Lower middle income,1992,26628570.0,127982696018.0,4806.217382983765,67.21870732,3695.909775,,,79.284,0.173,,,
Algeria,DZA,Africa,Lower middle income,1993,27277042.0,130275774703.0,4776.022807128427,67.421,3536.809386,,,81.306,0.329,,,
Algeria,DZA,Africa,Lower middle income,1994,27887277.0,134279859768.0,4815.093985977906,67.6285122,3399.614125,,,87.848,0.153,,,
Algeria,DZA,Africa,Lower middle income,1995,28470194.0,145054664533.0,5094.96579240029,67.84819512,3255.395711,,,95.906,0.171,,,
Algeria,DZA,Africa,Lower middle income,1996,29033045.0,156579113896.0,5393.134405846855,68.07892683,3112.747436,,,99.56,0.121,,,
Algeria,DZA,Africa,Lower middle income,1997,29579299.0,164644463404.0,5566.205723942275,68.30758537,2998.643081,,,87.517,0.07,,,
Algeria,DZA,Africa,Lower middle income,1998,30054135.0,179962887740.0,5987.9576550780785,68.52609756,2928.154515,,,105.74,0.194,,,
Algeria,DZA,Africa,Lower middle income,1999,30474360.0,193179776879.0,6339.092170565682,68.73295122,2868.103,,,90.613,0.181,,,
Algeria,DZA,Africa,Lower middle income,2000,30903894.0,208554150552.0,6748.474821716642,68.93019512,2788.962146,,,84.552,0.05,,,
Algeria,DZA,Africa,Lower middle income,2001,31331226.0,223420294027.0,7130.914507686357,69.12043902,2644.251928,,,86.019,0.061,,,
Algeria,DZA,Africa,Lower middle income,2002,31750832.0,245360923720.0,7727.7006070266125,69.30526829,2538.758592,,69.873497,89.658,0.049,,,
Algeria,DZA,Africa,Lower middle income,2003,32175813.0,273568638765.0,8502.306958490839,69.4862439,2456.280827,,,94.078,0.214,,,
Algeria,DZA,Africa,Lower middle income,2004,32628286.0,296773569597.0,9095.591769576864,69.66387805,2390.879467,,,90.853,0.194,,,
Algeria,DZA,Africa,Lower middle income,2005,33109258.0,326854481030.0,9871.996558485243,69.83860976,2332.669126,,,109.564,0.408,,,
Algeria,DZA,Africa,Lower middle income,2006,33623505.0,345705309468.0,10281.655926947533,70.00836585,2265.49868,,72.648682,103.798,0.153,,,
Algeria,DZA,Africa,Lower middle income,2007,34189420.0,371665260161.0,10870.76821311973,70.17104878,2211.578656,,,107.549,0.15,,,
Algeria,DZA,Africa,Lower middle income,2008,34816963.0,395658515586.0,11363.958297741248,70.32707317,2137.818396,,75.136047,108.596,0.176,,5.46356678009033,
Algeria,DZA,Africa,Lower middle income,2009,35490442.0,418247711085.0,11784.798596901104,70.47492683,2045.048168,,,116.328,0.2,,5.31719446182251,
Algeria,DZA,Africa,Lower middle income,2010,36188237.0,450705801593.0,12454.483527147233,70.61660976,1937.63378,,,117.847,0.108,,5.60459566116333,
Algeria,DZA,Africa,Lower middle income,2011,36903374.0,482028679734.0,13061.913518639245,70.75168293,1834.882041,,,124.715,0.221,,,
Algeria,DZA,Africa,Lower middle income,2012,37646165.0,498417638719.0,13239.532863945105,70.88217073,1709.653098,,,135.593,0.211,,6.35489845275879,
Algeria,DZA,Africa,Lower middle income,2013,38414176.0,512373332647.0,13338.131544120588,71.00965854,1674.203795,,,141.534,0.061,,,
Algeria,DZA,Africa,Lower middle income,2014,39205035.0,531843509827.0,13565.694044833783,,1667.193101,,,152.435,0.11,,5.34085369110107,
Algeria,DZA,Africa,Lower middle income,2015,40019528.0,551521739825.0,13781.315457418688,,1610.894214,,79.608398,160.322,0.091,,5.24891233444214,
Algeria,DZA,Africa,Lower middle income,2016,40850719.0,569170418715.0,13932.935151398437,,1531.452454,,,158.308,0.137,,5.04308605194092,
Algeria,DZA,Africa,Lower middle income,2017,41689302.0,577138830559.0,13843.811310609135,,1398.36594,,,165.252,0.232,,4.74462747573853,
Algeria,DZA,Africa,Lower middle income,2018,42505033.0,584064441740.0,13741.06548135135,,,,,174.461,0.271,,,
Algeria,DZA,Africa,Lower middle income,2019,43294551.0,589905104177.0,13625.38912060781,,,,,182.425,0.277,49.2,4.88710021972656,
Algeria,DZA,Africa,Lower middle income,2020,44042094.0,559819958223.0,12711.020466533675,,,,,171.139,0.283,,5.12230014801025,
Algeria,DZA,Africa,Lower middle income,2021,44761099.0,578853830170.0,12932.073677860322,,,,,182.036,0.238,,,
Algeria,DZA,Africa,Lower middle income,2022,45477391.0,595820067103.0,13101.456657946803,,,,,192.779,0.228,,,
Algeria,DZA,Africa,Lower middle income,2023,46164222.0,,,,,,,202.847,0.227,,,
American Samoa,ASM,Oceania,Not classified,1990,,,,,1244.596857,,,,,,,
American Samoa,ASM,Oceania,Not classified,1991,,,,,1211.140808,,,,,,,
American Samoa,ASM,Oceania,Not classified,1992,,,,,1189.719828,,,,,,,
American Samoa,ASM,Oceania,Not classified,1993,,,,,1192.715896,,,,,,,
American Samoa,ASM,Oceania,Not classified,1994,,,,,1200.564593,,,,,,,
American Samoa,ASM,Oceania,Not classified,1995,,,,,1209.237334,,,,,,,
American Samoa,ASM,Oceania,Not classified,1996,,,,,1210.636664,,,,,,,
American Samoa,ASM,Oceania,Not classified,1997,,,,,1204.668175,,,,,,,
American Samoa,ASM,Oceania,Not classified,1998,,,,,1199.336827,,,,,,,
American Samoa,ASM,Oceania,Not classified,1999,,,,,1174.70836,,,,,,,
American Samoa,ASM,Oceania,Not classified,2000,,,,,1150.315011,,,,,,,
American Samoa,ASM,Oceania,Not classified,2001,,,,,1145.944571,,,,,,,
American Samoa,ASM,Oceania,Not classified,2002,,,,,1156.929761,,,,,,,
American Samoa,ASM,Oceania,Not classified,2003,,,,,1160.108831,,,,,,,
American Samoa,ASM,Oceania,Not classified,2004,,,,,1133.8036,,,,,,,
American Samoa,ASM,Oceania,Not classified,2005,,,,,1096.13521,,,,,,,
American Samoa,ASM,Oceania,Not classified,2006,,,,,1068.693808,,,,,,,
American Samoa,ASM,Oceania,Not classified,2007,,,,,1031.853703,,,,,,,
American Samoa,ASM,Oceania,Not classified,2008,,,,,1003.468482,,,,,,,
American Samoa,ASM,Oceania,Not classified,2009,,,,,1023.109308,,,,,,,
American Samoa,ASM,Oceania,Not classified,2010,,,,,936.2425275,,,,,,,
American Samoa,ASM,Oceania,Not classified,2011,,,,,896.2099098,,,,,,,
American Samoa,ASM,Oceania,Not classified,2012,,,,,871.8345403,,,,,,,
American Samoa,ASM,Oceania,Not classified,2013,,,,,860.1887989,,,,,,,
American Samoa,ASM,Oceania,Not classified,2014,,,,,850.0669564,,,,,,,
American Samoa,ASM,Oceania,Not classified,2015,,,,,837.8544156,,,,,,,
American Samoa,ASM,Oceania,Not classified,2016,,,,,823.8485237,,,,,,,
American Samoa,ASM,Oceania,Not classified,2017,,,,,811.8712683,,,,,,,
American Samoa,ASM,Oceania,Not classified,2018,,,,,,,,,,,,
American Samoa,ASM,Oceania,Not classified,2019,,,,,,,,,,,,
American Samoa,ASM,Oceania,Not classified,2020,,,,,,,,,,,,
American Samoa,ASM,Oceania,Not classified,2021,,,,,,,,,,,,
American Samoa,ASM,Oceania,Not classified,2022,,,,,,,,,,,,
American Samoa,ASM,Oceania,Not classified,2023,,,,,,,,,,,,
Andorra,AND,Europe,Not classified,1990,52616.0,,,,506.2149865,,,0.403,,,,
Andorra,AND,Europe,Not classified,1991,56691.0,,,,488.8358822,,,0.403,,,,
Andorra,AND,Europe,Not classified,1992,60217.0,,,,484.0498455,,,0.403,,,,
Andorra,AND,Europe,Not classified,1993,63293.0,,,,439.6619488,,,0.407,,,,
Andorra,AND,Europe,Not classified,1994,64631.0,,,,424.2389135,,,0.403,,,,
Andorra,AND,Europe,Not classified,1995,63936.0,,,,378.1681223,,,0.425,,,,
Andorra,AND,Europe,Not classified,1996,64006.0,,,,363.1265982,,,0.454,,,,
Andorra,AND,Europe,Not classified,1997,64722.0,,,,319.3492997,,,0.465,,,,
Andorra,AND,Europe,Not classified,1998,65400.0,,,,302.1328863,,,0.491,,,,
Andorra,AND,Europe,Not classified,1999,65732.0,,,,266.514153,,,0.513,,,,
Andorra,AND,Europe,Not classified,2000,65703.0,,,,270.4642101,,,0.524,,,,
Andorra,AND,Europe,Not classified,2001,65874.0,,,,261.0984924,,,0.524,,,,
Andorra,AND,Europe,Not classified,2002,66528.0,,,,241.168417,,,0.531,,,,
Andorra,AND,Europe,Not classified,2003,69507.0,,,,262.1729294,,,0.535,,,,
Andorra,AND,Europe,Not classified,2004,74342.0,,,,273.9563311,,,0.564,,,,
Andorra,AND,Europe,Not classified,2005,77436.0,,,,289.953385,,,0.579,,,,
Andorra,AND,Europe,Not classified,2006,79609.0,,,,286.6644714,,,0.546,,,,
Andorra,AND,Europe,Not classified,2007,81901.0,,,,294.8357353,,,0.539,,,,
Andorra,AND,Europe,Not classified,2008,83513.0,,,,263.2780057,,,0.539,,,,
Andorra,AND,Europe,Not classified,2009,83907.0,,,,255.5569311,,,0.517,,,,
Andorra,AND,Europe,Not classified,2010,80727.0,,,,236.6974852,,,0.517,,,,
Andorra,AND,Europe,Not classified,2011,77801.0,,,,225.4593769,,100.0,0.491,,,,
Andorra,AND,Europe,Not classified,2012,76858.0,,,,217.2309231,,,0.487,,,,
Andorra,AND,Europe,Not classified,2013,75220.0,,,,207.14126,,,0.476,,,,
Andorra,AND,Europe,Not classified,2014,73755.0,,,,186.9946153,,,0.462,,,,
Andorra,AND,Europe,Not classified,2015,72195.0,,,,161.0726641,,,0.465,,,,
Andorra,AND,Europe,Not classified,2016,72197.0,,,,176.4904848,,,0.473,,,,
Andorra,AND,Europe,Not classified,2017,73780.0,,,,174.268463,,,0.473,,,,
Andorra,AND,Europe,Not classified,2018,75181.0,,,,,,,0.498,,,,
Andorra,AND,Europe,Not classified,2019,76492.0,,,,,,,0.491,,,,
Andorra,AND,Europe,Not classified,2020,77397.0,,,,,,,0.377,,,,
Andorra,AND,Europe,Not classified,2021,78379.0,,,,,,,0.414,,,,
Andorra,AND,Europe,Not classified,2022,79722.0,,,,,,,0.423,,,,
Andorra,AND,Europe,Not classified,2023,80869.0,,,,,,,0.418,,,,
Angola,AGO,Africa,Lower middle income,1990,11626361.0,11482503320.0,987.6265944262353,41.13834146,13140.29054,,,5.09,,,,
Angola,AGO,Africa,Lower middle income,1991,12023532.0,12341156472.0,1026.416902454287,41.20634146,12922.88442,,,5.064,,,,
Angola,AGO,Africa,Lower middle income,1992,12423717.0,12363420423.0,995.1466556264925,41.31302439,12680.9832,,,5.164,,,,
Angola,AGO,Africa,Lower middle income,1993,12827136.0,9985477687.0,778.4650982885033,41.47819512,12615.82316,,,5.748,,,,
Angola,AGO,Africa,Lower middle income,1994,13249763.0,10760814258.0,812.1514519165362,41.7162439,12350.80097,,,11.353,,,,
Angola,AGO,Africa,Lower middle income,1995,13699780.0,13143769844.0,959.4146653449909,42.05146341,12011.19313,,,12.617,,,,
Angola,AGO,Africa,Lower middle income,1996,14170973.0,15819838004.0,1116.3551016574515,42.50163415,11634.66329,,,15.249,,,,
Angola,AGO,Africa,Lower middle income,1997,14660419.0,17972296931.0,1225.9060897918403,43.06212195,11337.97663,,,15.884,,,,
Angola,AGO,Africa,Lower middle income,1998,15159378.0,19905045075.0,1313.0515694641297,43.71426829,11076.7104,,,16.513,,,,
Angola,AGO,Africa,Lower middle income,1999,15667235.0,21527478033.0,1374.0444968751665,44.439,10687.98525,,,17.261,,,,
Angola,AGO,Africa,Lower middle income,2000,16194873.0,23512184116.0,1451.8288668271744,45.20478049,10372.5966,,,15.995,,,,
Angola,AGO,Africa,Lower middle income,2001,16747204.0,26015021059.0,1553.3948866330165,45.97314634,10045.88898,,67.405418,15.908,,,,
Angola,AGO,Africa,Lower middle income,2002,17327701.0,31389808151.0,1811.539115950812,46.71173171,9635.68683,,,16.08,,,,
Angola,AGO,Africa,Lower middle income,2003,17943718.0,35081368421.0,1955.0780067430842,47.39317073,9251.348893,,,17.484,,,,
Angola,AGO,Africa,Lower middle income,2004,18600426.0,41307235678.0,2220.768259716202,48.0035122,8862.37061,,,17.016,,,,
Angola,AGO,Africa,Lower middle income,2005,19291160.0,51967661783.0,2693.8588339425933,48.53880488,8419.895861,,,15.387,,,,
Angola,AGO,Africa,Lower middle income,2006,20015281.0,66749579296.0,3334.9309108375746,49.00704878,8152.634377,,,17.145,,,,
Angola,AGO,Africa,Lower middle income,2007,20778570.0,87086353818.0,4191.162039447373,49.43573171,7486.431795,,,17.588,,,,
Angola,AGO,Africa,Lower middle income,2008,21578656.0,105593132748.0,4893.406370999195,49.84739024,7008.128035,,,18.75,,,,
Angola,AGO,Africa,Lower middle income,2009,22414775.0,115247846475.0,5141.601754869277,50.25102439,6628.69957,,,20.668,,,5.5890007019043,
Angola,AGO,Africa,Lower middle income,2010,23294822.0,126984175354.0,5451.17603190958,50.65417073,6259.191801,,,22.983,,,4.3602499961853,
Angola,AGO,Africa,Lower middle income,2011,24218358.0,140477268750.0,5800.445626825733,51.05931707,5918.052526,,,23.397,,,3.93710684776306,
Angola,AGO,Africa,Lower middle income,2012,25177398.0,152476849129.0,6056.100361482946,51.464,5626.9408,,,25.941,,,3.79483795166016,
Angola,AGO,Africa,Lower middle income,2013,26165616.0,160032073258.0,6116.120990921827,51.86617073,5361.468456,,,25.71,,,,
Angola,AGO,Africa,Lower middle income,2014,27160767.0,167750415635.0,6176.203184357791,,5111.713356,,70.991089,26.092,,,,
Angola,AGO,Africa,Lower middle income,2015,28157802.0,169333972139.0,6013.749657697003,,4894.960964,,71.164162,27.505,,,,
Angola,AGO,Africa,Lower middle income,2016,29183072.0,164965166058.0,5652.769045630289,,4698.042712,,,25.466,,,,
Angola,AGO,Africa,Lower middle income,2017,30234836.0,164717711409.0,5447.944596392056,,4544.832134,,,23.601,,,,
Angola,AGO,Africa,Lower middle income,2018,31297160.0,162550037080.0,5193.76317467783,,,,,23.278,,,,
Angola,AGO,Africa,Lower middle income,2019,32375633.0,161408924528.0,4985.506369188211,,,,,22.21,,22.27,,
Angola,AGO,Africa,Lower middle income,2020,33451139.0,152308692850.0,4553.169111820079,,,,,16.549,,,,
Angola,AGO,Africa,Lower middle income,2021,34532427.0,153971902307.0,4458.762840706215,,,,,19.219,,,,
Angola,AGO,Africa,Lower middle income,2022,35635028.0,158346237030.0,4443.555847072717,,,,,21.089,,,,
Angola,AGO,Africa,Lower middle income,2023,36749909.0,,,,,,,21.675,,,,
Anguilla,AIA,Americas,Not classified,1990,8422.0,,,,,,,0.044,,,,
Anguilla,AIA,Americas,Not classified,1991,8728.0,,,,,,,0.044,,,,
Anguilla,AIA,Americas,Not classified,1992,9005.0,,,,,,,0.048,,,,
Anguilla,AIA,Americas,Not classified,1993,9252.0,,,,,,,0.055,,,,
Anguilla,AIA,Americas,Not classified,1994,9489.0,,,,,,,0.055,,,,
Anguilla,AIA,Americas,Not classified,1995,9738.0,,,,,,,0.055,,,,
Anguilla,AIA,Americas,Not classified,1996,10000.0,,,,,,,0.059,,,,
Anguilla,AIA,Americas,Not classified,1997,10278.0,,,,,,,0.059,,,,
Anguilla,AIA,Americas,Not classified,1998,10557.0,,,,,,,0.066,,,,
Anguilla,AIA,Americas,Not classified,1999,10864.0,,,,,,,0.07,,,,
Anguilla,AIA,Americas,Not classified,2000,11196.0,,,,,,,0.081,,,,
Anguilla,AIA,Americas,Not classified,2001,11497.0,,,,,,,0.084,,,,
Anguilla,AIA,Americas,Not classified,2002,11714.0,,,,,,,0.084,,,,
Anguilla,AIA,Americas,Not classified,2003,11903.0,,,,,,,0.088,,,,
Anguilla,AIA,Americas,Not classified,2004,12092.0,,,,,,,0.099,,,,
Anguilla,AIA,Americas,Not classified,2005,12290.0,,,,,,,0.11,,,,
Anguilla,AIA,Americas,Not classified,2006,12493.0,,,,,,,0.121,,,,
Anguilla,AIA,Americas,Not classified,2007,12697.0,,,,,,,0.125,,,,
Anguilla,AIA,Americas,Not classified,2008,12911.0,,,,,,,0.125,,,,
Anguilla,AIA,Americas,Not classified,2009,13138.0,,,,,,,0.125,,,,
Anguilla,AIA,Americas,Not classified,2010,13372.0,,,,,,,0.128,,,,
Anguilla,AIA,Americas,Not classified,2011,13593.0,,,,,,,0.125,,,,
Anguilla,AIA,Americas,Not classified,2012,13401.0,,,,,,,0.121,,,,
Anguilla,AIA,Americas,Not classified,2013,13272.0,,,,,,,0.114,,,,
Anguilla,AIA,Americas,Not classified,2014,13748.0,,,,,,,0.121,,,,
Anguilla,AIA,Americas,Not classified,2015,14235.0,,,,,,,0.136,,,,
Anguilla,AIA,Americas,Not classified,2016,14344.0,,,,,,,0.139,,,,
Anguilla,AIA,Americas,Not classified,2017,14450.0,,,,,,,0.128,,,,
Anguilla,AIA,Americas,Not classified,2018,14747.0,,,,,,,0.132,,,,
Anguilla,AIA,Americas,Not classified,2019,14845.0,,,,,,,0.143,,,,
Anguilla,AIA,Americas,Not classified,2020,14864.0,,,,,,,0.136,,,,
Anguilla,AIA,Americas,Not classified,2021,14503.0,,,,,,,0.139,,,,
Anguilla,AIA,Americas,Not classified,2022,14202.0,,,,,,,0.143,,,,
Anguilla,AIA,Americas,Not classified,2023,14435.0,,,,,,,0.143,,,,
Antigua and Barbuda,ATG,Americas,Not classified,1990,63087.0,,,71.16295122,1012.356516,,,0.242,,,,
Antigua and Barbuda,ATG,Americas,Not classified,1991,63406.0,,,71.40058537,1017.384738,,,0.249,,,,
Antigua and Barbuda,ATG,Americas,Not classified,1992,64422.0,,,71.63470732,1060.474173,,,0.249,,,,
Antigua and Barbuda,ATG,Americas,Not classified,1993,65601.0,,,71.86585366,1122.909939,,,0.256,,,,
Antigua and Barbuda,ATG,Americas,Not classified,1994,66860.0,,,72.093,1157.416614,,,0.267,,,,
Antigua and Barbuda,ATG,Americas,Not classified,1995,68210.0,,,72.31768293,1184.426936,,,0.271,,,,
Antigua and Barbuda,ATG,Americas,Not classified,1996,69629.0,,,72.53885366,1198.311543,,,0.286,,,,
Antigua and Barbuda,ATG,Americas,Not classified,1997,71071.0,,,72.75756098,1193.761373,,,0.308,,,,
Antigua and Barbuda,ATG,Americas,Not classified,1998,72430.0,,,72.97378049,1191.455534,,,0.322,,,,
Antigua and Barbuda,ATG,Americas,Not classified,1999,73681.0,,,73.18602439,1196.320382,,,0.344,,,,
Antigua and Barbuda,ATG,Americas,Not classified,2000,74929.0,,,73.39729268,1192.654284,,,0.355,,,,
Antigua and Barbuda,ATG,Americas,Not classified,2001,76082.0,,,73.60607317,1198.632525,,98.949997,0.374,,,,
Antigua and Barbuda,ATG,Americas,Not classified,2002,77049.0,,,73.81339024,1192.104389,,,0.403,,,,
Antigua and Barbuda,ATG,Americas,Not classified,2003,77896.0,,,74.01921951,1174.662114,,,0.432,,,,
Antigua and Barbuda,ATG,Americas,Not classified,2004,78734.0,,,74.22204878,1183.692593,,,0.451,,,,
Antigua and Barbuda,ATG,Americas,Not classified,2005,79628.0,,,74.42185366,1149.879965,,,0.48,,,,
Antigua and Barbuda,ATG,Americas,Not classified,2006,80619.0,,,74.61609756,1116.071931,,,0.517,,,,
Antigua and Barbuda,ATG,Americas,Not classified,2007,81716.0,,,74.80478049,1084.758318,,,0.535,,,,
Antigua and Barbuda,ATG,Americas,Not classified,2008,82926.0,,,74.98687805,1033.598766,,,0.539,,,,
Antigua and Barbuda,ATG,Americas,Not classified,2009,84193.0,,,75.16241463,999.1450898,,,0.557,,,,
Antigua and Barbuda,ATG,Americas,Not classified,2010,85337.0,,,75.33390244,973.934932,,,0.55,,,,
Antigua and Barbuda,ATG,Americas,Not classified,2011,86350.0,,,75.50036585,949.8453829,,,0.546,,,,
Antigua and Barbuda,ATG,Americas,Not classified,2012,87275.0,,,75.66531707,925.6412219,,,0.557,,,,
Antigua and Barbuda,ATG,Americas,Not classified,2013,88074.0,,,75.82929268,913.8006852,,,0.557,,,,
Antigua and Barbuda,ATG,Americas,Not classified,2014,88784.0,,,,899.3941499,,98.949997,0.568,,,,
Antigua and Barbuda,ATG,Americas,Not classified,2015,89421.0,,,,886.5374139,,,0.579,,,,
Antigua and Barbuda,ATG,Americas,Not classified,2016,89980.0,,,,882.6451784,,,0.594,,,,
Antigua and Barbuda,ATG,Americas,Not classified,2017,90483.0,,,,879.2413213,,,0.601,,,,
Antigua and Barbuda,ATG,Americas,Not classified,2018,90942.0,,,,,,,0.616,,,,
Antigua and Barbuda,ATG,Americas,Not classified,2019,91377.0,,,,,,,0.638,,,,
Antigua and Barbuda,ATG,Americas,Not classified,2020,91864.0,,,,,,,0.616,,,,
Antigua and Barbuda,ATG,Americas,Not classified,2021,92358.0,,,,,,,0.634,,,,
Antigua and Barbuda,ATG,Americas,Not classified,2022,92850.0,,,,,,,0.642,,,,
Antigua and Barbuda,ATG,Americas,Not classified,2023,93331.0,,,,,,,0.641,,,,
Argentina,ARG,Americas,Upper middle income,1990,32755907.0,338751144000.0,10341.68108976497,71.54365854,2555.230029,,,112.188,9.729,,,
Argentina,ARG,Americas,Upper middle income,1991,33230293.0,376057930424.0,11316.720271590744,71.76329268,2437.928548,,96.128197,117.727,8.57,,,
Argentina,ARG,Americas,Upper middle income,1992,33693532.0,416679827242.0,12366.760102265325,71.98895122,2283.364719,,,121.514,9.64,,,
Argentina,ARG,Americas,Upper middle income,1993,34152719.0,444780261628.0,13023.27529553357,72.21565854,2232.117331,,,118.021,11.552,,,
Argentina,ARG,Americas,Upper middle income,1994,34613492.0,472926751991.0,13663.075427090685,72.44139024,2133.238649,,,118.507,12.563,,,
Argentina,ARG,Americas,Upper middle income,1995,35070016.0,461601030169.0,13162.270304324926,72.66460976,2123.055033,,,125.415,11.83,,,
Argentina,ARG,Americas,Upper middle income,1996,35513795.0,489406483416.0,13780.74304410441,72.88531707,2106.897713,,,131.446,9.646,,,
Argentina,ARG,Americas,Upper middle income,1997,35947790.0,531526379817.0,14786.06556389141,73.10397561,1954.649025,,,136.617,11.781,,,
Argentina,ARG,Americas,Upper middle income,1998,36372862.0,554567078807.0,15246.72649644672,73.32007317,1930.997638,,,139.505,10.78,,,
Argentina,ARG,Americas,Upper middle income,1999,36794687.0,538270560194.0,14629.029462704764,73.53412195,1770.282667,,,148.345,8.606,,,
Argentina,ARG,Americas,Upper middle income,2000,37213986.0,536480965694.0,14416.111343031085,73.74565854,1692.41355,,,143.355,11.557,,,
Argentina,ARG,Americas,Upper middle income,2001,37624817.0,514867255248.0,13684.2460987385,73.95368293,1593.197037,,97.193314,135.004,15.036,,,
Argentina,ARG,Americas,Upper middle income,2002,38029345.0,460558541367.0,12110.609356195853,74.15878049,1624.701131,,,124.93,15.335,,,
Argentina,ARG,Americas,Upper middle income,2003,38424283.0,503104157615.0,13093.390906344302,74.35995122,1553.879824,,,134.421,13.613,,,
Argentina,ARG,Americas,Upper middle income,2004,38815915.0,550306327169.0,14177.337495947217,74.55773171,1410.701985,,,157.235,11.465,,6.31292533874512,
Argentina,ARG,Americas,Upper middle income,2005,39216786.0,601050418142.0,15326.35586562346,74.75165854,1301.2054,,,161.728,12.032,,6.07315826416016,
Argentina,ARG,Americas,Upper middle income,2006,39622113.0,652296814311.0,16462.94871530451,74.94121951,1304.803454,,,174.342,12.678,,5.96103429794312,
Argentina,ARG,Americas,Upper middle income,2007,40016767.0,714725198062.0,17860.643216429755,75.12690244,1378.340027,,,173.764,10.024,,6.42413330078125,
Argentina,ARG,Americas,Upper middle income,2008,40424151.0,747157417513.0,18482.946432517532,75.30819512,1357.362687,,,187.596,9.872,,6.44106721878052,
Argentina,ARG,Americas,Upper middle income,2009,40854832.0,705920838368.0,17278.76003425984,75.48709756,1273.425085,,,178.378,11.193,,6.77580547332764,
Argentina,ARG,Americas,Upper middle income,2010,41288694.0,785785170150.0,19031.485232979274,75.66356098,1219.728412,,,186.121,11.092,,6.46838712692261,
Argentina,ARG,Americas,Upper middle income,2011,41730655.0,837742673804.0,20074.994600587986,75.83860976,1177.630989,,,189.884,10.412,,6.58226013183594,
Argentina,ARG,Americas,Upper middle income,2012,42161718.0,829147409948.0,19665.88292127944,76.01268293,1115.633158,,,191.715,9.701,,6.67111444473267,
Argentina,ARG,Americas,Upper middle income,2013,42582453.0,849088398588.0,19939.865807824644,76.18729268,1109.860171,,,189.525,10.134,,6.69713068008423,
Argentina,ARG,Americas,Upper middle income,2014,43024071.0,827750786191.0,19239.24833126554,,1069.328698,,98.034019,188.539,10.396,,6.42722129821777,
Argentina,ARG,Americas,Upper middle income,2015,43477011.0,850356641236.0,19558.765004245575,,962.9477871,,98.089973,191.809,10.275,,6.03933000564575,
Argentina,ARG,Americas,Upper middle income,2016,43900312.0,832669278245.0,18967.27472563293,,959.2794447,,,190.02,9.586,,5.79279661178589,
Argentina,ARG,Americas,Upper middle income,2017,44288898.0,856142153676.0,19330.852478560202,,949.6708534,,,187.068,10.445,,6.08556079864502,
Argentina,ARG,Americas,Upper middle income,2018,44654876.0,833736983405.0,18670.681862491343,,,,,182.483,10.824,,5.90056705474854,
Argentina,ARG,Americas,Upper middle income,2019,44973469.0,817053926667.0,18167.465059611033,,,,,180.428,11.417,,5.92929983139038,
Argentina,ARG,Americas,Upper middle income,2020,45191960.0,735814250460.0,16281.97251148213,,,,,164.613,11.833,,5.96700000762939,
Argentina,ARG,Americas,Upper middle income,2021,45312282.0,812324184006.0,17927.240654222624,,,,,190.197,10.947,,,
Argentina,ARG,Americas,Upper middle income,2022,45407904.0,854914363923.0,18827.43506335373,,,,,183.768,12.01,,,
Argentina,ARG,Americas,Upper middle income,2023,45538402.0,,,,,,,178.407,14.1,,,
Armenia,ARM,Asia,Upper middle income,1990,3552130.0,32650114430.0,9191.700312207042,67.74780488,3923.246932,,,9.003,,,,
Armenia,ARM,Asia,Upper middle income,1991,3613978.0,27959799817.0,7736.571671714659,67.73829268,3723.319164,,,7.383,,,,
Armenia,ARM,Asia,Upper middle income,1992,3571870.0,15777768492.0,4417.229208229863,67.85334146,3664.200344,,,5.724,,,,
Armenia,ARM,Asia,Upper middle income,1993,3453339.0,13153115049.0,3808.8108491520816,68.06956098,3638.554918,,,2.51,,,,
Armenia,ARM,Asia,Upper middle income,1994,3364620.0,13441640358.0,3994.995083545839,68.37665854,3588.836028,,,2.685,,,,
Armenia,ARM,Asia,Upper middle income,1995,3307586.0,14085547383.0,4258.558169916066,68.76356098,3414.25133,,,3.363,,,,
Armenia,ARM,Asia,Upper middle income,1996,3278738.0,14363162631.0,4380.698497714669,69.21685366,3199.154879,,,2.5,,,,
Armenia,ARM,Asia,Upper middle income,1997,3246292.0,14402224399.0,4436.515384013514,69.71641463,3022.399791,,,3.253,,,,
Armenia,ARM,Asia,Upper middle income,1998,3208399.0,14841976252.0,4625.975837793242,70.24021951,2839.812511,,,3.419,,,,
Armenia,ARM,Asia,Upper middle income,1999,3167282.0,14850694858.0,4688.782008674946,70.76709756,2693.426216,,,3.04,,,,
Armenia,ARM,Asia,Upper middle income,2000,3125630.0,15244825874.0,4877.361003701653,71.27653659,2569.990512,,,3.491,,,,
Armenia,ARM,Asia,Upper middle income,2001,3084350.0,16184137401.0,5247.179276346718,71.75565854,2418.127064,,99.400162,3.533,,,,
Armenia,ARM,Asia,Upper middle income,2002,3055636.0,18018113990.0,5896.682062261342,72.2022439,2164.559659,,,3.077,,,,
Armenia,ARM,Asia,Upper middle income,2003,3038976.0,19928773567.0,6557.726539136867,72.61097561,1904.597804,,,3.456,,,,
Armenia,ARM,Asia,Upper middle income,2004,3022544.0,21350959248.0,7063.903535564743,72.97492683,1711.208988,,,3.691,,,4.28931093215942,
Armenia,ARM,Asia,Upper middle income,2005,3006360.0,23626538545.0,7858.852081919664,73.28856098,1516.323008,,,4.376,,,4.88151550292969,
Armenia,ARM,Asia,Upper middle income,2006,2990371.0,25937834265.0,8673.784712666087,73.54982927,1280.425348,,,4.402,,,4.65197229385376,
Armenia,ARM,Asia,Upper middle income,2007,2974825.0,28610365796.0,9617.495414352104,73.76463415,1113.427692,,,5.1,,,4.17758178710938,
Armenia,ARM,Asia,Upper middle income,2008,2959996.0,29672467967.0,10024.495967899957,73.94387805,1088.768269,,,5.575,,,4.36781120300293,
Armenia,ARM,Asia,Upper middle income,2009,2945518.0,24704739187.0,8387.2307645039,74.09304878,1098.915668,,,4.364,,,4.26049137115479,
Armenia,ARM,Asia,Upper middle income,2010,2931083.0,24485670654.0,8353.796413817008,74.21965854,1103.324442,,,4.256,,,4.31971168518066,
Armenia,ARM,Asia,Upper middle income,2011,2923269.0,24860520809.0,8504.356187884181,74.33219512,1075.473118,,99.744408,4.969,,,4.27719116210938,
Armenia,ARM,Asia,Upper middle income,2012,2922529.0,26634064691.0,9113.361985800655,74.43721951,980.6434726,,,5.748,,,4.45308303833008,
Armenia,ARM,Asia,Upper middle income,2013,2922526.0,27542825799.0,9424.321904749522,74.5407561,912.7130304,,,5.535,,,4.34831953048706,
Armenia,ARM,Asia,Upper middle income,2014,2922433.0,28536291283.0,9764.566470129512,,863.6712885,,,5.604,,,4.32547187805176,
Armenia,ARM,Asia,Upper middle income,2015,2921179.0,29464863299.0,10086.63395806967,,831.8886386,,99.768417,5.469,,,4.28773641586304,
Armenia,ARM,Asia,Upper middle income,2016,2918796.0,29522321034.0,10114.554437514646,,814.5016921,,,5.207,,,5.06244850158691,
Armenia,ARM,Asia,Upper middle income,2017,2914966.0,31741802974.0,10889.253244806287,,791.1301337,,,5.537,,,5.48808670043945,
Armenia,ARM,Asia,Upper middle income,2018,2909971.0,33400320594.0,11477.88778444871,,,,,5.822,,,,
Armenia,ARM,Asia,Upper middle income,2019,2903975.0,35949092334.0,12379.2705977152,,,,,6.284,,,5.28259992599487,
Armenia,ARM,Asia,Upper middle income,2020,2890893.0,33378378959.0,11546.044408769194,,,,,6.795,,,5.39860010147095,
Armenia,ARM,Asia,Upper middle income,2021,2870339.0,35275596129.0,12289.696836854462,,,,,7.351,,,,
Armenia,ARM,Asia,Upper middle income,2022,2880880.0,39721734780.0,13788.056003721085,,,,,7.699,,,,
Armenia,ARM,Asia,Upper middle income,2023,2943398.0,,,,,,,7.43,,,,
Aruba,ABW,Americas,Not classified,1990,64452.0,,,73.38997561,,,,0.487,,,,
Aruba,ABW,Americas,Not classified,1991,66564.0,,,73.43312195,,,,0.531,,,,
Aruba,ABW,Americas,Not classified,1992,68889.0,,,73.4717561,,,,0.539,,,,
Aruba,ABW,Americas,Not classified,1993,71091.0,,,73.50531707,,,,0.649,,,,
Aruba,ABW,Americas,Not classified,1994,73475.0,,,73.5357561,,,,0.66,,,,
Aruba,ABW,Americas,Not classified,1995,75930.0,,,73.56360976,,,,0.711,,,,
Aruba,ABW,Americas,Not classified,1996,78497.0,,,73.58943902,,,,0.722,,,,
Aruba,ABW,Americas,Not classified,1997,81123.0,,,73.61480488,,,,0.758,,,,
Aruba,ABW,Americas,Not classified,1998,83788.0,,,73.64229268,,,,0.806,,,,
Aruba,ABW,Americas,Not classified,1999,86483.0,,,73.67539024,,,,0.81,,,,
Aruba,ABW,Americas,Not classified,2000,88772.0,,,73.72060976,,,97.291252,2.378,,,,
Aruba,ABW,Americas,Not classified,2001,90320.0,,,73.78290244,,,,2.407,,,,
Aruba,ABW,Americas,Not classified,2002,91393.0,,,73.8652439,,,,2.437,,,,
Aruba,ABW,Americas,Not classified,2003,92324.0,,,73.96856098,,,,2.561,,,,
Aruba,ABW,Americas,Not classified,2004,93223.0,,,74.09085366,,,,2.616,,,,
Aruba,ABW,Americas,Not classified,2005,94239.0,,,74.22807317,,,,2.715,,,,
Aruba,ABW,Americas,Not classified,2006,95403.0,,,74.37570732,,,,2.711,,,,
Aruba,ABW,Americas,Not classified,2007,96604.0,,,74.5262439,,,,2.821,,,,
Aruba,ABW,Americas,Not classified,2008,97815.0,,,74.67421951,,,,2.656,,,,
Aruba,ABW,Americas,Not classified,2009,99040.0,,,74.81614634,,,,2.627,,,,
Aruba,ABW,Americas,Not classified,2010,100127.0,,,74.95202439,,,96.822639,2.506,,,,
Aruba,ABW,Americas,Not classified,2011,100995.0,,,75.08039024,,,,2.495,,,,
Aruba,ABW,Americas,Not classified,2012,101774.0,,,75.2067561,,,,1.345,,,,
Aruba,ABW,Americas,Not classified,2013,102570.0,,,75.33217073,,,,0.861,,,,
Aruba,ABW,Americas,Not classified,2014,103381.0,,,,,,,0.872,,,,
Aruba,ABW,Americas,Not classified,2015,104200.0,,,,,,97.5242,0.898,,,,
Aruba,ABW,Americas,Not classified,2016,104989.0,,,,,,,0.883,,,,
Aruba,ABW,Americas,Not classified,2017,105737.0,,,,,,,0.89,,,,
Aruba,ABW,Americas,Not classified,2018,106447.0,,,,,,,0.868,,,,
Aruba,ABW,Americas,Not classified,2019,107089.0,,,,,,,0.832,,,,
Aruba,ABW,Americas,Not classified,2020,107411.0,,,,,,,0.821,,,,
Aruba,ABW,Americas,Not classified,2021,107565.0,,,,,,,0.861,,,,
Aruba,ABW,Americas,Not classified,2022,107792.0,,,,,,,0.888,,,,
Aruba,ABW,Americas,Not classified,2023,107946.0,,,,,,,0.887,,,,
Australia,AUS,Oceania,High income,1990,17126304.0,464136588000.0,27100.802835217688,76.99463415,787.8510963,,,278.061,4.137,,,
Australia,AUS,Oceania,High income,1991,17353191.0,461302112920.0,26583.128885056358,77.27560976,682.5259901,,,279.437,4.394,,,
Australia,AUS,Oceania,High income,1992,17549286.0,478633731062.0,27273.686864639392,77.37804878,676.9226097,,,284.433,4.389,,,
Australia,AUS,Oceania,High income,1993,17722905.0,501524767329.0,28298.112940796105,77.87804878,602.6505082,,,288.78,4.407,,,
Australia,AUS,Oceania,High income,1994,17897433.0,527993237904.0,29501.059615867816,77.87804878,574.6964275,,,293.613,4.196,,,
Australia,AUS,Oceania,High income,1995,18095340.0,549038744439.0,30341.44395402352,77.82926829,551.6904327,,,304.962,4.002,,,
Australia,AUS,Oceania,High income,1996,18305305.0,574765618472.0,31398.855057154196,78.07804878,546.5158759,,,311.851,4.0,,,
Australia,AUS,Oceania,High income,1997,18504911.0,601472798853.0,32503.41484230862,78.4804878,529.5014029,,,320.243,3.914,,,
Australia,AUS,Oceania,High income,1998,18701710.0,634847053105.0,33945.93612589437,78.63170732,517.5364964,,,334.038,3.813,,,
Australia,AUS,Oceania,High income,1999,18909980.0,664520698611.0,35141.269245710464,78.93170732,545.563036,,,343.876,3.786,,,
Australia,AUS,Oceania,High income,2000,19132472.0,692059312020.0,36171.97568719818,79.23414634,522.5429537,,,349.898,3.765,,,
Australia,AUS,Oceania,High income,2001,19365438.0,713890072308.0,36864.13249770029,79.63414634,513.3710314,,,357.668,3.655,,,
Australia,AUS,Oceania,High income,2002,19595356.0,747065694937.0,38124.62988358058,79.93658537,499.5102862,,,362.425,3.711,,,
Australia,AUS,Oceania,High income,2003,19819449.0,774450991263.0,39075.30382216983,80.23902439,489.3501656,,99.0,370.784,3.797,,7.34068822860718,
Australia,AUS,Oceania,High income,2004,20046679.0,809792445090.0,40395.341547096155,80.4902439,488.6829418,,,382.005,3.829,,,
Australia,AUS,Oceania,High income,2005,20294490.0,840092380696.0,41395.09693005343,80.84146341,512.0872937,,,385.082,4.095,,7.28539085388184,
Australia,AUS,Oceania,High income,2006,20590566.0,866678665246.0,42091.05593532494,81.04146341,492.0504438,,,391.373,4.024,,7.25375747680664,
Australia,AUS,Oceania,High income,2007,20954545.0,911250727265.0,43487.020465727124,81.29268293,455.2196961,,,398.896,3.786,,,
Australia,AUS,Oceania,High income,2008,21370595.0,937889628737.0,43886.921666757524,81.39512195,437.1430526,,,404.279,3.499,,7.4500470161438,
Australia,AUS,Oceania,High income,2009,21783014.0,963129933389.0,44214.723150294994,81.54390244,434.0353911,,,406.977,3.722,,7.40561628341675,
Australia,AUS,Oceania,High income,2010,22141583.0,993853968687.0,44886.31046330337,81.69512195,424.6133521,,,405.026,4.088,,7.19558572769165,
Australia,AUS,Oceania,High income,2011,22479779.0,1024000293343.0,45552.062293094605,81.89512195,393.0693893,,,403.874,5.392,,7.36416912078857,
Australia,AUS,Oceania,High income,2012,22852648.0,1062662906305.0,46500.64650297856,82.04634146,359.2530808,,,405.005,5.4,,7.28855037689209,
Australia,AUS,Oceania,High income,2013,23236271.0,1086068056518.0,46740.20442083844,82.19756098,360.442894,,,397.85,6.173,,7.30906057357788,
Australia,AUS,Oceania,High income,2014,23595599.0,1113888062929.0,47207.45012360144,,341.0006163,,,392.61,5.663,,7.25008010864258,
Australia,AUS,Oceania,High income,2015,23947997.0,1139303344945.0,47574.05577364153,,346.1010284,,,400.589,5.955,,7.25703763961792,
Australia,AUS,Oceania,High income,2016,24329963.0,1169967279612.0,48087.50755650553,,341.912872,,,409.666,6.785,,7.17699337005615,
Australia,AUS,Oceania,High income,2017,24731044.0,1197832839959.0,48434.38230747558,,335.9743509,,,413.408,6.373,,7.23399496078491,
Australia,AUS,Oceania,High income,2018,25119700.0,1231576952488.0,49028.33045330955,,,,,414.781,7.848,,7.13736772537231,
Australia,AUS,Oceania,High income,2019,25482714.0,1255505542015.0,49268.90997619013,,,,,414.925,8.407,,7.18349981307983,
Australia,AUS,Oceania,High income,2020,25743787.0,1232259790388.0,47866.29839611398,,,,,398.547,10.292,,7.16209983825684,
Australia,AUS,Oceania,High income,2021,25956417.0,1296705194119.0,49957.01810920205,,,,,388.472,12.283,,,
Australia,AUS,Oceania,High income,2022,26200987.0,1344251444393.0,51305.37427437371,,,,,384.078,13.247,,,
Australia,AUS,Oceania,High income,2023,26451126.0,,,,,,,384.316,14.323,,,
Austria,AUT,Europe,High income,1990,7679627.0,207979127656.0,27081.930887528782,75.56829268,806.9643446,,,62.191,27.764,,,
Austria,AUT,Europe,High income,1991,7757140.0,215992683383.0,27844.370912862214,75.61707317,776.3196327,,,65.79,26.528,,,
Austria,AUT,Europe,High income,1992,7842715.0,221400873854.0,28230.1312560765,75.81707317,742.3126713,,,60.291,29.828,,,
Austria,AUT,Europe,High income,1993,7907492.0,223462931302.0,28259.646838972458,76.06829268,646.6974554,,,60.711,30.718,,,
Austria,AUT,Europe,High income,1994,7938157.0,229749328956.0,28942.401738338005,76.4195122,605.6323127,,,61.08,30.028,,,
Austria,AUT,Europe,High income,1995,7950322.0,236824462430.0,29788.03404818069,76.66829268,536.6455369,,,64.063,30.14,,,
Austria,AUT,Europe,High income,1996,7960917.0,243480734505.0,30584.50860686024,76.87073171,499.5348151,,,67.41,27.074,,,
Austria,AUT,Europe,High income,1997,7969804.0,249847313444.0,31349.24189402901,77.3195122,464.262542,,,67.305,28.264,,,
Austria,AUT,Europe,High income,1998,7978465.0,259776337669.0,32559.68882096995,77.67073171,463.9246156,,,66.937,28.532,,,
Austria,AUT,Europe,High income,1999,7993894.0,270186173474.0,33799.06882352956,77.87560976,445.98787,,,65.668,30.668,,,
Austria,AUT,Europe,High income,2000,8012929.0,280410163017.0,34994.714544082446,78.12682927,459.8820612,,,66.204,31.268,,,
Austria,AUT,Europe,High income,2001,8042233.0,285335695766.0,35479.660408496,78.57560976,458.6620866,,,70.191,29.411,,,
Austria,AUT,Europe,High income,2002,8081640.0,291231427735.0,36036.17925755169,78.67804878,429.2075574,,,71.988,28.923,,,
Austria,AUT,Europe,High income,2003,8122604.0,294489280951.0,36255.52605432938,78.63170732,446.3505926,,,77.412,24.121,,,
Austria,AUT,Europe,High income,2004,8173496.0,303692479841.0,37155.76294904898,79.1804878,425.7354771,,,77.716,26.119,,7.12221145629883,
Austria,AUT,Europe,High income,2005,8229204.0,311441138652.0,37845.84009000142,79.33170732,404.9784022,,,79.095,26.317,,,
Austria,AUT,Europe,High income,2006,8269901.0,323236897651.0,39085.945242996255,79.8804878,372.6516994,,,76.796,26.99,,7.18095397949219,
Austria,AUT,Europe,High income,2007,8296948.0,336303973991.0,40533.455674423894,80.1804878,361.9306609,,,74.092,29.094,,,
Austria,AUT,Europe,High income,2008,8323250.0,342892519161.0,41196.95060955756,80.43170732,372.7691484,,,73.466,29.577,,7.30267858505249,
Austria,AUT,Europe,High income,2009,8345073.0,331119036991.0,39678.387114288875,80.33170732,381.3413074,,,67.302,32.548,,7.47051286697388,
Austria,AUT,Europe,High income,2010,8365087.0,338832243101.0,40505.52529830234,80.5804878,381.1787996,,,72.0,30.113,,7.40068864822388,
Austria,AUT,Europe,High income,2011,8393272.0,349713455451.0,41665.92664350685,80.98292683,352.3269899,,98.0,69.892,29.158,,7.49880266189575,
Austria,AUT,Europe,High income,2012,8431599.0,352093108730.0,41758.758775174196,80.93658537,319.5540872,,,67.26,34.498,,6.94999980926514,
Austria,AUT,Europe,High income,2013,8481411.0,352182904722.0,41524.093658708436,80.8902439,312.7553783,,,67.759,34.024,,7.07644701004028,
Austria,AUT,Europe,High income,2014,8547812.0,354511819035.0,41473.98410669303,,307.7281109,,,64.159,35.017,,7.04807186126709,
Austria,AUT,Europe,High income,2015,8644037.0,358108266932.0,41428.35887120798,,304.8557974,,,66.358,33.052,,7.29372787475586,
Austria,AUT,Europe,High income,2016,8737920.0,365232738553.0,41798.5903456429,,303.4650276,,,67.219,34.026,,7.3960018157959,
Austria,AUT,Europe,High income,2017,8798779.0,373481694490.0,42446.99116661528,,281.0260831,,,69.601,33.213,,7.19536113739014,
Austria,AUT,Europe,High income,2018,8841653.0,382540042762.0,43265.67020465517,,,,,66.567,33.139,,7.21348905563354,
Austria,AUT,Europe,High income,2019,8880876.0,388344674039.0,43728.194610419065,,,,,67.951,34.189,,7.26779985427856,
Austria,AUT,Europe,High income,2020,8921402.0,363281092036.0,40720.17963499459,,,,,62.18,36.88,,7.16300010681152,
Austria,AUT,Europe,High income,2021,8967053.0,379835198584.0,42358.977758244546,,,,,65.751,34.638,,,
Austria,AUT,Europe,High income,2022,9064678.0,398815419150.0,43996.64490564364,,,,,61.454,35.134,,,
Austria,AUT,Europe,High income,2023,9130434.0,,,,,,,56.909,40.022,,,
Azerbaijan,AZE,Asia,Upper middle income,1990,7231084.0,53235601363.0,7362.049917135522,64.74636585,6686.057198,,,51.345,1.77,,,
Azerbaijan,AZE,Asia,Upper middle income,1991,7314317.0,53426621017.0,7304.389598782771,64.42414634,6441.36662,,,50.074,1.954,,,
Azerbaijan,AZE,Asia,Upper middle income,1992,7405781.0,41795295334.0,5643.6040080040175,64.2072439,6258.256912,,,56.174,2.267,,,
Azerbaijan,AZE,Asia,Upper middle income,1993,7504119.0,32486438953.0,4329.147625857213,64.15402439,6162.378672,,,48.406,3.632,,,
Azerbaijan,AZE,Asia,Upper middle income,1994,7608894.0,26372096369.0,3465.956598817121,64.28158537,6123.133659,,,41.945,2.981,,,
Azerbaijan,AZE,Asia,Upper middle income,1995,7719283.0,23188276303.0,3003.9417265826373,64.57582927,6059.238627,,,33.309,2.695,,,
Azerbaijan,AZE,Asia,Upper middle income,1996,7830981.0,24026379639.0,3068.118750256194,64.994,6041.420209,,,31.242,3.248,,,
Azerbaijan,AZE,Asia,Upper middle income,1997,7936220.0,26436933201.0,3331.1744383346227,65.46239024,6044.785982,,,29.843,3.779,,,
Azerbaijan,AZE,Asia,Upper middle income,1998,8025808.0,28328460213.0,3529.670808596468,65.92336585,6158.92148,,,31.785,4.291,,,
Azerbaijan,AZE,Asia,Upper middle income,1999,8100472.0,31898574736.0,3937.8661806373752,66.3554878,6149.365833,,98.791801,28.822,3.318,,,
Azerbaijan,AZE,Asia,Upper middle income,2000,8174784.0,34255707098.0,4190.411281570253,66.7582439,5999.358281,,,29.765,3.233,,,
Azerbaijan,AZE,Asia,Upper middle income,2001,8251776.0,36862177017.0,4467.181006488785,67.15029268,5744.662,,,28.415,2.83,,,
Azerbaijan,AZE,Asia,Upper middle income,2002,8326141.0,40295217200.0,4839.603028581909,67.56107317,5667.100173,,,28.57,4.419,,,
Azerbaijan,AZE,Asia,Upper middle income,2003,8400528.0,44994637993.0,5356.167849568504,68.00368293,5608.721732,,,30.488,4.963,,,
Azerbaijan,AZE,Asia,Upper middle income,2004,8489874.0,50107477354.0,5902.0283874648785,68.47019512,5471.497397,,,32.253,4.866,,4.72787094116211,
Azerbaijan,AZE,Asia,Upper middle income,2005,8597248.0,64019175136.0,7446.473003454129,68.93726829,5173.65318,,,34.194,4.864,,4.56815958023071,
Azerbaijan,AZE,Asia,Upper middle income,2006,8711380.0,87026407066.0,9989.967957545188,69.37473171,4905.536683,,,34.522,4.114,,4.81718921661377,
Azerbaijan,AZE,Asia,Upper middle income,2007,8828313.0,109944254894.0,12453.597294749292,69.756,4606.32861,,99.601913,30.037,4.173,,4.57372522354126,
Azerbaijan,AZE,Asia,Upper middle income,2008,8942637.0,123130002462.0,13768.86956968062,70.06292683,4326.966484,,,33.037,3.906,,4.2186107635498,
Azerbaijan,AZE,Asia,Upper middle income,2009,9046336.0,136020226283.0,15035.946739431301,70.29265854,4102.175028,,99.759842,29.103,4.673,,4.68046951293945,
Azerbaijan,AZE,Asia,Upper middle income,2010,9146852.0,144296577620.0,15775.545249884879,70.45029268,3946.448446,,99.771141,27.549,7.021,,4.91077184677124,
Azerbaijan,AZE,Asia,Upper middle income,2011,9256156.0,145980469968.0,15771.17649788962,70.55129268,3820.931825,,99.778633,30.21,4.771,,5.48117828369141,
Azerbaijan,AZE,Asia,Upper middle income,2012,9376179.0,149196415149.0,15912.283153830575,70.62495122,3707.298839,,99.775772,32.77,3.133,,5.25153017044067,
Azerbaijan,AZE,Asia,Upper middle income,2013,9504417.0,157913964589.0,16614.797581903236,70.69314634,3604.752553,,99.78936,33.559,2.612,,5.14677476882935,
Azerbaijan,AZE,Asia,Upper middle income,2014,9631136.0,162332395164.0,16854.958248331244,,3502.344863,,99.788986,34.345,2.288,,5.30389499664307,
Azerbaijan,AZE,Asia,Upper middle income,2015,9752859.0,164036906588.0,16819.36615591387,,3414.506213,,99.80526,34.683,2.596,,5.15227937698364,
Azerbaijan,AZE,Asia,Upper middle income,2016,9868434.0,159010796104.0,16113.072864853735,,3307.880797,,,34.727,3.145,,5.16799545288086,
Azerbaijan,AZE,Asia,Upper middle income,2017,9968510.0,159255674569.0,15975.875488814276,,3196.537872,,,34.698,2.868,,5.17338943481445,
Azerbaijan,AZE,Asia,Upper middle income,2018,10039782.0,161644514845.0,16100.400869759922,,,,,34.576,2.817,,,
Azerbaijan,AZE,Asia,Upper middle income,2019,10110483.0,165653307401.0,16384.311946422342,,,,,37.753,2.451,,5.17080020904541,
Azerbaijan,AZE,Asia,Upper middle income,2020,10181736.0,158697520949.0,15586.489469870365,,,,,36.237,1.79,,5.17339992523193,
Azerbaijan,AZE,Asia,Upper middle income,2021,10234372.0,167584576527.0,16374.68097964389,,,,,38.3,1.93,,,
Azerbaijan,AZE,Asia,Upper middle income,2022,10295307.0,175370552026.0,17034.028419550774,,,,,41.175,2.188,,,
Azerbaijan,AZE,Asia,Upper middle income,2023,10318209.0,,,,,,,42.748,2.294,,,
Bahamas,BHS,Americas,High income,1990,275954.0,,,70.63065854,1956.658732,,,2.023,,,,
Bahamas,BHS,Americas,High income,1991,280745.0,,,70.79180488,1825.360975,,,1.997,,,,
Bahamas,BHS,Americas,High income,1992,285938.0,,,70.92963415,1670.471022,,,1.869,,,,
Bahamas,BHS,Americas,High income,1993,291350.0,,,71.04814634,1564.576313,,,1.744,,,,
Bahamas,BHS,Americas,High income,1994,296519.0,,,71.15480488,1496.866635,,,1.77,,,,
Bahamas,BHS,Americas,High income,1995,301471.0,,,71.26256098,1427.603662,,,1.839,,,,
Bahamas,BHS,Americas,High income,1996,306281.0,,,71.39043902,1357.83225,,,1.814,,,,
Bahamas,BHS,Americas,High income,1997,310914.0,,,71.54987805,1276.877582,,,1.608,,,,
Bahamas,BHS,Americas,High income,1998,315376.0,,,71.74787805,1210.366297,,,1.99,,,,
Bahamas,BHS,Americas,High income,1999,319623.0,,,71.98436585,1185.515831,,,2.034,,,,
Bahamas,BHS,Americas,High income,2000,323846.0,,,72.25429268,1188.575426,,,2.026,,,,
Bahamas,BHS,Americas,High income,2001,327847.0,,,72.54509756,1191.634858,,,1.946,,,,
Bahamas,BHS,Americas,High income,2002,331625.0,,,72.84126829,1188.021788,,,2.034,,,,
Bahamas,BHS,Americas,High income,2003,335625.0,,,73.12729268,1156.744469,,95.599998,2.07,,,,
Bahamas,BHS,Americas,High income,2004,339794.0,,,73.39465854,1142.102832,,,2.048,,,,
Bahamas,BHS,Americas,High income,2005,343905.0,,,73.63887805,1122.702495,,,1.905,,,,
Bahamas,BHS,Americas,High income,2006,348386.0,,,73.85895122,1113.09416,,,1.854,,,,
Bahamas,BHS,Americas,High income,2007,353343.0,,,74.05946341,1108.438964,,,1.872,,,,
Bahamas,BHS,Americas,High income,2008,358133.0,,,74.24743902,1106.631734,,,1.92,,,,
Bahamas,BHS,Americas,High income,2009,362806.0,,,74.42390244,1105.530344,,,2.154,,,,
Bahamas,BHS,Americas,High income,2010,367482.0,,,74.59239024,1104.392954,,,2.231,,,,
Bahamas,BHS,Americas,High income,2011,371738.0,,,74.75490244,1100.299648,,,2.11,,,,
Bahamas,BHS,Americas,High income,2012,375474.0,,,74.91446341,1117.69958,,,2.048,,,,
Bahamas,BHS,Americas,High income,2013,378957.0,,,75.07256098,1126.130218,,,1.993,,,,
Bahamas,BHS,Americas,High income,2014,382312.0,,,,1119.878228,,,2.063,,,,
Bahamas,BHS,Americas,High income,2015,385355.0,,,,1107.065526,,,2.231,,,,
Bahamas,BHS,Americas,High income,2016,388060.0,,,,1078.60904,,,2.246,,,,
Bahamas,BHS,Americas,High income,2017,390496.0,,,,1062.501087,,,2.521,,,,
Bahamas,BHS,Americas,High income,2018,392718.0,,,,,,,2.455,,,,
Bahamas,BHS,Americas,High income,2019,394684.0,,,,,,,2.521,,,,
Bahamas,BHS,Americas,High income,2020,395874.0,,,,,,,2.052,,,,
Bahamas,BHS,Americas,High income,2021,396381.0,,,,,,,2.726,,,,
Bahamas,BHS,Americas,High income,2022,397542.0,,,,,,,2.962,,,,
Bahamas,BHS,Americas,High income,2023,399452.0,,,,,,,2.956,,,,
Bahrain,BHR,Asia,High income,1990,514799.0,3274114078.0,6359.985310771777,72.5072439,2098.112504,,,11.494,,,,
Bahrain,BHR,Asia,High income,1991,531883.0,3651056951.0,6864.398657223487,72.7095122,2044.025331,,84.013832,11.329,,,,
Bahrain,BHR,Asia,High income,1992,547753.0,4256667780.0,7771.144621754696,72.91473171,1929.535231,,,10.402,,,,
Bahrain,BHR,Asia,High income,1993,562820.0,4978466441.0,8845.574856970257,73.12390244,1780.844805,,,16.748,,,,
Bahrain,BHR,Asia,High income,1994,577960.0,5580193474.0,9654.982133711675,73.3375122,1580.456934,,,14.352,,,,
Bahrain,BHR,Asia,High income,1995,593230.0,6161508997.0,10386.374588270992,73.55507317,1391.357085,,,14.744,,,,
Bahrain,BHR,Asia,High income,1996,608593.0,6872042752.0,11291.688783801324,73.77304878,1179.457333,,,15.942,,,,
Bahrain,BHR,Asia,High income,1997,624019.0,7574288621.0,12137.913462570852,73.987,1035.244475,,,17.221,,,,
Bahrain,BHR,Asia,High income,1998,639391.0,8524455571.0,13332.148201960928,74.19541463,965.9021481,,,18.276,,,,
Bahrain,BHR,Asia,High income,1999,654622.0,9667911784.0,14768.693664435354,74.39582927,917.9279041,,,18.254,,,,
Bahrain,BHR,Asia,High income,2000,669589.0,11032289188.0,16476.210314088195,74.5892439,899.066017,,,19.199,,,,
Bahrain,BHR,Asia,High income,2001,699964.0,12074987722.0,17250.869647581876,74.77670732,897.619093,,86.548737,19.679,,,,
Bahrain,BHR,Asia,High income,2002,752205.0,13787453002.0,18329.382285414216,74.96021951,862.1521,,,20.112,,,,
Bahrain,BHR,Asia,High income,2003,811276.0,16535287306.0,20381.827277030257,75.1407561,847.7979405,,,20.976,,,,
Bahrain,BHR,Asia,High income,2004,871446.0,19633464819.0,22529.754934901302,75.31880488,823.9670912,,,21.204,,,,
Bahrain,BHR,Asia,High income,2005,932618.0,22873324996.0,24525.93129877399,75.49231707,785.9044612,,,24.487,,,,
Bahrain,BHR,Asia,High income,2006,994626.0,26149797771.0,26291.08606752689,75.66073171,767.8449192,,,24.036,,,,
Bahrain,BHR,Asia,High income,2007,1057419.0,30119518073.0,28483.99553346403,75.823,757.6470385,,,26.626,,,5.70052337646484,
Bahrain,BHR,Asia,High income,2008,1120718.0,33548850204.0,29935.1399763366,75.97660976,742.7540165,,,29.525,,,5.9368691444397,
Bahrain,BHR,Asia,High income,2009,1183616.0,35937223742.0,30362.23212764951,76.12404878,715.8281473,,,28.138,,,4.82397603988647,
Bahrain,BHR,Asia,High income,2010,1213248.0,39778047298.0,32786.41077339505,76.26485366,681.8356536,,94.556793,29.143,,,5.02718687057495,
Bahrain,BHR,Asia,High income,2011,1206733.0,43727144774.0,36235.97330478242,76.40204878,654.5534019,,,28.544,,,6.68971109390259,
Bahrain,BHR,Asia,High income,2012,1216307.0,45357290589.0,37290.9886969326,76.53619512,659.5410029,,,27.202,,,6.16513395309448,
Bahrain,BHR,Asia,High income,2013,1257206.0,47813841200.0,38031.82708323059,76.66987805,648.7179067,,,31.228,,,6.00737524032593,
Bahrain,BHR,Asia,High income,2014,1312857.0,49894227022.0,38004.31198675865,,633.7087262,,,30.971,,,6.16967344284058,
Bahrain,BHR,Asia,High income,2015,1369656.0,51134096686.0,37333.53242419995,,595.1935729,,95.717262,32.521,,,6.22732067108154,
Bahrain,BHR,Asia,High income,2016,1429609.0,52953446666.0,37040.510143682644,,562.2111302,,,31.635,,,,
Bahrain,BHR,Asia,High income,2017,1482003.0,55226208950.0,37264.57297994674,,533.1194641,,,32.917,,,7.09801244735718,
Bahrain,BHR,Asia,High income,2018,1497634.0,56391482183.0,37653.71391341276,,,,,32.698,,,6.17317581176758,
Bahrain,BHR,Asia,High income,2019,1485675.0,57613480945.0,38779.32989718478,,,,,37.616,,,6.64690017700195,
Bahrain,BHR,Asia,High income,2020,1483081.0,54937336615.0,37042.708129225575,,,,,37.429,,,6.64690017700195,
Bahrain,BHR,Asia,High income,2021,1501762.0,56404169544.0,37558.66078912637,,,,,36.265,,,,
Bahrain,BHR,Asia,High income,2022,1533460.0,58769760175.0,38324.938488777014,,,,,37.827,,,,
Bahrain,BHR,Asia,High income,2023,1569674.0,,,,,,,38.787,,,,
Bangladesh,BGD,Asia,Lower middle income,1990,111633722.0,112105268328.0,1004.2240491452932,60.0084878,10105.81313,,,14.082,3.332,,,
Bangladesh,BGD,Asia,Lower middle income,1991,113787112.0,117331560870.0,1031.1498271438684,60.53182927,9828.484577,,35.319302,14.753,3.274,,,
Bangladesh,BGD,Asia,Lower middle income,1992,115952198.0,123425133934.0,1064.4484198048578,61.06214634,9296.307645,,,15.391,2.851,,,
Bangladesh,BGD,Asia,Lower middle income,1993,118132363.0,129907345176.0,1099.6761757487234,61.60041463,8936.222238,,,16.074,1.979,,,
Bangladesh,BGD,Asia,Lower middle income,1994,120343183.0,137432659561.0,1142.0061870974446,62.14517073,8629.434888,,,17.553,2.599,,,
Bangladesh,BGD,Asia,Lower middle income,1995,122600372.0,145833067614.0,1189.4993892351322,62.69387805,8339.267446,,,21.056,0.965,,,
Bangladesh,BGD,Asia,Lower middle income,1996,124862185.0,155028875281.0,1241.599890959781,63.24207317,8097.063484,,,21.507,1.832,,,
Bangladesh,BGD,Asia,Lower middle income,1997,127198070.0,165329622112.0,1299.7809016441838,63.7837561,7889.922508,,,23.144,1.696,,,
Bangladesh,BGD,Asia,Lower middle income,1998,129622332.0,175900627375.0,1357.024091921136,64.31343902,7678.118061,,,23.216,1.916,,,
Bangladesh,BGD,Asia,Lower middle income,1999,132108065.0,187794887949.0,1421.5247793463632,64.82658537,7539.426431,,,25.093,1.824,,,
Bangladesh,BGD,Asia,Lower middle income,2000,134544303.0,200824294390.0,1492.6257739058635,65.31973171,7441.243565,,,26.539,1.625,,,
Bangladesh,BGD,Asia,Lower middle income,2001,136805810.0,213164797419.0,1558.1560272842214,65.79034146,7310.582503,,47.4855,31.064,1.831,,,
Bangladesh,BGD,Asia,Lower middle income,2002,138933659.0,226285297151.0,1628.7291271224635,66.23990244,7128.079147,,,32.007,1.454,,,
Bangladesh,BGD,Asia,Lower middle income,2003,140970355.0,242325893842.0,1718.9847740824657,66.67092683,6840.64826,,,33.496,1.353,,,
Bangladesh,BGD,Asia,Lower middle income,2004,142902857.0,260372737862.0,1822.0261184981068,67.08597561,6505.724189,,,35.978,1.233,,4.31890916824341,
Bangladesh,BGD,Asia,Lower middle income,2005,144715789.0,280264340330.0,1936.653507310111,67.48956098,6165.390839,,,37.717,1.123,,4.60732221603394,
Bangladesh,BGD,Asia,Lower middle income,2006,146405983.0,303255436424.0,2071.3322653214245,67.88726829,5801.668609,,,41.726,1.051,,5.05227851867676,
Bangladesh,BGD,Asia,Lower middle income,2007,147989282.0,327072515722.0,2210.109484293599,68.28314634,5435.417354,,,42.675,1.037,,5.08285140991211,
Bangladesh,BGD,Asia,Lower middle income,2008,149474264.0,349461394439.0,2337.93688015082,68.68070732,5093.082403,,,45.341,1.224,,4.85848140716553,
Bangladesh,BGD,Asia,Lower middle income,2009,150873716.0,372693237092.0,2470.2330331149265,69.08192683,4804.189552,,,49.188,0.513,,4.98564910888672,
Bangladesh,BGD,Asia,Lower middle income,2010,152201978.0,400087800634.0,2628.663607998577,69.48580488,4584.047478,,,54.036,0.834,,4.7244439125061,
Bangladesh,BGD,Asia,Lower middle income,2011,153591074.0,431418704062.0,2808.878750740424,69.89180488,4414.132153,,,55.593,0.995,,4.66016101837158,
Bangladesh,BGD,Asia,Lower middle income,2012,155070110.0,458456647637.0,2956.447555476681,70.29485366,4190.874297,,,59.704,0.846,,4.63556480407715,
Bangladesh,BGD,Asia,Lower middle income,2013,156532134.0,486135250102.0,3105.6578459602424,70.69339024,3954.001233,,,64.763,0.813,,4.63347387313843,
Bangladesh,BGD,Asia,Lower middle income,2014,157964931.0,516793803718.0,3271.573003238295,,3760.884278,,60.575218,67.552,0.686,,4.5561408996582,
Bangladesh,BGD,Asia,Lower middle income,2015,159383179.0,552104723056.0,3464.008727395254,,3551.325037,,61.493832,76.946,0.793,,4.3097710609436,
Bangladesh,BGD,Asia,Lower middle income,2016,160811934.0,589932630231.0,3668.4630024473186,,3374.767187,,,81.761,0.74,,4.49921703338623,
Bangladesh,BGD,Asia,Lower middle income,2017,162186146.0,630957812405.0,3890.331128560142,,3186.298445,,,86.531,0.857,,5.11421680450439,
Bangladesh,BGD,Asia,Lower middle income,2018,163523109.0,678912369102.0,4151.7824193398865,,,,,86.608,0.708,,5.27998685836792,
Bangladesh,BGD,Asia,Lower middle income,2019,164913060.0,717214595514.0,4349.0466765579395,,,,,94.808,0.64,,5.0246000289917,
Bangladesh,BGD,Asia,Lower middle income,2020,166298024.0,754358367084.0,4536.183587388868,,,,,95.729,0.653,,5.15549993515015,
Bangladesh,BGD,Asia,Lower middle income,2021,167658855.0,807308397444.0,4815.184962607552,,,,,98.53,0.671,,,
Bangladesh,BGD,Asia,Lower middle income,2022,169384891.0,858143907016.0,5066.236439093024,,,,,102.147,0.693,,,
Bangladesh,BGD,Asia,Lower middle income,2023,171466986.0,,,,,,,104.527,0.79,,,
Barbados,BRB,Americas,High income,1990,258583.0,3404428000.0,13165.706949026038,70.87453659,1449.132916,,,1.037,,,,
Barbados,BRB,Americas,High income,1991,259382.0,3234507041.0,12470.052050643453,71.10943902,1354.75571,,,1.184,,,,
Barbados,BRB,Americas,High income,1992,260272.0,3028225649.0,11634.849883967541,71.33934146,1306.608921,,,1.164,,,,
Barbados,BRB,Americas,High income,1993,261036.0,3017396976.0,11559.313565944927,71.5642439,1282.746042,,,0.936,,,,
Barbados,BRB,Americas,High income,1994,261625.0,3045284405.0,11639.883057811754,71.78514634,1309.864655,,,0.94,,,,
Barbados,BRB,Americas,High income,1995,262046.0,3074994312.0,11734.55924532334,72.00104878,1324.196518,,,1.023,,,,
Barbados,BRB,Americas,High income,1996,262290.0,3163661977.0,12061.694982652789,72.21243902,1299.136534,,,1.05,,,,
Barbados,BRB,Americas,High income,1997,262405.0,3273617373.0,12475.438246222442,72.41982927,1254.806786,,,1.156,,,,
Barbados,BRB,Americas,High income,1998,262434.0,3356270425.0,12789.007617153266,72.62373171,1206.708747,,,1.228,,,,
Barbados,BRB,Americas,High income,1999,262521.0,3340959870.0,12726.448055584126,72.82360976,1159.372951,,,1.302,,,,
Barbados,BRB,Americas,High income,2000,262071.0,3452406154.0,13173.552792945424,73.0194878,1115.558758,,,1.309,,,,
Barbados,BRB,Americas,High income,2001,262429.0,3330849682.0,12692.38415723872,73.21287805,1074.078848,,,1.307,,,,
Barbados,BRB,Americas,High income,2002,264155.0,3319030722.0,12564.709060967993,73.4017561,1105.775184,,99.699997,1.317,,,,
Barbados,BRB,Americas,High income,2003,265789.0,3362359775.0,12650.485065220908,73.58765854,1174.643789,,,1.358,,,,
Barbados,BRB,Americas,High income,2004,267297.0,3369967163.0,12607.575704179246,73.77004878,1197.091129,,,1.387,,,,
Barbados,BRB,Americas,High income,2005,268717.0,3466246054.0,12899.243642940342,73.94895122,1240.831935,,,1.429,,,,
Barbados,BRB,Americas,High income,2006,270011.0,3622055423.0,13414.473569595313,74.12482927,1250.746227,,,1.471,,,,
Barbados,BRB,Americas,High income,2007,271298.0,3642717925.0,13426.99881679924,74.29721951,1200.783269,,,1.469,,,,
Barbados,BRB,Americas,High income,2008,272719.0,3618468400.0,13268.1199329713,74.46758537,1154.551905,,,1.733,,,,
Barbados,BRB,Americas,High income,2009,274137.0,3446882402.0,12573.575993025384,74.63543902,1138.936858,,,1.7,,,,
Barbados,BRB,Americas,High income,2010,275251.0,3418936167.0,12421.158023040789,74.80178049,1145.245853,,,1.567,,,,
Barbados,BRB,Americas,High income,2011,276150.0,3406690000.0,12336.375158428391,74.96714634,1156.637823,,,1.626,,,,
Barbados,BRB,Americas,High income,2012,276949.0,3415680000.0,12333.245471187836,75.13202439,1121.61393,,,1.554,,,,
Barbados,BRB,Americas,High income,2013,277669.0,3412801000.0,12290.896715153654,75.29641463,1127.12819,,,1.54,,,,
Barbados,BRB,Americas,High income,2014,278355.0,3416200000.0,12272.817086095094,,1133.637802,,,1.368,,,,
Barbados,BRB,Americas,High income,2015,278999.0,3448059000.0,12358.678704941594,,1131.778594,,,1.335,,,,
Barbados,BRB,Americas,High income,2016,279604.0,3528285767.0,12618.86728015336,,1124.075815,,,1.371,,,,
Barbados,BRB,Americas,High income,2017,280177.0,3554020089.0,12684.910213900499,,1116.610777,,,1.399,,,,
Barbados,BRB,Americas,High income,2018,280719.0,3526291932.0,12561.643251792719,,,,,1.447,,,,
Barbados,BRB,Americas,High income,2019,281216.0,3535586950.0,12572.495697257624,,,,,1.392,,,,
Barbados,BRB,Americas,High income,2020,281706.0,3085224475.0,10951.930292574529,,,,,1.256,,,,
Barbados,BRB,Americas,High income,2021,282157.0,3061072053.0,10848.825487228742,,,,,1.19,,,,
Barbados,BRB,Americas,High income,2022,282324.0,3408005977.0,12071.2584725351,,,,,1.315,,,,
Barbados,BRB,Americas,High income,2023,282347.0,,,,,,,1.317,,,,
Belarus,BLR,Europe,Upper middle income,1990,10186258.0,116974867000.0,11483.595546077862,70.83658537,1585.53823,,,108.459,0.012,,,
Belarus,BLR,Europe,Upper middle income,1991,10193889.0,114005544177.0,11183.71449571405,70.37804878,1566.907167,,,104.186,0.011,,,
Belarus,BLR,Europe,Upper middle income,1992,10217561.0,101880793628.0,9971.14611089672,70.02195122,1567.780815,,,93.597,0.012,,,
Belarus,BLR,Europe,Upper middle income,1993,10241320.0,93050209032.0,9085.763264110486,68.97073171,1573.404823,,,80.674,0.016,,,
Belarus,BLR,Europe,Upper middle income,1994,10230193.0,81212667307.0,7938.527387215471,68.76829268,1573.039852,,,67.99,0.019,,,
Belarus,BLR,Europe,Upper middle income,1995,10197466.0,71373341741.0,6999.125247487955,68.46097561,1569.603317,,,61.015,0.022,,,
Belarus,BLR,Europe,Upper middle income,1996,10164025.0,72504136402.0,7133.407916843967,68.61219512,1563.625018,,,61.844,0.017,,,
Belarus,BLR,Europe,Upper middle income,1997,10122365.0,79868071251.0,7890.257983287503,68.46097561,1547.91733,,,61.697,0.022,,,
Belarus,BLR,Europe,Upper middle income,1998,10080579.0,85602469015.0,8491.820659805355,68.40731707,1523.385443,,,60.184,0.031,,,
Belarus,BLR,Europe,Upper middle income,1999,10039221.0,87455010171.0,8711.334292869935,67.90731707,1489.659525,,99.590729,58.076,0.021,,,
Belarus,BLR,Europe,Upper middle income,2000,9991310.0,91419114455.0,9149.862676165589,68.91219512,1424.352126,,,55.014,0.029,,,
Belarus,BLR,Europe,Upper middle income,2001,9938068.0,94624119098.0,9521.37971867369,68.50731707,1351.394874,,,54.105,0.033,,,
Belarus,BLR,Europe,Upper middle income,2002,9873451.0,98263269227.0,9952.271928730897,68.05609756,1276.284049,,,53.944,0.031,,,
Belarus,BLR,Europe,Upper middle income,2003,9803175.0,103937865617.0,10602.469670999446,68.55365854,1205.121284,,,55.236,0.03,,,
Belarus,BLR,Europe,Upper middle income,2004,9735089.0,114486408721.0,11760.18100307044,68.95609756,1140.502288,,,58.373,0.032,,5.65764999389648,
Belarus,BLR,Europe,Upper middle income,2005,9667833.0,123858071551.0,12811.35819691962,68.85121951,1072.622217,,,59.396,0.035,,5.61697626113892,
Belarus,BLR,Europe,Upper middle income,2006,9608041.0,134673942572.0,14016.795158555215,69.40487805,994.0118806,,,61.809,0.034,,5.4633321762085,
Belarus,BLR,Europe,Upper middle income,2007,9563135.0,144615680573.0,15122.204232503253,70.20341463,913.5010003,,,60.276,0.047,,5.56413125991821,
Belarus,BLR,Europe,Upper middle income,2008,9529357.0,157577029170.0,16535.956116451507,70.45609756,838.1756528,,,62.931,0.097,,5.52592325210571,
Belarus,BLR,Europe,Upper middle income,2009,9507334.0,156010272888.0,16409.465880550742,70.40731707,783.0195598,,99.617058,60.628,0.193,,5.22530794143677,
Belarus,BLR,Europe,Upper middle income,2010,9490752.0,166239903113.0,17515.9885236702,70.40487805,724.1204993,,,62.515,0.252,,5.74904346466064,
Belarus,BLR,Europe,Upper middle income,2011,9472738.0,173120303880.0,18275.63518382964,70.55365854,670.8128766,,,61.353,0.244,,5.87646627426147,
Belarus,BLR,Europe,Upper middle income,2012,9463075.0,175940441074.0,18592.31180921635,71.96585366,623.7181457,,,62.592,0.257,,5.81240081787109,
Belarus,BLR,Europe,Upper middle income,2013,9464454.0,177632980571.0,18768.434034440867,72.47073171,588.5230338,,,64.152,0.305,,5.71890783309937,
Belarus,BLR,Europe,Upper middle income,2014,9472704.0,180627882895.0,19068.24945601594,,556.5129981,,,63.699,0.295,,5.17789936065674,
Belarus,BLR,Europe,Upper middle income,2015,9487289.0,173709821418.0,18309.742795650054,,527.1190606,,99.722038,58.828,0.346,,5.55291509628296,
Belarus,BLR,Europe,Upper middle income,2016,9499066.0,169304543676.0,17823.28322342428,,511.96092,,,58.188,0.405,,5.23376989364624,
Belarus,BLR,Europe,Upper middle income,2017,9495793.0,173606575679.0,18282.47263593467,,488.1843388,,,59.444,0.726,,5.82145309448242,
Belarus,BLR,Europe,Upper middle income,2018,9480031.0,179054352755.0,18887.528190044948,,,,,62.171,0.596,,,
Belarus,BLR,Europe,Upper middle income,2019,9435415.0,181643469714.0,19251.24329072966,,,,,62.171,0.723,,5.53350019454956,
Belarus,BLR,Europe,Upper middle income,2020,9350943.0,180420997693.0,19294.41743928928,,,,,59.123,0.943,,5.82149982452393,
Belarus,BLR,Europe,Upper middle income,2021,9251368.0,184521985376.0,19945.372984406196,,,,,60.861,1.106,,,
Belarus,BLR,Europe,Upper middle income,2022,9173240.0,175773799265.0,19161.582959237956,,,,,57.121,1.147,,,
Belarus,BLR,Europe,Upper middle income,2023,9115679.0,,,,,,,55.736,1.027,,,
Belgium,BEL,Europe,High income,1990,9960968.0,273278713941.0,27434.955512456218,76.05195122,833.4397226,,,120.335,0.265,,,
Belgium,BEL,Europe,High income,1991,9998962.0,278686606016.0,27871.553668870827,76.19219512,827.2715282,,,123.396,0.249,,,
Belgium,BEL,Europe,High income,1992,10045988.0,283358354426.0,28206.12113273478,76.35121951,797.9628837,,,122.519,0.283,,,
Belgium,BEL,Europe,High income,1993,10084932.0,281005275818.0,27863.874126072442,76.34536585,759.7340862,,,121.451,0.238,,,
Belgium,BEL,Europe,High income,1994,10116005.0,290433135887.0,28710.26021507502,76.69170732,711.3365445,,,124.833,0.265,,,
Belgium,BEL,Europe,High income,1995,10137264.0,297763645458.0,29373.176574862802,76.84073171,617.971085,,,125.969,0.294,,,
Belgium,BEL,Europe,High income,1996,10156972.0,302924438524.0,29824.286069115875,77.18731707,547.9015895,,,129.503,0.234,,,
Belgium,BEL,Europe,High income,1997,10181465.0,314576090803.0,30896.937798538816,77.37073171,541.6925053,,,124.017,0.241,,,
Belgium,BEL,Europe,High income,1998,10203185.0,321240211745.0,31484.307277090436,77.47317073,519.4836862,,,130.256,0.305,,,
Belgium,BEL,Europe,High income,1999,10226681.0,333121577520.0,32573.77222580816,77.6195122,494.3758644,,,124.719,0.348,,,
Belgium,BEL,Europe,High income,2000,10251719.0,345706865981.0,33721.84372016049,77.72195122,493.2572437,,,126.776,0.418,,,
Belgium,BEL,Europe,High income,2001,10287005.0,349015220419.0,33927.777853612395,77.97317073,470.7696538,,,126.085,0.434,,,
Belgium,BEL,Europe,High income,2002,10332975.0,355705534550.0,34424.309993007824,78.07560976,449.3695287,,,126.883,0.465,,,
Belgium,BEL,Europe,High income,2003,10376262.0,358937085300.0,34592.13783345101,78.12926829,439.7836699,,99.0,128.292,0.473,,7.26229047775269,
Belgium,BEL,Europe,High income,2004,10421298.0,372499172102.0,35744.028440794995,78.87804878,411.7003147,,,128.812,0.589,,,
Belgium,BEL,Europe,High income,2005,10478883.0,380840056202.0,36343.573661620234,78.9804878,413.8735809,,,125.658,0.844,,7.21883964538574,
Belgium,BEL,Europe,High income,2006,10548445.0,390874955040.0,37055.22046519653,79.3804878,412.7985454,,,123.9,1.178,,7.11659097671509,
Belgium,BEL,Europe,High income,2007,10625488.0,404721960651.0,38089.72921064896,79.78292683,408.8405414,,,120.493,1.378,,,
Belgium,BEL,Europe,High income,2008,10709711.0,408290544814.0,38123.39518909521,79.6804878,380.6923659,,,120.204,1.718,,6.85351419448853,
Belgium,BEL,Europe,High income,2009,10812936.0,399489943721.0,36945.557036590246,79.98292683,362.8268872,,,107.807,2.494,,7.11136388778687,
Belgium,BEL,Europe,High income,2010,10936619.0,411261674695.0,37604.096356927126,80.23414634,358.013779,,,114.563,3.125,,6.93512201309204,
Belgium,BEL,Europe,High income,2011,11038624.0,420934235947.0,38132.85387263847,80.58536585,346.2362756,,,105.159,3.983,,7.10366106033325,
Belgium,BEL,Europe,High income,2012,11107522.0,424045845634.0,38176.45786648003,80.38536585,359.9655329,,,102.486,4.996,,6.85532903671265,
Belgium,BEL,Europe,High income,2013,11160277.0,425993254852.0,38170.49118512023,80.38536585,344.3612578,,,102.816,5.28,,6.90421915054321,
Belgium,BEL,Europe,High income,2014,11210113.0,432717694183.0,38600.65408644855,,327.828154,,,97.081,5.938,,6.94893646240234,
Belgium,BEL,Europe,High income,2015,11275332.0,441551470878.0,39160.839865114394,,315.1798042,,,101.327,6.551,,6.92834758758545,
Belgium,BEL,Europe,High income,2016,11332707.0,447144517813.0,39456.10857255905,,302.7745881,,,99.816,6.264,,6.89217185974121,
Belgium,BEL,Europe,High income,2017,11376583.0,454386396677.0,39940.49853782986,,296.4014971,,,99.282,6.819,,6.7721381187439,
Belgium,BEL,Europe,High income,2018,11428608.0,462533269863.0,40471.53160411137,,,,,100.256,7.262,,6.83876085281372,
Belgium,BEL,Europe,High income,2019,11490623.0,472897988852.0,41155.121776425876,,,,,99.799,7.77,,6.83400011062622,
Belgium,BEL,Europe,High income,2020,11540102.0,447544069854.0,38781.639005790414,,,,,91.255,10.457,,6.80499982833862,
Belgium,BEL,Europe,High income,2021,11570843.0,474995824355.0,41051.09924618284,,,,,94.928,9.202,,,
Belgium,BEL,Europe,High income,2022,11641814.0,489678394377.0,42062.03555365169,,,,,88.915,10.436,,,
Belgium,BEL,Europe,High income,2023,11712891.0,,,,,,,84.703,12.149,,,
Belize,BLZ,Americas,Upper middle income,1990,183090.0,,,71.1812439,2912.531589,,,0.311,,,,
Belize,BLZ,Americas,Upper middle income,1991,187056.0,,,70.98195122,2738.128753,,70.298424,0.407,,,,
Belize,BLZ,Americas,Upper middle income,1992,190995.0,,,70.75004878,2583.354102,,,0.355,,,,
Belize,BLZ,Americas,Upper middle income,1993,194916.0,,,70.51660976,2476.938758,,,0.377,,,,
Belize,BLZ,Americas,Upper middle income,1994,199101.0,,,70.3047561,2363.477441,,,0.374,,,,
Belize,BLZ,Americas,Upper middle income,1995,204165.0,,,70.14468293,2308.778635,,,0.377,,,,
Belize,BLZ,Americas,Upper middle income,1996,210321.0,,,70.06214634,2310.3796,,,0.308,,,,
Belize,BLZ,Americas,Upper middle income,1997,217459.0,,,70.06192683,2306.067182,,,0.388,,,,
Belize,BLZ,Americas,Upper middle income,1998,225186.0,,,70.14378049,2320.653693,,,0.37,,,,
Belize,BLZ,Americas,Upper middle income,1999,233066.0,,,70.30639024,2245.312503,,,0.348,,,,
Belize,BLZ,Americas,Upper middle income,2000,240809.0,,,70.53904878,2198.607767,,,0.396,,,,
Belize,BLZ,Americas,Upper middle income,2001,248393.0,,,70.82443902,2108.250185,,,0.447,,,,
Belize,BLZ,Americas,Upper middle income,2002,256019.0,,,71.13695122,2002.888624,,,0.432,,,,
Belize,BLZ,Americas,Upper middle income,2003,263794.0,,,71.45339024,1917.383493,,,0.432,,,,
Belize,BLZ,Americas,Upper middle income,2004,271695.0,,,71.7594878,1862.25985,,,0.392,,,,
Belize,BLZ,Americas,Upper middle income,2005,279747.0,,,72.04631707,1824.469143,,,0.418,,,6.45064449310303,
Belize,BLZ,Americas,Upper middle income,2006,287889.0,,,72.31236585,1805.031048,,,0.443,,,,
Belize,BLZ,Americas,Upper middle income,2007,296117.0,,,72.56373171,1778.304292,,,0.473,,,,
Belize,BLZ,Americas,Upper middle income,2008,304373.0,,,72.80770732,1765.843275,,,0.432,,,,
Belize,BLZ,Americas,Upper middle income,2009,312619.0,,,73.0432439,1776.014588,,,0.513,,,,
Belize,BLZ,Americas,Upper middle income,2010,320256.0,,,73.2704878,1765.343096,,,0.539,,,,
Belize,BLZ,Americas,Upper middle income,2011,327306.0,,,73.48780488,1771.706135,,,0.572,,,,
Belize,BLZ,Americas,Upper middle income,2012,334421.0,,,73.69914634,1718.282222,,,0.473,,,5.95564651489258,
Belize,BLZ,Americas,Upper middle income,2013,341635.0,,,73.90487805,1713.006802,,,0.473,,,,
Belize,BLZ,Americas,Upper middle income,2014,348934.0,,,,1679.24186,,,0.502,,,,
Belize,BLZ,Americas,Upper middle income,2015,356341.0,,,,1689.630479,,82.776817,0.685,,,,
Belize,BLZ,Americas,Upper middle income,2016,364717.0,,,,1698.233475,,,0.674,,,,
Belize,BLZ,Americas,Upper middle income,2017,373215.0,,,,1652.2555,,,0.667,,,,
Belize,BLZ,Americas,Upper middle income,2018,380232.0,,,,,,,0.66,,,,
Belize,BLZ,Americas,Upper middle income,2019,385833.0,,,,,,,0.769,,,,
Belize,BLZ,Americas,Upper middle income,2020,390819.0,,,,,,,0.654,,,,
Belize,BLZ,Americas,Upper middle income,2021,395355.0,,,,,,,0.694,,,,
Belize,BLZ,Americas,Upper middle income,2022,402741.0,,,,,,,0.724,,,,
Belize,BLZ,Americas,Upper middle income,2023,411112.0,,,,,,,0.766,,,,
Benin,BEN,Africa,Lower middle income,1990,5281482.0,8723574620.0,1651.7285527054717,53.42,9945.40668,,,0.579,,,,
Benin,BEN,Africa,Lower middle income,1991,5446935.0,9020546630.0,1656.0775243324915,53.93570732,9757.547497,,,0.62,,,,
Benin,BEN,Africa,Lower middle income,1992,5617847.0,9209668142.0,1639.3590181434276,54.32702439,9422.359367,,27.245251,0.671,,,,
Benin,BEN,Africa,Lower middle income,1993,5872707.0,9663859223.0,1645.5544645765574,54.59497561,9167.80632,,,0.807,,,,
Benin,BEN,Africa,Lower middle income,1994,6096510.0,9706566478.0,1592.1513255944794,54.75007317,8970.753228,,,0.912,,,,
Benin,BEN,Africa,Lower middle income,1995,6226775.0,10500460878.0,1686.3401805910764,54.81595122,8689.035707,,,0.956,,,,
Benin,BEN,Africa,Lower middle income,1996,6391861.0,10810469226.0,1691.2866575164885,54.83180488,8508.801224,,,1.184,,,,
Benin,BEN,Africa,Lower middle income,1997,6583375.0,11307899196.0,1717.6447029069436,54.84231707,8249.264046,,,1.224,,,,
Benin,BEN,Africa,Lower middle income,1998,6789492.0,11647427795.0,1715.5079930869645,54.89014634,8034.8459,,,1.114,,,,
Benin,BEN,Africa,Lower middle income,1999,7002818.0,12157431164.0,1736.076985579234,54.99878049,7813.14991,,,1.462,,,,
Benin,BEN,Africa,Lower middle income,2000,7221618.0,12746225376.0,1765.009638560223,55.1882439,7639.001343,,,1.473,,,,
Benin,BEN,Africa,Lower middle income,2001,7445599.0,13306904218.0,1787.2174176986969,55.4664878,7561.220479,,,1.689,,,,
Benin,BEN,Africa,Lower middle income,2002,7675430.0,13793055302.0,1797.0400748883123,55.81431707,7293.722927,,34.657848,2.11,,,,
Benin,BEN,Africa,Lower middle income,2003,7913074.0,14127733603.0,1785.3660414397743,56.20807317,7087.933278,,,2.394,,,,
Benin,BEN,Africa,Lower middle income,2004,8159098.0,14599811664.0,1789.3904036941337,56.63317073,6913.143112,,,2.594,,,3.32980155944824,
Benin,BEN,Africa,Lower middle income,2005,8426145.0,14703566396.0,1744.9932793703408,57.06697561,6784.607888,,,2.49,,,,
Benin,BEN,Africa,Lower middle income,2006,8693243.0,15130030225.0,1740.4356722801836,57.48687805,6703.072469,,28.70211,3.351,,,3.66713953018188,
Benin,BEN,Africa,Lower middle income,2007,8953973.0,15874980420.0,1772.953796041154,57.87387805,6635.128421,,,3.931,,,,
Benin,BEN,Africa,Lower middle income,2008,9228468.0,16519715795.0,1790.0821452704827,58.216,6545.574408,,,3.919,,,,
Benin,BEN,Africa,Lower middle income,2009,9509431.0,16780073808.0,1764.5718032971688,58.5067561,6476.354384,,,4.225,,,3.87027955055237,
Benin,BEN,Africa,Lower middle income,2010,9797488.0,17023196060.0,1737.506191382934,58.74668293,6411.567744,,,4.679,,,3.19346880912781,
Benin,BEN,Africa,Lower middle income,2011,10093626.0,17416238625.0,1725.4689865663736,58.94490244,6327.602328,,,4.48,,,3.47941279411316,
Benin,BEN,Africa,Lower middle income,2012,10397659.0,18305935000.0,1760.582358009625,59.1194878,6274.515743,,,4.403,,,3.34741926193237,
Benin,BEN,Africa,Lower middle income,2013,10708831.0,19651418479.0,1835.0666360315145,59.28756098,6153.930356,,,4.566,,,3.62466430664062,
Benin,BEN,Africa,Lower middle income,2014,11030008.0,21043177203.0,1907.8115993206895,,6006.193578,,,4.774,,,4.00735759735107,
Benin,BEN,Africa,Lower middle income,2015,11360681.0,22279707949.0,1961.1243330395423,,5805.278254,,38.44714,5.318,,,4.85318088531494,
Benin,BEN,Africa,Lower middle income,2016,11697845.0,23134706997.0,1977.6896511280497,,5612.584881,,,5.311,,,5.81982707977295,
Benin,BEN,Africa,Lower middle income,2017,12039777.0,24568275710.0,2040.5922559861367,,5390.388716,,,5.555,,,4.97636079788208,
Benin,BEN,Africa,Lower middle income,2018,12383349.0,26346543293.0,2127.5781933465655,,,,,5.668,,,4.40774583816528,
Benin,BEN,Africa,Lower middle income,2019,12726760.0,28155410176.0,2212.2999236254946,,,,,5.273,,32.21,5.04519987106323,
Benin,BEN,Africa,Lower middle income,2020,13070169.0,29239039610.0,2237.081984938374,,,,,5.541,,,4.62319993972778,
Benin,BEN,Africa,Lower middle income,2021,13413423.0,31331235336.0,2335.81206944715,,,,,5.806,,,,
Benin,BEN,Africa,Lower middle income,2022,13759507.0,33290362034.0,2419.444390994532,,,,,6.092,,,,
Benin,BEN,Africa,Lower middle income,2023,14111035.0,,,,,,,5.928,,,,
Bermuda,BMU,Americas,Not classified,1990,57584.0,,,,790.7781405,,,0.502,,,,
Bermuda,BMU,Americas,Not classified,1991,58007.0,,,74.0295122,747.9813842,,,0.539,,,,
Bermuda,BMU,Americas,Not classified,1992,58430.0,,,,714.3931816,,,0.462,,,,
Bermuda,BMU,Americas,Not classified,1993,58834.0,,,,672.6422597,,,0.539,,,,
Bermuda,BMU,Americas,Not classified,1994,59214.0,,,,634.7820565,,,0.531,,,,
Bermuda,BMU,Americas,Not classified,1995,59549.0,,,,578.1710693,,,0.531,,,,
Bermuda,BMU,Americas,Not classified,1996,59836.0,,,,514.7270181,,,0.528,,,,
Bermuda,BMU,Americas,Not classified,1997,60194.0,,,,457.8704599,,,0.524,,,,
Bermuda,BMU,Americas,Not classified,1998,60659.0,,,,408.734901,,,0.52,,,,
Bermuda,BMU,Americas,Not classified,1999,61142.0,,,,403.6116356,,,0.513,,,,
Bermuda,BMU,Americas,Not classified,2000,61569.0,,,77.88536585,403.4741948,,,0.517,,,,
Bermuda,BMU,Americas,Not classified,2001,61887.0,,,77.88536585,394.4859034,,,0.528,,,,
Bermuda,BMU,Americas,Not classified,2002,62163.0,,,78.08780488,380.6439617,,,0.557,,,,
Bermuda,BMU,Americas,Not classified,2003,62405.0,,,78.33414634,379.590445,,,0.561,,,,
Bermuda,BMU,Americas,Not classified,2004,62576.0,,,78.48536585,381.4595926,,,0.583,,,,
Bermuda,BMU,Americas,Not classified,2005,62730.0,,,78.68536585,398.1322909,,98.0,0.583,,,,
Bermuda,BMU,Americas,Not classified,2006,62855.0,,,78.88780488,402.9019167,,,0.656,,,,
Bermuda,BMU,Americas,Not classified,2007,63030.0,,,78.93414634,396.8012535,,,0.729,,,,
Bermuda,BMU,Americas,Not classified,2008,63319.0,,,79.23658537,387.4398305,,,0.645,,,,
Bermuda,BMU,Americas,Not classified,2009,63587.0,,,79.38843902,377.4055315,,,0.473,,,,
Bermuda,BMU,Americas,Not classified,2010,63748.0,,,79.28853659,368.5646206,,,0.605,,,,
Bermuda,BMU,Americas,Not classified,2011,63753.0,,,81.15268293,365.0461661,,,0.443,,,,
Bermuda,BMU,Americas,Not classified,2012,63665.0,,,81.67780488,363.5724064,,,0.366,,,,
Bermuda,BMU,Americas,Not classified,2013,63593.0,,,80.57243902,372.1428647,,,0.535,,,,
Bermuda,BMU,Americas,Not classified,2014,63551.0,,,,376.2376049,,,0.667,,,,
Bermuda,BMU,Americas,Not classified,2015,63482.0,,,,381.4595645,,,0.542,,,,
Bermuda,BMU,Americas,Not classified,2016,63466.0,,,,375.60851,,,0.616,,,,
Bermuda,BMU,Americas,Not classified,2017,63603.0,,,,369.7922125,,,0.641,,,,
Bermuda,BMU,Americas,Not classified,2018,63852.0,,,,,,,0.696,,,,
Bermuda,BMU,Americas,Not classified,2019,64130.0,,,,,,,0.594,,,,
Bermuda,BMU,Americas,Not classified,2020,64404.0,,,,,,,0.436,,,,
Bermuda,BMU,Americas,Not classified,2021,64672.0,,,,,,,0.517,,,,
Bermuda,BMU,Americas,Not classified,2022,64772.0,,,,,,,0.531,,,,
Bermuda,BMU,Americas,Not classified,2023,64721.0,,,,,,,0.53,,,,
Bhutan,BTN,Asia,Lower middle income,1990,589295.0,,,52.46431707,7881.187924,,,0.186,,,,
Bhutan,BTN,Asia,Lower middle income,1991,599789.0,,,53.26241463,8337.784573,,,0.186,,,,
Bhutan,BTN,Asia,Lower middle income,1992,577780.0,,,54.0644878,8898.413258,,,0.215,,,,
Bhutan,BTN,Asia,Lower middle income,1993,554680.0,,,54.86556098,8797.612766,,,0.182,,,,
Bhutan,BTN,Asia,Lower middle income,1994,554509.0,,,55.66360976,8601.932464,,,0.212,,,,
Bhutan,BTN,Asia,Lower middle income,1995,547995.0,,,56.45465854,8146.41459,,,0.249,,,,
Bhutan,BTN,Asia,Lower middle income,1996,548792.0,,,57.23770732,7746.734878,,,0.298,,,,
Bhutan,BTN,Asia,Lower middle income,1997,558698.0,,,58.0127561,7312.551208,,,0.39,,,,
Bhutan,BTN,Asia,Lower middle income,1998,569439.0,,,58.77929268,6945.435967,,,0.385,,,,
Bhutan,BTN,Asia,Lower middle income,1999,582589.0,,,59.53780488,6645.307489,,,0.386,,,,
Bhutan,BTN,Asia,Lower middle income,2000,596871.0,,,60.29080488,6368.733366,,,0.397,,,,
Bhutan,BTN,Asia,Lower middle income,2001,610801.0,,,61.0447561,6066.213481,,,0.464,,,,
Bhutan,BTN,Asia,Lower middle income,2002,624417.0,,,61.80019512,5793.126544,,,0.494,,,,
Bhutan,BTN,Asia,Lower middle income,2003,637667.0,,,62.55412195,5535.888714,,,0.494,,,,
Bhutan,BTN,Asia,Lower middle income,2004,650559.0,,,63.3005122,5312.953351,,,0.436,,,,
Bhutan,BTN,Asia,Lower middle income,2005,661875.0,,,64.02641463,5099.029708,,52.81469,0.546,,,,
Bhutan,BTN,Asia,Lower middle income,2006,670803.0,,,64.71831707,4818.684139,,,0.411,,,,
Bhutan,BTN,Asia,Lower middle income,2007,678643.0,,,65.36573171,4474.524152,,,0.397,,,,
Bhutan,BTN,Asia,Lower middle income,2008,686359.0,,,65.96268293,4118.427085,,,0.646,,,,
Bhutan,BTN,Asia,Lower middle income,2009,693994.0,,,66.50768293,3756.97115,,,0.683,,,,
Bhutan,BTN,Asia,Lower middle income,2010,701638.0,,,67.00468293,3405.425405,,,0.905,,,,
Bhutan,BTN,Asia,Lower middle income,2011,709387.0,,,67.46073171,3087.440501,,,1.007,,,5.569091796875,
Bhutan,BTN,Asia,Lower middle income,2012,717288.0,,,67.88926829,2832.906709,,57.0336,1.15,,,4.9385781288147,
Bhutan,BTN,Asia,Lower middle income,2013,725282.0,,,68.30231707,2634.547369,,,1.269,,,5.08212852478027,
Bhutan,BTN,Asia,Lower middle income,2014,733151.0,,,,2464.706426,,,1.332,,,,
Bhutan,BTN,Asia,Lower middle income,2015,740623.0,,,,2309.931903,,63.906818,1.434,,,,
Bhutan,BTN,Asia,Lower middle income,2016,747878.0,,,,2177.57344,,,1.56,,,,
Bhutan,BTN,Asia,Lower middle income,2017,754343.0,,,,2072.8343,,,1.649,,,,
Bhutan,BTN,Asia,Lower middle income,2018,759766.0,,,,,,,1.682,,,,
Bhutan,BTN,Asia,Lower middle income,2019,764830.0,,,,,,,1.565,,,,
Bhutan,BTN,Asia,Lower middle income,2020,770013.0,,,,,,,1.214,,,,
Bhutan,BTN,Asia,Lower middle income,2021,775450.0,,,,,,,1.455,,,,
Bhutan,BTN,Asia,Lower middle income,2022,780921.0,,,,,,,1.55,,,,
Bhutan,BTN,Asia,Lower middle income,2023,786386.0,,,,,,,1.63,,,,
Bolivia,BOL,Americas,Lower middle income,1990,7130143.0,23021797458.0,3228.798841481861,58.77858537,7733.510679,,,10.018,,,,
Bolivia,BOL,Americas,Lower middle income,1991,7280294.0,24300991136.0,3337.9134326168696,59.30241463,7368.392645,,,10.506,,,,
Bolivia,BOL,Americas,Lower middle income,1992,7430337.0,24762215565.0,3332.5831069304127,59.79297561,7190.02458,,79.991768,11.025,,,,
Bolivia,BOL,Americas,Lower middle income,1993,7579196.0,25872205207.0,3413.5817581442675,60.25178049,6928.846383,,,11.562,,,,
Bolivia,BOL,Americas,Lower middle income,1994,7727320.0,27129137815.0,3510.8081217032554,60.68290244,6623.505611,,,9.65,,,,
Bolivia,BOL,Americas,Lower middle income,1995,7874676.0,28456929800.0,3613.7270663580316,61.09087805,6337.091239,,,9.029,,,,
Bolivia,BOL,Americas,Lower middle income,1996,8021742.0,29770158709.0,3711.1837689369713,61.48029268,6052.1162,,,10.027,,,,
Bolivia,BOL,Americas,Lower middle income,1997,8167911.0,31321344983.0,3834.6824522206475,61.85721951,5795.305643,,,11.733,,,,
Bolivia,BOL,Americas,Lower middle income,1998,8313400.0,32973947605.0,3966.3612487069067,62.22621951,5541.425895,,,11.264,,,,
Bolivia,BOL,Americas,Lower middle income,1999,8459810.0,33199090219.0,3924.3304777530466,62.59182927,5302.010598,,,10.95,,,,
Bolivia,BOL,Americas,Lower middle income,2000,8606330.0,34126236477.0,3965.2484249383883,62.95460976,5084.235373,,,8.442,,,,
Bolivia,BOL,Americas,Lower middle income,2001,8752740.0,34794954024.0,3975.3213306918747,63.31553659,4933.039959,,86.723671,8.752,,,,
Bolivia,BOL,Americas,Lower middle income,2002,8900358.0,35770128530.0,4018.9539038766757,63.67160976,4836.338348,,,10.415,,,,
Bolivia,BOL,Americas,Lower middle income,2003,9050703.0,36849589696.0,4071.4615976239634,64.02026829,4765.564617,,,10.983,,,,
Bolivia,BOL,Americas,Lower middle income,2004,9204297.0,38518211935.0,4184.807588781631,64.3635122,4703.935794,,,11.051,,,5.37398624420166,
Bolivia,BOL,Americas,Lower middle income,2005,9360758.0,40366066215.0,4312.264692132838,64.70078049,4589.351063,,,12.337,,,5.62841939926147,
Bolivia,BOL,Americas,Lower middle income,2006,9521685.0,42467223163.0,4460.053358517951,65.03309756,4398.109551,,,12.369,,,5.29787254333496,
Bolivia,BOL,Americas,Lower middle income,2007,9685960.0,44577390720.0,4602.268718846661,65.36190244,4144.830597,,90.743469,12.74,,,6.08557939529419,
Bolivia,BOL,Americas,Lower middle income,2008,9850859.0,47500614555.0,4821.97690120222,65.68570732,3806.345242,,90.698112,13.028,,,5.78062009811401,
Bolivia,BOL,Americas,Lower middle income,2009,10016279.0,49290119749.0,4921.001077246351,66.00546341,3503.087927,,91.167831,13.633,,,5.77887439727783,
Bolivia,BOL,Americas,Lower middle income,2010,10182345.0,51541502268.0,5061.84992435436,66.31970732,3237.107827,,,14.809,,,6.0188946723938,
Bolivia,BOL,Americas,Lower middle income,2011,10348931.0,54437027542.0,5260.159483332143,66.62692683,3004.125832,,92.226151,16.051,,,5.76742887496948,
Bolivia,BOL,Americas,Lower middle income,2012,10515814.0,57225289193.0,5441.831625492805,66.92663415,2791.539993,,94.460571,17.575,,,5.8647985458374,
Bolivia,BOL,Americas,Lower middle income,2013,10682612.0,61114326124.0,5720.916019789916,67.21736585,2600.963042,,,17.778,,,5.83432912826538,
Bolivia,BOL,Americas,Lower middle income,2014,10848889.0,64451770571.0,5940.8636747043865,,2428.591682,,,19.9,,,5.76972341537476,
Bolivia,BOL,Americas,Lower middle income,2015,11014707.0,67582198248.0,6135.632863225504,,2294.224148,,95.141922,19.9,,,5.65055274963379,
Bolivia,BOL,Americas,Lower middle income,2016,11180020.0,70463901130.0,6302.663244788471,,2204.564978,,,21.25,,,5.91573429107666,
Bolivia,BOL,Americas,Lower middle income,2017,11344591.0,73419862854.0,6471.794607139209,,2118.418775,,,22.182,,,5.67427062988281,
Bolivia,BOL,Americas,Lower middle income,2018,11508370.0,76521114837.0,6649.170546046052,,,,,22.509,,,5.55925893783569,
Bolivia,BOL,Americas,Lower middle income,2019,11671386.0,78217588630.0,6701.653825004159,,,,,22.609,,,5.71589994430542,
Bolivia,BOL,Americas,Lower middle income,2020,11816301.0,71382934039.0,6041.055829485048,,,,,18.32,,,5.60029983520508,
Bolivia,BOL,Americas,Lower middle income,2021,11937369.0,75741579784.0,6344.914007768379,,,,,21.767,,,,
Bolivia,BOL,Americas,Lower middle income,2022,12077156.0,78165311428.0,6472.162107370312,,,,,23.488,,,,
Bolivia,BOL,Americas,Lower middle income,2023,12244161.0,,,,,,,24.621,,,,
Bonaire Sint Eustatius and Saba,BES,Americas,Not classified,1990,12958.0,,,,,,,0.089,,,,
Bonaire Sint Eustatius and Saba,BES,Americas,Not classified,1991,13070.0,,,,,,,0.071,,,,
Bonaire Sint Eustatius and Saba,BES,Americas,Not classified,1992,13186.0,,,,,,,0.059,,,,
Bonaire Sint Eustatius and Saba,BES,Americas,Not classified,1993,13297.0,,,,,,,0.091,,,,
Bonaire Sint Eustatius and Saba,BES,Americas,Not classified,1994,13407.0,,,,,,,0.087,,,,
Bonaire Sint Eustatius and Saba,BES,Americas,Not classified,1995,13531.0,,,,,,,0.086,,,,
Bonaire Sint Eustatius and Saba,BES,Americas,Not classified,1996,13670.0,,,,,,,0.081,,,,
Bonaire Sint Eustatius and Saba,BES,Americas,Not classified,1997,13812.0,,,,,,,0.084,,,,
Bonaire Sint Eustatius and Saba,BES,Americas,Not classified,1998,13959.0,,,,,,,0.005,,,,
Bonaire Sint Eustatius and Saba,BES,Americas,Not classified,1999,14101.0,,,,,,,0.035,,,,
Bonaire Sint Eustatius and Saba,BES,Americas,Not classified,2000,14256.0,,,,,,,0.093,,,,
Bonaire Sint Eustatius and Saba,BES,Americas,Not classified,2001,14526.0,,,,,,,0.094,,,,
Bonaire Sint Eustatius and Saba,BES,Americas,Not classified,2002,15033.0,,,,,,,0.091,,,,
Bonaire Sint Eustatius and Saba,BES,Americas,Not classified,2003,15666.0,,,,,,,0.091,,,,
Bonaire Sint Eustatius and Saba,BES,Americas,Not classified,2004,16330.0,,,,,,,0.095,,,,
Bonaire Sint Eustatius and Saba,BES,Americas,Not classified,2005,17002.0,,,,,,,0.095,,,,
Bonaire Sint Eustatius and Saba,BES,Americas,Not classified,2006,17701.0,,,,,,,0.099,,,,
Bonaire Sint Eustatius and Saba,BES,Americas,Not classified,2007,18408.0,,,,,,,0.111,,,,
Bonaire Sint Eustatius and Saba,BES,Americas,Not classified,2008,19118.0,,,,,,,0.107,,,,
Bonaire Sint Eustatius and Saba,BES,Americas,Not classified,2009,19847.0,,,,,,,0.109,,,,
Bonaire Sint Eustatius and Saba,BES,Americas,Not classified,2010,20583.0,,,,,,,0.075,,,,
Bonaire Sint Eustatius and Saba,BES,Americas,Not classified,2011,21650.0,,,,,,,0.096,,,,
Bonaire Sint Eustatius and Saba,BES,Americas,Not classified,2012,22847.0,,,,,,,0.117,,,,
Bonaire Sint Eustatius and Saba,BES,Americas,Not classified,2013,23835.0,,,,,,,0.114,,,,
Bonaire Sint Eustatius and Saba,BES,Americas,Not classified,2014,24491.0,,,,,,,0.117,,,,
Bonaire Sint Eustatius and Saba,BES,Americas,Not classified,2015,24638.0,,,,,,,0.128,,,,
Bonaire Sint Eustatius and Saba,BES,Americas,Not classified,2016,24567.0,,,,,,,0.132,,,,
Bonaire Sint Eustatius and Saba,BES,Americas,Not classified,2017,24821.0,,,,,,,0.139,,,,
Bonaire Sint Eustatius and Saba,BES,Americas,Not classified,2018,25184.0,,,,,,,0.132,,,,
Bonaire Sint Eustatius and Saba,BES,Americas,Not classified,2019,25652.0,,,,,,,0.139,,,,
Bonaire Sint Eustatius and Saba,BES,Americas,Not classified,2020,26476.0,,,,,,,0.132,,,,
Bonaire Sint Eustatius and Saba,BES,Americas,Not classified,2021,27347.0,,,,,,,0.139,,,,
Bonaire Sint Eustatius and Saba,BES,Americas,Not classified,2022,28654.0,,,,,,,0.147,,,,
Bonaire Sint Eustatius and Saba,BES,Americas,Not classified,2023,29920.0,,,,,,,0.146,,,,
Bosnia and Herzegovina,BIH,Europe,Upper middle income,1990,4448658.0,26068545854.0,5859.867369889976,67.44639024,1422.430582,,,19.872,,,,
Bosnia and Herzegovina,BIH,Europe,Upper middle income,1991,4458350.0,22759463465.0,5104.907300907286,66.37626829,1358.44678,,87.82251,14.06,,,,
Bosnia and Herzegovina,BIH,Europe,Upper middle income,1992,4234620.0,16213891161.0,3828.8892890035,65.84321951,1665.229394,,,15.029,,,,
Bosnia and Herzegovina,BIH,Europe,Upper middle income,1993,3904484.0,11077007356.0,2836.9964778956705,65.99378049,1761.151598,,,12.581,,,,
Bosnia and Herzegovina,BIH,Europe,Upper middle income,1994,3725412.0,11242944737.0,3017.906405251285,66.83346341,1730.99189,,,3.205,,,,
Bosnia and Herzegovina,BIH,Europe,Upper middle income,1995,3715565.0,11770817203.0,3167.9750463253904,68.22926829,1935.652745,,,3.406,,,,
Bosnia and Herzegovina,BIH,Europe,Upper middle income,1996,3875246.0,17934743605.0,4628.027125245726,69.93512195,1622.215751,,,4.24,,,,
Bosnia and Herzegovina,BIH,Europe,Upper middle income,1997,4018228.0,21766878558.0,5417.0342145841405,71.62219512,1306.742278,,,8.366,,,,
Bosnia and Herzegovina,BIH,Europe,Upper middle income,1998,4089357.0,24470419886.0,5983.928496827251,73.03295122,1082.345121,,,10.551,,,,
Bosnia and Herzegovina,BIH,Europe,Upper middle income,1999,4130312.0,26775071100.0,6482.578337907645,74.05956098,923.3737281,,,10.333,,,,
Bosnia and Herzegovina,BIH,Europe,Upper middle income,2000,4159785.0,27629709487.0,6642.100369850846,74.66917073,916.925892,,96.663101,13.702,,,,
Bosnia and Herzegovina,BIH,Europe,Upper middle income,2001,4179446.0,27937499205.0,6684.4981858839665,74.92109756,816.5464389,,,13.263,,,,
Bosnia and Herzegovina,BIH,Europe,Upper middle income,2002,4188006.0,28997438498.0,6923.924774224297,74.98714634,867.854366,,,14.173,,,,
Bosnia and Herzegovina,BIH,Europe,Upper middle income,2003,4178523.0,29748999379.0,7119.501167996443,75.0104878,725.1507983,,,14.358,,,,
Bosnia and Herzegovina,BIH,Europe,Upper middle income,2004,4140990.0,31229543774.0,7541.564643720463,75.04107317,638.4128376,,,15.462,,,,
Bosnia and Herzegovina,BIH,Europe,Upper middle income,2005,4096493.0,32159580501.0,7850.515184817843,75.11239024,631.5362315,,,16.046,,,4.89980697631836,
Bosnia and Herzegovina,BIH,Europe,Upper middle income,2006,4063269.0,33580206309.0,8264.33256301761,75.23095122,635.8065971,,,17.387,,,,
Bosnia and Herzegovina,BIH,Europe,Upper middle income,2007,4013420.0,35158268243.0,8760.176668028764,75.3704878,585.7775035,,,17.474,,,4.96347713470459,
Bosnia and Herzegovina,BIH,Europe,Upper middle income,2008,3947545.0,36676627730.0,9290.996741012452,75.51097561,594.3850041,,,19.955,,,4.66851758956909,
Bosnia and Herzegovina,BIH,Europe,Upper middle income,2009,3879798.0,35937393954.0,9262.697169801108,75.65587805,570.8356367,,,20.537,,,4.99467086791992,
Bosnia and Herzegovina,BIH,Europe,Upper middle income,2010,3811480.0,35774435069.0,9385.969510268977,75.80668293,563.3034182,,,21.146,,,4.77314472198486,
Bosnia and Herzegovina,BIH,Europe,Upper middle income,2011,3741799.0,35664062419.0,9531.260877187684,75.96241463,520.5148324,,,23.765,,,5.12366437911987,
Bosnia and Herzegovina,BIH,Europe,Upper middle income,2012,3670109.0,35371051813.0,9637.602537962768,76.12114634,516.7464666,,,22.138,,,5.24895429611206,
Bosnia and Herzegovina,BIH,Europe,Upper middle income,2013,3610857.0,36202157063.0,10025.918241292857,76.27990244,538.8634351,,,21.801,,,5.11717796325684,
Bosnia and Herzegovina,BIH,Europe,Upper middle income,2014,3564831.0,36619951250.0,10272.563061194205,,499.9970419,,98.377647,19.312,,,5.18086528778076,
Bosnia and Herzegovina,BIH,Europe,Upper middle income,2015,3518541.0,38199900995.0,10856.744598116094,,581.2078325,,98.485764,18.46,,,5.08990240097046,
Bosnia and Herzegovina,BIH,Europe,Upper middle income,2016,3472997.0,39438504839.0,11355.755515769233,,602.8587358,,,21.734,,,5.88740110397339,
Bosnia and Herzegovina,BIH,Europe,Upper middle income,2017,3428684.0,40717914490.0,11875.668475135066,,555.5097578,,,22.153,,,6.01552248001099,
Bosnia and Herzegovina,BIH,Europe,Upper middle income,2018,3386999.0,42277004927.0,12482.142724872372,,,,,22.079,,,5.51581621170044,
Bosnia and Herzegovina,BIH,Europe,Upper middle income,2019,3345532.0,43497123759.0,13001.556631052998,,,,,20.81,,,5.81309986114502,
Bosnia and Herzegovina,BIH,Europe,Upper middle income,2020,3299352.0,42185625323.0,12786.033537191546,,,,,20.832,,,5.76800012588501,
Bosnia and Herzegovina,BIH,Europe,Upper middle income,2021,3244912.0,45303796505.0,13961.486938628845,,,,,21.268,,,,
Bosnia and Herzegovina,BIH,Europe,Upper middle income,2022,3204802.0,47069138435.0,14687.06598254744,,,,,20.743,,,,
Bosnia and Herzegovina,BIH,Europe,Upper middle income,2023,3185072.0,,,,,,,19.881,,,,
Botswana,BWA,Africa,Upper middle income,1990,1305699.0,6660711722.0,5101.26125699721,62.9355122,3626.475801,,,2.7,,,,
Botswana,BWA,Africa,Upper middle income,1991,1341767.0,7315023272.0,5451.783560036877,62.31814634,3561.607558,,68.58091,2.634,,,,
Botswana,BWA,Africa,Upper middle income,1992,1380038.0,7702501132.0,5581.368869552867,61.45292683,3519.569087,,,2.777,,,,
Botswana,BWA,Africa,Upper middle income,1993,1420120.0,8026901258.0,5652.269708193674,60.36656098,3507.290574,,,3.195,,,,
Botswana,BWA,Africa,Upper middle income,1994,1460030.0,8505234702.0,5825.383520886558,59.09370732,3534.552536,,,3.03,,,,
Botswana,BWA,Africa,Upper middle income,1995,1498842.0,9306926237.0,6209.4111567463415,57.67843902,3596.531079,,,3.045,,,,
Botswana,BWA,Africa,Upper middle income,1996,1535917.0,10069439768.0,6555.979110850391,56.17031707,3664.878667,,,2.755,,,,
Botswana,BWA,Africa,Upper middle income,1997,1571700.0,11122733889.0,7076.881013552204,54.63512195,3730.353897,,,2.799,,,,
Botswana,BWA,Africa,Upper middle income,1998,1606906.0,11452605950.0,7127.116303007146,53.14065854,3803.606194,,,3.342,,,,
Botswana,BWA,Africa,Upper middle income,1999,1642006.0,12841571074.0,7820.660261899165,51.7422439,3880.885865,,,3.158,,,,
Botswana,BWA,Africa,Upper middle income,2000,1677384.0,13391002424.0,7983.265861603544,50.48963415,3943.496159,,,3.778,,,,
Botswana,BWA,Africa,Upper middle income,2001,1712264.0,13725120137.0,8015.773348619138,49.41117073,3984.159932,,,3.847,,,,
Botswana,BWA,Africa,Upper middle income,2002,1744765.0,14885467195.0,8531.502635025347,48.49968293,3973.254294,,,3.975,,,,
Botswana,BWA,Africa,Upper middle income,2003,1775744.0,15922248755.0,8966.5226265723,47.7454878,3974.832726,,81.188713,3.825,,,,
Botswana,BWA,Africa,Upper middle income,2004,1807153.0,16720998899.0,9252.674731469886,47.15543902,3919.983766,,,3.895,,,4.73936700820923,
Botswana,BWA,Africa,Upper middle income,2005,1839881.0,17874650435.0,9715.112246389848,46.72695122,3599.255225,,,4.096,,,,
Botswana,BWA,Africa,Upper middle income,2006,1874526.0,19804034564.0,10564.822554608472,46.44797561,3045.702366,,,4.133,,,5.45114707946777,
Botswana,BWA,Africa,Upper middle income,2007,1911200.0,21924081026.0,11471.369310380913,46.29609756,2733.703916,,,4.228,,,,
Botswana,BWA,Africa,Upper middle income,2008,1949973.0,23814412331.0,12212.68824286285,46.25036585,2521.876083,,,4.503,,,3.55302023887634,
Botswana,BWA,Africa,Upper middle income,2009,1990671.0,22485468865.0,11295.421928083546,46.30026829,2344.779175,,,3.855,,,3.51992106437683,
Botswana,BWA,Africa,Upper middle income,2010,2033110.0,24958864035.0,12276.199534211135,46.44029268,2200.757466,,,4.537,,,4.83593893051147,
Botswana,BWA,Africa,Upper middle income,2011,2073538.0,27061119164.0,13050.69845066741,46.66895122,2122.453878,,,4.029,,,4.12829875946045,
Botswana,BWA,Africa,Upper middle income,2012,2108617.0,27014847416.0,12811.642615041044,46.99070732,1965.364503,,,5.077,,,4.03119707107544,
Botswana,BWA,Africa,Upper middle income,2013,2140687.0,30014304729.0,14020.874947621955,47.40560976,1816.927306,,,5.663,,,3.76196479797363,
Botswana,BWA,Africa,Upper middle income,2014,2172053.0,31724220202.0,14605.638169050202,,1726.724498,,87.707512,6.85,,,3.49893665313721,
Botswana,BWA,Africa,Upper middle income,2015,2203276.0,30185273524.0,13700.17806393752,,1656.359158,,88.224411,5.418,,,3.50488114356995,
Botswana,BWA,Africa,Upper middle income,2016,2234784.0,32359220755.0,14479.797937966265,,1597.071354,,,6.341,,,3.46136569976807,
Botswana,BWA,Africa,Upper middle income,2017,2266749.0,33690154993.0,14862.76380534413,,1561.28169,,,7.066,,,3.47108483314514,
Botswana,BWA,Africa,Upper middle income,2018,2299149.0,35101769105.0,15267.287637730307,,,,,7.643,,,,
Botswana,BWA,Africa,Upper middle income,2019,2332082.0,36166405883.0,15508.20506440168,,,,,7.486,,38.89,3.46650004386902,
Botswana,BWA,Africa,Upper middle income,2020,2365895.0,33010529929.0,13952.660591023692,,,,,6.192,,,3.4711000919342,
Botswana,BWA,Africa,Upper middle income,2021,2401448.0,36918974292.0,15373.630531246148,,,,,6.683,,,,
Botswana,BWA,Africa,Upper middle income,2022,2439895.0,39293967463.0,16104.778059301732,,,,,7.396,,,,
Botswana,BWA,Africa,Upper middle income,2023,2480242.0,,,,,,,7.249,,,,
Brazil,BRA,Americas,Upper middle income,1990,149143223.0,1185475140000.0,7948.568605091765,66.515,5674.907702,,,218.658,43.267,,,
Brazil,BRA,Americas,Upper middle income,1991,151724253.0,1213090136106.0,7995.36074239891,66.90997561,5370.753601,,,229.394,43.701,,,
Brazil,BRA,Americas,Upper middle income,1992,154275077.0,1221828516629.0,7919.80493796156,67.30573171,5082.814268,,,233.601,44.017,,,
Brazil,BRA,Americas,Upper middle income,1993,156794574.0,1298220757545.0,8279.755634560415,67.70080488,4835.847518,,,244.306,44.217,,,
Brazil,BRA,Americas,Upper middle income,1994,159265011.0,1391783970549.0,8738.793045692879,68.09465854,4610.246224,,,254.002,43.932,,,
Brazil,BRA,Americas,Upper middle income,1995,161735079.0,1468835128486.0,9081.735004970691,68.48273171,4415.417758,,,268.678,43.373,,,
Brazil,BRA,Americas,Upper middle income,1996,164202549.0,1520364859776.0,9259.081963313492,68.86195122,4231.779369,,,289.311,42.834,,,
Brazil,BRA,Americas,Upper middle income,1997,166661662.0,1591956040321.0,9552.023070074749,69.23121951,4064.407166,,,306.949,42.148,,,
Brazil,BRA,Americas,Upper middle income,1998,169159651.0,1617675773756.0,9563.012007845771,69.58746341,3913.488893,,,317.359,42.033,,,
Brazil,BRA,Americas,Upper middle income,1999,171641544.0,1645887982219.0,9589.100306735763,69.92968293,3739.423581,,,327.256,41.786,,,
Brazil,BRA,Americas,Upper middle income,2000,174018278.0,1739728033832.0,9997.386790782977,70.25739024,3512.945769,,86.367882,340.183,40.939,,,
Brazil,BRA,Americas,Upper middle income,2001,176301201.0,1785513006345.0,10127.628151239876,70.56965854,3274.915786,,,346.166,37.181,,,
Brazil,BRA,Americas,Upper middle income,2002,178503485.0,1861742323845.0,10429.725357154792,70.86956098,3066.105025,,,347.765,38.819,,,
Brazil,BRA,Americas,Upper middle income,2003,180622688.0,1904932706436.0,10546.47523812734,71.15960976,2893.823044,,,344.645,40.449,,6.6367712020874,
Brazil,BRA,Americas,Upper middle income,2004,182675144.0,2038447931287.0,11158.868615902118,71.44178049,2737.557391,,88.616241,361.434,40.444,,,
Brazil,BRA,Americas,Upper middle income,2005,184688101.0,2129214530430.0,11528.704442253158,71.71853659,2597.982077,,,364.371,41.27,,6.3206729888916,
Brazil,BRA,Americas,Upper middle income,2006,186653099.0,2240805319046.0,12005.186793314371,71.99178049,2469.356732,,89.615227,368.871,41.147,,6.69142484664917,
Brazil,BRA,Americas,Upper middle income,2007,188552311.0,2405626901513.0,12758.405817221726,72.26290244,2360.35738,,90.009369,390.573,42.285,,7.00083160400391,
Brazil,BRA,Americas,Upper middle income,2008,190367297.0,2559842659987.0,13446.861411217074,72.53387805,2256.126983,,90.036621,412.638,41.389,,6.83733129501343,
Brazil,BRA,Americas,Upper middle income,2009,192079958.0,2589568436235.0,13481.721170696008,72.80417073,2162.722009,,90.29821,389.775,44.157,,7.03781652450562,
Brazil,BRA,Americas,Upper middle income,2010,193701931.0,2820492538862.0,14560.993400019332,73.07531707,2053.224301,,90.379181,440.269,42.505,,6.66000366210938,
Brazil,BRA,Americas,Upper middle income,2011,195284736.0,2968455007203.0,15200.65043487577,73.34736585,1955.348187,,91.41124,461.911,42.378,,7.14028263092041,
Brazil,BRA,Americas,Upper middle income,2012,196876113.0,3025484250011.0,15367.452170345317,73.61787805,1868.548119,,91.337852,497.468,40.259,,6.98099899291992,
Brazil,BRA,Americas,Upper middle income,2013,198478290.0,3116394665745.0,15701.438508690295,73.88595122,1794.100401,,91.484238,531.569,38.407,,6.54689693450928,
Brazil,BRA,Americas,Upper middle income,2014,200085126.0,3132099937531.0,15653.836945036084,,1720.105084,,,556.526,37.566,,6.37481737136841,
Brazil,BRA,Americas,Upper middle income,2015,201675534.0,3021043246476.0,14979.721072542196,,1635.531838,,92.586807,528.174,38.708,,6.3329291343689,
Brazil,BRA,Americas,Upper middle income,2016,203218108.0,2922076150345.0,14379.01464147575,,1561.382565,,,491.745,41.536,,6.19092178344727,
Brazil,BRA,Americas,Upper middle income,2017,204703440.0,2960731613785.0,14463.516655044976,,1493.520601,,,497.255,41.294,,6.45114898681641,
Brazil,BRA,Americas,Upper middle income,2018,206107265.0,3013541086239.0,14621.226894835561,,,,,476.601,44.126,,6.10971784591675,
Brazil,BRA,Americas,Upper middle income,2019,207455459.0,3050327159562.0,14703.528045323696,,,,,476.724,45.178,,6.33010005950928,
Brazil,BRA,Americas,Upper middle income,2020,208660845.0,2950377451264.0,14139.583548911633,,,,,447.999,47.116,,6.292799949646,
Brazil,BRA,Americas,Upper middle income,2021,209550291.0,3097565215045.0,14781.965705048819,,,,,496.562,43.673,,,
Brazil,BRA,Americas,Upper middle income,2022,210306411.0,3187412907763.0,15156.042521989499,,,,,480.058,47.66,,,
Brazil,BRA,Americas,Upper middle income,2023,211140731.0,,,,,,,483.992,48.95,,,
British Virgin Islands,VGB,Americas,Not classified,1990,15727.0,,,,,,,0.066,,,,
British Virgin Islands,VGB,Americas,Not classified,1991,16208.0,,,,,,97.800003,0.073,,,,
British Virgin Islands,VGB,Americas,Not classified,1992,16615.0,,,,,,,0.081,,,,
British Virgin Islands,VGB,Americas,Not classified,1993,17008.0,,,,,,,0.084,,,,
British Virgin Islands,VGB,Americas,Not classified,1994,17430.0,,,,,,,0.088,,,,
British Virgin Islands,VGB,Americas,Not classified,1995,17863.0,,,,,,,0.088,,,,
British Virgin Islands,VGB,Americas,Not classified,1996,18308.0,,,,,,,0.099,,,,
British Virgin Islands,VGB,Americas,Not classified,1997,18783.0,,,,,,,0.103,,,,
British Virgin Islands,VGB,Americas,Not classified,1998,19262.0,,,,,,,0.103,,,,
British Virgin Islands,VGB,Americas,Not classified,1999,19755.0,,,,,,,0.114,,,,
British Virgin Islands,VGB,Americas,Not classified,2000,20266.0,,,,,,,0.117,,,,
British Virgin Islands,VGB,Americas,Not classified,2001,20825.0,,,,,,,0.128,,,,
British Virgin Islands,VGB,Americas,Not classified,2002,21454.0,,,,,,,0.139,,,,
British Virgin Islands,VGB,Americas,Not classified,2003,22155.0,,,,,,,0.147,,,,
British Virgin Islands,VGB,Americas,Not classified,2004,22905.0,,,,,,,0.154,,,,
British Virgin Islands,VGB,Americas,Not classified,2005,23693.0,,,,,,,0.165,,,,
British Virgin Islands,VGB,Americas,Not classified,2006,24519.0,,,,,,,0.18,,,,
British Virgin Islands,VGB,Americas,Not classified,2007,25391.0,,,,,,,0.183,,,,
British Virgin Islands,VGB,Americas,Not classified,2008,26308.0,,,,,,,0.191,,,,
British Virgin Islands,VGB,Americas,Not classified,2009,27240.0,,,,,,,0.194,,,,
British Virgin Islands,VGB,Americas,Not classified,2010,27698.0,,,,,,,0.213,,,,
British Virgin Islands,VGB,Americas,Not classified,2011,28733.0,,,,,,,0.209,,,,
British Virgin Islands,VGB,Americas,Not classified,2012,30369.0,,,,,,,0.209,,,,
British Virgin Islands,VGB,Americas,Not classified,2013,31727.0,,,,,,,0.213,,,,
British Virgin Islands,VGB,Americas,Not classified,2014,32988.0,,,,,,,0.216,,,,
British Virgin Islands,VGB,Americas,Not classified,2015,34523.0,,,,,,,0.224,,,,
British Virgin Islands,VGB,Americas,Not classified,2016,33904.0,,,,,,,0.227,,,,
British Virgin Islands,VGB,Americas,Not classified,2017,32724.0,,,,,,,0.18,,,,
British Virgin Islands,VGB,Americas,Not classified,2018,34682.0,,,,,,,0.158,,,,
British Virgin Islands,VGB,Americas,Not classified,2019,36423.0,,,,,,,0.183,,,,
British Virgin Islands,VGB,Americas,Not classified,2020,37161.0,,,,,,,0.18,,,,
British Virgin Islands,VGB,Americas,Not classified,2021,37833.0,,,,,,,0.183,,,,
British Virgin Islands,VGB,Americas,Not classified,2022,38346.0,,,,,,,0.186,,,,
British Virgin Islands,VGB,Americas,Not classified,2023,39009.0,,,,,,,0.185,,,,
Brunei,BRN,Asia,High income,1990,255307.0,,,73.7164878,875.8207552,,,5.009,,,,
Brunei,BRN,Asia,High income,1991,262604.0,,,73.96934146,893.9201051,,87.804176,6.826,,,,
Brunei,BRN,Asia,High income,1992,269848.0,,,74.21668293,871.3385987,,,6.668,,,,
Brunei,BRN,Asia,High income,1993,276978.0,,,74.45902439,856.3807889,,,5.851,,,,
Brunei,BRN,Asia,High income,1994,284098.0,,,74.69636585,836.8061895,,,5.293,,,,
Brunei,BRN,Asia,High income,1995,291207.0,,,74.92970732,806.7985852,,,5.884,,,,
Brunei,BRN,Asia,High income,1996,298283.0,,,75.15802439,782.6767431,,,5.963,,,,
Brunei,BRN,Asia,High income,1997,305357.0,,,75.38236585,775.1432583,,,6.179,,,,
Brunei,BRN,Asia,High income,1998,312398.0,,,75.60221951,767.161238,,,5.595,,,,
Brunei,BRN,Asia,High income,1999,319412.0,,,75.81858537,770.539969,,,5.978,,,,
Brunei,BRN,Asia,High income,2000,326429.0,,,76.03095122,798.899218,,,5.886,,,,
Brunei,BRN,Asia,High income,2001,333353.0,,,76.23880488,808.670102,,92.671127,5.758,,,,
Brunei,BRN,Asia,High income,2002,340108.0,,,76.44263415,835.4722453,,,5.285,,,,
Brunei,BRN,Asia,High income,2003,346650.0,,,76.6424878,860.4510371,,,6.14,,,,
Brunei,BRN,Asia,High income,2004,352921.0,,,76.83931707,864.4221125,,,5.967,,,,
Brunei,BRN,Asia,High income,2005,358930.0,,,77.03268293,862.4821115,,,5.429,,,,
Brunei,BRN,Asia,High income,2006,364670.0,,,77.22460976,859.71712,,,7.144,,,,
Brunei,BRN,Asia,High income,2007,370883.0,,,77.41609756,865.6063001,,,8.077,,,,
Brunei,BRN,Asia,High income,2008,377800.0,,,77.60619512,867.2351707,,,9.166,,,,
Brunei,BRN,Asia,High income,2009,384965.0,,,77.79787805,860.4237829,,,7.745,,,,
Brunei,BRN,Asia,High income,2010,392340.0,,,77.98865854,856.6163621,,,8.017,,,,
Brunei,BRN,Asia,High income,2011,399395.0,,,78.18102439,886.225548,,96.085564,9.555,,,,
Brunei,BRN,Asia,High income,2012,405564.0,,,78.37346341,885.1814746,,,9.5,,,,
Brunei,BRN,Asia,High income,2013,411205.0,,,78.56643902,866.6967895,,,7.626,,,,
Brunei,BRN,Asia,High income,2014,416757.0,,,,844.9550714,,,8.831,,,,
Brunei,BRN,Asia,High income,2015,422223.0,,,,840.204227,,96.656532,6.933,,,,
Brunei,BRN,Asia,High income,2016,427571.0,,,,804.803493,,,7.633,,,,
Brunei,BRN,Asia,High income,2017,432787.0,,,,777.6068771,,,9.309,,,,
Brunei,BRN,Asia,High income,2018,437811.0,,,,,,,9.341,,,,
Brunei,BRN,Asia,High income,2019,442690.0,,,,,,,9.564,,,,
Brunei,BRN,Asia,High income,2020,447411.0,,,,,,,11.157,,,,
Brunei,BRN,Asia,High income,2021,451722.0,,,,,,,11.709,,,,
Brunei,BRN,Asia,High income,2022,455374.0,,,,,,,12.237,,,,
Brunei,BRN,Asia,High income,2023,458959.0,,,,,,,12.503,,,,
Bulgaria,BGR,Europe,Upper middle income,1990,8822366.0,79352520673.0,8994.47162733897,71.64146341,1419.825047,,,76.638,1.401,,,
Bulgaria,BGR,Europe,Upper middle income,1991,8695798.0,72983249507.0,8392.932943819533,71.56097561,1507.014737,,,61.521,2.41,,,
Bulgaria,BGR,Europe,Upper middle income,1992,8559091.0,67935669606.0,7937.252870193809,71.49439024,1556.402939,,,57.356,2.148,,,
Bulgaria,BGR,Europe,Upper middle income,1993,8466533.0,67190225135.0,7935.978650883425,71.34682927,1387.59753,,,58.389,1.891,,,
Bulgaria,BGR,Europe,Upper middle income,1994,8416924.0,68680754016.0,8159.840105007483,71.20878049,1565.04771,,,56.383,1.426,,,
Bulgaria,BGR,Europe,Upper middle income,1995,8357576.0,70965735433.0,8491.18637186189,71.05341463,1405.01475,,,57.917,2.226,,,
Bulgaria,BGR,Europe,Upper middle income,1996,8291402.0,65116237713.0,7853.465278007266,70.89731707,1518.412029,,,58.46,2.968,,,
Bulgaria,BGR,Europe,Upper middle income,1997,8217101.0,64936506648.0,7902.605389418969,70.35121951,1686.052944,,,55.806,2.96,,,
Bulgaria,BGR,Europe,Upper middle income,1998,8138193.0,67715867197.0,8320.74972871742,71.06097561,1567.240984,,,53.114,3.469,,,
Bulgaria,BGR,Europe,Upper middle income,1999,8067464.0,64098092292.0,7945.259165953514,71.41219512,1569.589305,,,46.371,3.516,,,
Bulgaria,BGR,Europe,Upper middle income,2000,8000519.0,67719765830.0,8464.421599398738,71.66341463,1405.780199,,,45.499,3.386,,,
Bulgaria,BGR,Europe,Upper middle income,2001,7928455.0,68877651140.0,8687.398886668336,71.76829268,1379.947486,,98.20356,49.02,2.044,,,
Bulgaria,BGR,Europe,Upper middle income,2002,7861949.0,73450036758.0,9342.471791409484,71.86585366,1321.338653,,,46.141,2.681,,,
Bulgaria,BGR,Europe,Upper middle income,2003,7804405.0,77722336425.0,9958.777949760424,72.06585366,1263.1381,,,50.491,3.646,,,
Bulgaria,BGR,Europe,Upper middle income,2004,7749430.0,83228668873.0,10739.972988077832,72.56341463,1234.39633,,,49.537,3.931,,,
Bulgaria,BGR,Europe,Upper middle income,2005,7695047.0,89684785590.0,11654.871710335232,72.56097561,1102.462493,,,50.6,4.937,,3.8437979221344,
Bulgaria,BGR,Europe,Upper middle income,2006,7640292.0,96404598197.0,12617.920649760506,72.61219512,1029.502663,,,51.837,4.738,,,
Bulgaria,BGR,Europe,Upper middle income,2007,7586896.0,104058200673.0,13715.516948301387,72.66341463,976.7179933,,,55.669,3.307,,,
Bulgaria,BGR,Europe,Upper middle income,2008,7535589.0,110900337989.0,14716.877206148052,72.96341463,939.3336161,,,54.026,3.391,,3.91227626800537,
Bulgaria,BGR,Europe,Upper middle income,2009,7488016.0,107365071902.0,14338.253537652698,73.41219512,954.7815234,,,45.75,4.846,,3.87538242340088,
Bulgaria,BGR,Europe,Upper middle income,2010,7437594.0,109045208364.0,14661.355320551243,73.51219512,928.9874679,,,47.816,7.258,,4.22229719161987,
Bulgaria,BGR,Europe,Upper middle income,2011,7380023.0,109435363210.0,14828.593787580337,74.16341463,847.096016,,98.352448,53.12,4.618,,3.99302053451538,
Bulgaria,BGR,Europe,Upper middle income,2012,7317020.0,110261509885.0,15069.182520342982,74.31463415,797.7647689,,,48.277,6.861,,4.43843984603882,
Bulgaria,BGR,Europe,Upper middle income,2013,7264605.0,109643527181.0,15092.840860721264,74.46585366,766.9159088,,,42.583,9.694,,4.86540126800537,
Bulgaria,BGR,Europe,Upper middle income,2014,7223450.0,110703533681.0,15325.57623863943,,756.4786879,,,45.169,9.634,,4.83756065368652,
Bulgaria,BGR,Europe,Upper middle income,2015,7177515.0,114498611934.0,15952.403016085651,,668.6509111,,98.38858,48.127,10.787,,5.09690189361572,
Bulgaria,BGR,Europe,Upper middle income,2016,7127436.0,117979077002.0,16552.80762984052,,629.6722845,,,45.344,9.37,,5.09881353378296,
Bulgaria,BGR,Europe,Upper middle income,2017,7075642.0,121237951710.0,17134.55142445025,,627.6093553,,,47.446,8.073,,5.10843801498413,
Bulgaria,BGR,Europe,Upper middle income,2018,7024745.0,124492855771.0,17722.04624808445,,,,,43.503,12.096,,5.59772300720215,
Bulgaria,BGR,Europe,Upper middle income,2019,6975466.0,129520075495.0,18567.94592576324,,,,,42.195,10.38,,5.26550006866455,
Bulgaria,BGR,Europe,Upper middle income,2020,6933656.0,124392792956.0,17940.433294642826,,,,,36.571,11.122,,5.37090015411377,
Bulgaria,BGR,Europe,Upper middle income,2021,6877222.0,133889804025.0,19468.5883377038,,,,,42.365,13.231,,,
Bulgaria,BGR,Europe,Upper middle income,2022,6825862.0,138390156500.0,20274.385345030416,,,,,46.932,12.026,,,
Bulgaria,BGR,Europe,Upper middle income,2023,6795805.0,,,,,,,34.501,14.288,,,
Burkina Faso,BFA,Africa,Low income,1990,9159358.0,10752296234.0,1173.91374308112,49.36560976,10754.85462,,,0.594,,,,
Burkina Faso,BFA,Africa,Low income,1991,9394631.0,11509843577.0,1225.1512142414108,49.31646341,10594.50938,,13.56923,0.638,,,,
Burkina Faso,BFA,Africa,Low income,1992,9629280.0,11312544997.0,1174.8069426789957,49.27795122,10471.93263,,,0.634,,,,
Burkina Faso,BFA,Africa,Low income,1993,9871715.0,11471092622.0,1162.0161868530442,49.25965854,10297.44059,,,0.634,,,,
Burkina Faso,BFA,Africa,Low income,1994,10123807.0,11400569605.0,1126.1148701274135,49.27770732,10181.42062,,,0.66,,,,
Burkina Faso,BFA,Africa,Low income,1995,10386723.0,11823046260.0,1138.284544605647,49.34431707,10098.7833,,,0.661,,,,
Burkina Faso,BFA,Africa,Low income,1996,10655943.0,12896055272.0,1210.2218707438656,49.46929268,10353.73161,,12.84817,0.727,,,,
Burkina Faso,BFA,Africa,Low income,1997,10934222.0,13326250630.0,1218.7653250501041,49.64782927,9938.393247,,,0.764,,,,
Burkina Faso,BFA,Africa,Low income,1998,11240668.0,13917970173.0,1238.1799883245374,49.87607317,9552.939879,,,0.848,,,,
Burkina Faso,BFA,Africa,Low income,1999,11574930.0,14604702492.0,1261.7529861519681,50.15456098,9278.397919,,,1.04,,,,
Burkina Faso,BFA,Africa,Low income,2000,11925548.0,14546973590.0,1219.8159438878615,50.4827561,9088.279014,,,0.931,,,,
Burkina Faso,BFA,Africa,Low income,2001,12294996.0,15179805834.0,1234.63284038482,50.85807317,9019.402343,,,1.064,,,,
Burkina Faso,BFA,Africa,Low income,2002,12680904.0,15543232009.0,1225.7195550885015,51.2727561,8819.414954,,,1.067,,,,
Burkina Faso,BFA,Africa,Low income,2003,13082530.0,16390237677.0,1252.8339454983095,51.71756098,8563.41707,,21.82292,1.184,,,,
Burkina Faso,BFA,Africa,Low income,2004,13500536.0,16718435442.0,1238.3534581145518,52.18278049,8311.485192,,,1.107,,,3.80149078369141,
Burkina Faso,BFA,Africa,Low income,2005,13932127.0,17737650575.0,1273.147350365095,52.65870732,8049.280463,,23.55372,1.104,,,4.01713037490845,
Burkina Faso,BFA,Africa,Low income,2006,14373713.0,18406718353.0,1280.582014751512,53.13968293,7902.268115,,22.47258,1.217,,,3.84643888473511,
Burkina Faso,BFA,Africa,Low income,2007,14816313.0,18724205542.0,1263.7560735926677,53.61968293,7730.789904,,28.72921,1.616,,,,
Burkina Faso,BFA,Africa,Low income,2008,15258103.0,19365623019.0,1269.2025357936043,54.09419512,7501.856546,,,1.818,,,4.03556060791016,
Burkina Faso,BFA,Africa,Low income,2009,15710067.0,19506442026.0,1241.6523765302848,54.55768293,7326.50631,,,1.836,,,4.78536748886108,
Burkina Faso,BFA,Africa,Low income,2010,16176503.0,20688336651.0,1278.9127941310926,55.0067561,7228.428191,,,1.985,,,3.95500802993774,
Burkina Faso,BFA,Africa,Low income,2011,16661907.0,21589787625.0,1295.7572998696967,55.4404878,7069.449149,,,2.149,,,3.32594966888428,
Burkina Faso,BFA,Africa,Low income,2012,17172284.0,22982976785.0,1338.3762337613332,55.86202439,6929.119956,,,2.612,,,3.48134779930115,
Burkina Faso,BFA,Africa,Low income,2013,17695411.0,24314382909.0,1374.050193521925,56.27502439,6760.75144,,,2.809,,,4.41893005371094,
Burkina Faso,BFA,Africa,Low income,2014,18229466.0,25366464630.0,1391.5089246168814,,6599.186557,,34.599411,2.868,,,4.20563459396362,
Burkina Faso,BFA,Africa,Low income,2015,18777488.0,26361085012.0,1403.86642835293,,6443.701937,,37.7467,3.744,,,4.64689111709595,
Burkina Faso,BFA,Africa,Low income,2016,19334854.0,27931683815.0,1444.6286387784464,,6309.045719,,,3.988,,,4.92723608016968,
Burkina Faso,BFA,Africa,Low income,2017,19894413.0,29664279937.0,1491.0859615209556,,6132.224096,,,4.622,,,4.74089288711548,
Burkina Faso,BFA,Africa,Low income,2018,20438289.0,31623015393.0,1547.2437733413008,,,,,5.226,,,,
Burkina Faso,BFA,Africa,Low income,2019,20961956.0,33422048798.0,1594.4146051065081,,,,,5.618,,18.23,4.83379983901978,
Burkina Faso,BFA,Africa,Low income,2020,21478691.0,34067429050.0,1586.1035968160256,,,,,5.618,,,4.67049980163574,
Burkina Faso,BFA,Africa,Low income,2021,21995249.0,36419784717.0,1655.8023379048811,,,,,6.329,,,,
Burkina Faso,BFA,Africa,Low income,2022,22509038.0,37320442404.0,1658.020320726279,,,,,6.542,,,,
Burkina Faso,BFA,Africa,Low income,2023,23025777.0,,,,,,,6.308,,,,
Burundi,BDI,Africa,Low income,1990,5587051.0,6041848505.0,1081.4020679245634,47.32914634,9774.433226,,37.38472,0.209,,,,
Burundi,BDI,Africa,Low income,1991,5703860.0,6316030264.0,1107.3256117786902,46.9014878,9864.202904,,,0.238,,,,
Burundi,BDI,Africa,Low income,1992,5858405.0,6377442162.0,1088.5970092542254,46.58043902,11117.98932,,,0.216,,,,
Burundi,BDI,Africa,Low income,1993,5676847.0,5844277258.0,1029.4935301233238,46.41743902,11056.6881,,,0.227,,,,
Burundi,BDI,Africa,Low income,1994,5713856.0,5760142060.0,1008.1006696703593,46.43092683,10510.21716,,,0.234,,,,
Burundi,BDI,Africa,Low income,1995,6066319.0,5429588207.0,895.0383596708317,46.60729268,11247.74128,,,0.238,,,,
Burundi,BDI,Africa,Low income,1996,6070510.0,4794534934.0,789.8076000204267,46.9035122,11948.08237,,,0.242,,,,
Burundi,BDI,Africa,Low income,1997,6070038.0,4657583236.0,767.3070969242697,47.2505122,11996.21379,,,0.249,,,,
Burundi,BDI,Africa,Low income,1998,6187114.0,4813569995.0,777.9992408415296,47.59280488,11674.83701,,,0.249,,,,
Burundi,BDI,Africa,Low income,1999,6337155.0,4732759799.0,746.8272117377593,47.91280488,11602.12164,,,0.253,,,,
Burundi,BDI,Africa,Low income,2000,6470196.0,4647178132.0,718.2437953966155,48.20802439,11362.30818,,59.303619,0.271,,,,
Burundi,BDI,Africa,Low income,2001,6634368.0,4722946125.0,711.8908877228396,48.49492683,11002.87055,,,0.205,,,,
Burundi,BDI,Africa,Low income,2002,6824139.0,4917697691.0,720.6326968134734,48.80356098,10533.534,,,0.213,,,,
Burundi,BDI,Africa,Low income,2003,7043158.0,4852463827.0,688.9613759907132,49.15695122,9904.832598,,,0.169,,,,
Burundi,BDI,Africa,Low income,2004,7310656.0,5086686387.0,695.7906906028679,49.55809756,9268.206879,,,0.198,,,,
Burundi,BDI,Africa,Low income,2005,7587303.0,5144959327.0,678.1012076359676,50.007,8672.864546,,,0.158,,,,
Burundi,BDI,Africa,Low income,2006,7865545.0,5422209655.0,689.3622317334654,50.49960976,7924.251157,,,0.187,,,3.56322765350342,
Burundi,BDI,Africa,Low income,2007,8161879.0,5601361293.0,686.2833047390191,51.02146341,7371.800256,,,0.187,,,3.79168081283569,
Burundi,BDI,Africa,Low income,2008,8505643.0,5894788502.0,693.0444296803898,51.55658537,6720.755688,,86.947868,0.202,,,,
Burundi,BDI,Africa,Low income,2009,8947653.0,6197653893.0,692.6569339468126,52.09407317,6169.85472,,,0.216,,,3.70589423179626,
Burundi,BDI,Africa,Low income,2010,9376448.0,6558969212.0,699.5153401373313,52.62402439,5985.930436,,,0.333,,,,
Burundi,BDI,Africa,Low income,2011,9717980.0,6787360000.0,698.4332134867534,53.13656098,5834.141535,,,0.414,,,,
Burundi,BDI,Africa,Low income,2012,10071033.0,7086796000.0,703.6811417458368,53.6287561,5603.115548,,,0.392,,,2.90453505516052,
Burundi,BDI,Africa,Low income,2013,10439346.0,7430922000.0,711.818728874395,54.09719512,5399.888943,,,0.436,,,,
Burundi,BDI,Africa,Low income,2014,10799789.0,7764240000.0,718.925156778526,,5346.487359,,,0.355,,,,
Burundi,BDI,Africa,Low income,2015,11047581.0,7340438000.0,664.4384865790981,,5377.571687,,85.496094,0.355,,,,
Burundi,BDI,Africa,Low income,2016,11239459.0,7554391939.0,672.1312777598993,,5328.740156,,,0.429,,,3.77528309822083,
Burundi,BDI,Africa,Low income,2017,11506764.0,7833860723.0,680.8048486090443,,5247.735039,,,0.516,,,,
Burundi,BDI,Africa,Low income,2018,11859444.0,8207327776.0,692.0499625446184,,,,,0.645,,,,
Burundi,BDI,Africa,Low income,2019,12255339.0,8573379471.0,699.5628167446041,,,,,0.685,,5.33,3.77530002593994,
Burundi,BDI,Africa,Low income,2020,12617041.0,8635657446.0,684.4439552823835,,,,,0.739,,,,
Burundi,BDI,Africa,Low income,2021,12965487.0,8956206318.0,690.7728431643177,,,,,0.772,,,,
Burundi,BDI,Africa,Low income,2022,13321102.0,9177077459.0,688.9127835670051,,,,,0.878,,,,
Burundi,BDI,Africa,Low income,2023,13689455.0,,,,,,,0.901,,,,
Cambodia,KHM,Asia,Lower middle income,1990,7374754.0,13119771234.0,1779.0113723115373,54.753,8820.262314,,,1.26,,,,
Cambodia,KHM,Asia,Lower middle income,1991,7686857.0,13798587857.0,1795.0884031015537,55.26436585,8726.278225,,,1.304,,,,
Cambodia,KHM,Asia,Lower middle income,1992,8113085.0,14439550426.0,1779.7854239170426,55.85426829,8618.957676,,,1.348,,,,
Cambodia,KHM,Asia,Lower middle income,1993,8616383.0,14667326402.0,1702.2602641967053,56.45414634,8543.20589,,,1.385,,,,
Cambodia,KHM,Asia,Lower middle income,1994,9239160.0,15501963200.0,1677.854177219574,57.08107317,8495.288945,,,1.425,,,,
Cambodia,KHM,Asia,Lower middle income,1995,10018500.0,16125089863.0,1609.5313532964017,57.75165854,8341.653888,,,1.499,,,,
Cambodia,KHM,Asia,Lower middle income,1996,10801268.0,16613603930.0,1538.1160739646493,58.47697561,8238.50264,,,1.517,,,,
Cambodia,KHM,Asia,Lower middle income,1997,11570986.0,17142178985.0,1481.4795372667463,59.25507317,8126.655981,,,1.466,,,,
Cambodia,KHM,Asia,Lower middle income,1998,12058180.0,17586612782.0,1458.4798686037195,60.08243902,7965.552026,,67.33503,1.876,,,,
Cambodia,KHM,Asia,Lower middle income,1999,12265734.0,19228281616.0,1567.6421497482336,60.95853659,7674.802658,,,1.894,,,,
Cambodia,KHM,Asia,Lower middle income,2000,12462343.0,20435399154.0,1639.7718433845064,61.88726829,7279.769052,,,1.997,,,,
Cambodia,KHM,Asia,Lower middle income,2001,12658486.0,21587210573.0,1705.3548562600615,62.87502439,6890.36909,,,2.235,,,,
Cambodia,KHM,Asia,Lower middle income,2002,12855249.0,22474402661.0,1748.2666155280228,63.90914634,6498.772537,,,2.154,,,,
Cambodia,KHM,Asia,Lower middle income,2003,13050977.0,23833222981.0,1826.1638941666972,64.96756098,6105.349466,,,2.253,,,,
Cambodia,KHM,Asia,Lower middle income,2004,13244737.0,25705927295.0,1940.8409011821072,66.02470732,5731.774946,,73.609947,2.239,,,3.56874465942383,
Cambodia,KHM,Asia,Lower middle income,2005,13439203.0,28474467511.0,2118.761619346028,67.04312195,5349.880985,,,2.209,,,4.15597105026245,
Cambodia,KHM,Asia,Lower middle income,2006,13639032.0,30776292972.0,2256.486601981724,67.98282927,4995.579477,,,2.847,,,4.4621639251709,
Cambodia,KHM,Asia,Lower middle income,2007,13841773.0,33022342696.0,2385.7017952830174,68.82095122,4660.09742,,,3.489,,,4.11062574386597,
Cambodia,KHM,Asia,Lower middle income,2008,14053479.0,34271375874.0,2438.6399890020116,69.54404878,4351.634076,,77.58654,3.936,,,4.14107227325439,
Cambodia,KHM,Asia,Lower middle income,2009,14276819.0,34042366543.0,2384.4503837304374,70.14819512,4083.255015,,73.900032,4.579,,,4.16122531890869,
Cambodia,KHM,Asia,Lower middle income,2010,14500730.0,34365990229.0,2369.948976982538,70.64336585,3850.638598,,,5.067,,,3.89870691299438,
Cambodia,KHM,Asia,Lower middle income,2011,14722587.0,35746712625.0,2428.0184335130775,71.05109756,3599.856112,,,5.271,,,3.67446684837341,
Cambodia,KHM,Asia,Lower middle income,2012,14945090.0,38360866456.0,2566.7872495916718,71.40882927,3399.596992,,,5.572,,,3.88330554962158,
Cambodia,KHM,Asia,Lower middle income,2013,15170210.0,41183075555.0,2714.7333856947266,71.74756098,3215.935683,,,5.626,,,4.16216468811035,
Cambodia,KHM,Asia,Lower middle income,2014,15396771.0,44124784572.0,2865.8466487551186,,3071.804261,,,6.702,,,4.46125936508179,
Cambodia,KHM,Asia,Lower middle income,2015,15623253.0,47229402407.0,3023.019751840414,,2945.009681,,78.34594,8.186,,,4.58584213256836,
Cambodia,KHM,Asia,Lower middle income,2016,15852802.0,50470756754.0,3183.7120500211886,,2816.012172,,,10.644,,,5.1218376159668,
Cambodia,KHM,Asia,Lower middle income,2017,16073374.0,54002196805.0,3359.729998505603,,2697.656157,,,12.087,,,4.99828481674194,
Cambodia,KHM,Asia,Lower middle income,2018,16274522.0,58035619609.0,3566.0414240737764,,,,,13.938,,,4.3769850730896,
Cambodia,KHM,Asia,Lower middle income,2019,16481305.0,62129452776.0,3769.69255626299,,,,,18.626,,,4.83039999008179,
Cambodia,KHM,Asia,Lower middle income,2020,16725484.0,60205930987.0,3599.652541415244,,,,,20.991,,,4.64029979705811,
Cambodia,KHM,Asia,Lower middle income,2021,16974309.0,62027758832.0,3654.214073279802,,,,,20.775,,,,
Cambodia,KHM,Asia,Lower middle income,2022,17201721.0,65136593996.0,3786.6323954446184,,,,,20.865,,,,
Cambodia,KHM,Asia,Lower middle income,2023,17423884.0,,,,,,,21.412,,,,
Cameroon,CMR,Africa,Lower middle income,1990,11331827.0,22937075576.0,2024.1286401566138,53.59126829,8341.561633,,,2.605,,,,
Cameroon,CMR,Africa,Lower middle income,1991,11667186.0,22472507403.0,1926.129179992502,53.62426829,8442.523449,,,2.668,,,,
Cameroon,CMR,Africa,Lower middle income,1992,12006362.0,22168696553.0,1846.412473070527,53.60195122,8379.017346,,,2.712,,,,
Cameroon,CMR,Africa,Lower middle income,1993,12353131.0,21846592889.0,1768.5065340114988,53.52482927,8356.764333,,,2.866,,,,
Cameroon,CMR,Africa,Lower middle income,1994,12704900.0,21685984140.0,1706.899238876339,53.39687805,8235.882681,,,4.88,,,,
Cameroon,CMR,Africa,Lower middle income,1995,13058517.0,22791497700.0,1745.3358371398529,53.21860976,8102.883149,,,5.375,,,,
Cameroon,CMR,Africa,Lower middle income,1996,13414761.0,24336586345.0,1814.1647357712895,52.99053659,8011.724611,,,5.975,,,,
Cameroon,CMR,Africa,Lower middle income,1997,13775216.0,26071011666.0,1892.6027487336678,52.72609756,7789.500627,,,5.379,,,,
Cameroon,CMR,Africa,Lower middle income,1998,14144857.0,27818636369.0,1966.6961899296684,52.44673171,7618.108488,,,5.373,,,,
Cameroon,CMR,Africa,Lower middle income,1999,14525145.0,29453506980.0,2027.7599280420263,52.17385366,7371.270568,,,5.219,,,,
Cameroon,CMR,Africa,Lower middle income,2000,14912632.0,31207712778.0,2092.7032047729735,51.93587805,7162.273598,,68.409157,5.589,,,,
Cameroon,CMR,Africa,Lower middle income,2001,15309489.0,33173869115.0,2166.882847298169,51.75719512,6950.07667,,,5.562,,,,
Cameroon,CMR,Africa,Lower middle income,2002,15725534.0,35058274715.0,2229.385324212202,51.65526829,6695.49397,,,5.351,,,,
Cameroon,CMR,Africa,Lower middle income,2003,16160340.0,37066671075.0,2293.6813875821917,51.63904878,6452.80343,,,5.705,,,,
Cameroon,CMR,Africa,Lower middle income,2004,16610485.0,39050234319.0,2350.9388388719535,51.7164878,6251.466903,,,5.698,,,3.85107207298279,
Cameroon,CMR,Africa,Lower middle income,2005,17074599.0,40566543367.0,2375.8416444802015,51.88904878,6079.077819,,,5.424,,,4.34993934631348,
Cameroon,CMR,Africa,Lower middle income,2006,17550403.0,42544656064.0,2424.1412612576473,52.1502439,5891.607347,,,5.486,,,4.2918004989624,
Cameroon,CMR,Africa,Lower middle income,2007,18049897.0,44640871980.0,2473.1926160021853,52.47914634,5728.09835,,70.679939,7.409,,,4.7414083480835,
Cameroon,CMR,Africa,Lower middle income,2008,18574052.0,46686367319.0,2513.5262525915186,52.85582927,5565.425223,,,7.321,,,4.55425691604614,
Cameroon,CMR,Africa,Lower middle income,2009,19113978.0,48395507236.0,2531.943232120493,53.26485366,5447.36184,,,8.555,,,4.43388509750366,
Cameroon,CMR,Africa,Lower middle income,2010,19668063.0,50826589427.0,2584.2193726448813,53.69482927,5314.766589,,71.290512,8.383,,,4.24463415145874,
Cameroon,CMR,Africa,Lower middle income,2011,20232312.0,53836234148.0,2660.9037142171396,54.13736585,5185.98617,,,8.105,,,4.27103805541992,
Cameroon,CMR,Africa,Lower middle income,2012,20809530.0,56263171005.0,2703.7213721309417,54.5875122,4966.065386,,,7.607,,,4.24044132232666,
Cameroon,CMR,Africa,Lower middle income,2013,21402379.0,59069016946.0,2759.9276204762095,55.04180488,4830.771984,,,7.853,,,5.03796482086182,
Cameroon,CMR,Africa,Lower middle income,2014,22059894.0,62482615428.0,2832.407781651172,,4696.350335,,,8.775,,,4.81623220443726,
Cameroon,CMR,Africa,Lower middle income,2015,22763418.0,65981645134.0,2898.5825034711397,,4522.793639,,74.98558,9.85,,,5.07405138015747,
Cameroon,CMR,Africa,Lower middle income,2016,23454165.0,68936963106.0,2939.2205224956847,,4394.255932,,,9.965,,,5.25073766708374,
Cameroon,CMR,Africa,Lower middle income,2017,24128609.0,71378025048.0,2958.232074132413,,4273.025088,,,9.582,,,4.93673753738403,
Cameroon,CMR,Africa,Lower middle income,2018,24806377.0,74248839020.0,2993.135153110025,,,,,9.844,,,5.24107789993286,
Cameroon,CMR,Africa,Lower middle income,2019,25506095.0,76789634582.0,3010.6386172403104,,,,,9.605,,24.21,5.14179992675781,
Cameroon,CMR,Africa,Lower middle income,2020,26210566.0,77203536828.0,2945.5120056545134,,,,,9.716,,,5.04759979248047,
Cameroon,CMR,Africa,Lower middle income,2021,26915765.0,80020685294.0,2973.0043078470926,,,,,9.734,,,,
Cameroon,CMR,Africa,Lower middle income,2022,27632770.0,82727797383.0,2993.82933317941,,,,,9.792,,,,
Cameroon,CMR,Africa,Lower middle income,2023,28372690.0,,,,,,,9.695,,,,
Canada,CAN,Americas,High income,1990,27789437.0,835996817449.0,30083.258521898086,77.37707317,693.2743541,,,458.018,28.252,,,
Canada,CAN,Americas,High income,1991,28157154.0,820274272433.0,29132.002205656154,77.55341463,625.7076818,,,449.776,29.252,,,
Canada,CAN,Americas,High income,1992,28500066.0,829742094636.0,29113.690285348814,77.32073171,595.7109696,,,463.393,29.262,,,
Canada,CAN,Americas,High income,1993,28830635.0,853775990714.0,29613.49934588676,77.68512195,610.1245278,,,464.072,29.209,,,
Canada,CAN,Americas,High income,1994,29147383.0,894851932653.0,30700.935746204043,77.86195122,614.1418558,,,478.468,28.705,,,
Canada,CAN,Americas,High income,1995,29459138.0,921360066054.0,31275.86645793913,77.97756098,576.8660915,,,491.305,28.664,,,
Canada,CAN,Americas,High income,1996,29767210.0,938872519434.0,31540.49437061787,78.2304878,533.7164718,,,507.775,29.629,,,
Canada,CAN,Americas,High income,1997,30059088.0,981728042651.0,32659.94106843827,78.4804878,521.8399437,,,522.019,29.044,,,
Canada,CAN,Americas,High income,1998,30329971.0,1022474596969.0,33711.69055746872,78.66243902,505.3673665,,,529.615,28.09,,,
Canada,CAN,Americas,High income,1999,30599458.0,1078414980757.0,35242.943870345676,78.88292683,509.3078583,,,543.859,28.364,,,
Canada,CAN,Americas,High income,2000,30891800.0,1137681278760.0,36827.937470785124,79.23658537,507.4658631,,,566.68,28.536,,,
Canada,CAN,Americas,High income,2001,31213578.0,1161459919261.0,37210.085920332494,79.48780488,525.0842173,,,558.981,27.032,,,
Canada,CAN,Americas,High income,2002,31535579.0,1199865635264.0,38047.997636701075,79.5902439,529.4626285,,,564.256,27.335,,,
Canada,CAN,Americas,High income,2003,31836483.0,1224575760991.0,38464.542738310636,79.83902439,524.7594472,,99.0,581.19,26.02,,7.41804838180542,
Canada,CAN,Americas,High income,2004,32132680.0,1265917327101.0,39396.56844997056,80.14146341,519.3149759,,,576.286,25.7,,,
Canada,CAN,Americas,High income,2005,32440172.0,1310077836124.0,40384.42940820412,80.29268293,533.0396481,,,570.396,27.043,,7.48175287246704,
Canada,CAN,Americas,High income,2006,32759174.0,1348293394113.0,41157.734749752846,80.64390244,515.7509042,,,566.315,27.208,,7.48560380935669,
Canada,CAN,Americas,High income,2007,33092171.0,1379925831954.0,41699.46516818132,80.36987805,524.7776634,,,589.956,26.53,,7.48782444000244,
Canada,CAN,Americas,High income,2008,33449088.0,1397938727409.0,41793.02967569699,80.54321951,510.864296,,,574.214,27.374,,7.65034627914429,
Canada,CAN,Americas,High income,2009,33826370.0,1360538049277.0,40221.22531258896,80.71709756,476.7629356,,,541.13,27.993,,7.42605352401733,
Canada,CAN,Americas,High income,2010,34196900.0,1406355361431.0,41125.22952171103,80.8934878,468.8340809,,,554.307,26.567,,7.41514444351196,
Canada,CAN,Americas,High income,2011,34555449.0,1454221365109.0,42083.706251624746,81.06831707,449.6179783,,,562.832,27.419,,7.59379386901855,
Canada,CAN,Americas,High income,2012,34922513.0,1479829523672.0,42374.657392839974,81.23804878,475.4359411,,,561.77,27.863,,7.30425786972046,
Canada,CAN,Americas,High income,2013,35293421.0,1514296485427.0,42905.913978330405,81.40112195,511.1536102,,,568.59,27.745,,7.41277265548706,
Canada,CAN,Americas,High income,2014,35634265.0,1557757464897.0,43715.1563220681,,488.353034,,,564.938,27.026,,7.24484586715698,
Canada,CAN,Americas,High income,2015,35962236.0,1568025782105.0,43602.01023387422,,483.5783274,,,563.003,27.733,,7.41486835479736,
Canada,CAN,Americas,High income,2016,36353345.0,1583727974022.0,43564.84868234271,,475.639369,,,553.707,28.46,,7.17549657821655,
Canada,CAN,Americas,High income,2017,36808498.0,1631871440185.0,44334.094811067815,,465.0432088,,,566.66,28.65,,7.10907649993896,
Canada,CAN,Americas,High income,2018,37294996.0,1677189073139.0,44970.88759947849,,,,,575.091,27.664,,7.02490472793579,
Canada,CAN,Americas,High income,2019,37782934.0,1708858221312.0,45228.30919673946,,,,,579.007,27.407,,7.10330009460449,
Canada,CAN,Americas,High income,2020,38171903.0,1622144486274.0,42495.77198899411,,,,,524.208,29.457,,7.02510023117065,
Canada,CAN,Americas,High income,2021,38454058.0,1703443269914.0,44298.14065173564,,,,,537.479,29.113,,,
Canada,CAN,Americas,High income,2022,38821259.0,1761295624423.0,45369.358691406684,,,,,547.658,29.497,,,
Canada,CAN,Americas,High income,2023,39299098.0,,,,,,,545.479,27.858,,,
Cape Verde,CPV,Africa,Lower middle income,1990,375437.0,668100000.0,1779.5262587331563,65.88641463,5118.318843,,62.79686,0.18,,,,
Cape Verde,CPV,Africa,Lower middle income,1991,384603.0,689942658.0,1793.908674659324,66.20158537,4980.506795,,,0.165,,,,
Cape Verde,CPV,Africa,Lower middle income,1992,393426.0,722536200.0,1836.5237681292035,66.50521951,4888.469573,,,0.18,,,,
Cape Verde,CPV,Africa,Lower middle income,1993,401977.0,790274598.0,1965.9696898081233,66.81485366,4784.86109,,,0.169,,,,
Cape Verde,CPV,Africa,Lower middle income,1994,410230.0,861446201.0,2099.9102966628475,67.1424878,4732.844011,,,0.176,,,,
Cape Verde,CPV,Africa,Lower middle income,1995,418116.0,941287684.0,2251.2596599986605,67.49568293,5850.456379,,,0.198,,,,
Cape Verde,CPV,Africa,Lower middle income,1996,425592.0,1024669345.0,2407.6330029699807,67.87890244,4709.653521,,,0.22,,,,
Cape Verde,CPV,Africa,Lower middle income,1997,432803.0,1122095895.0,2592.6250395676557,68.28507317,4612.805302,,,0.227,,,,
Cape Verde,CPV,Africa,Lower middle income,1998,439789.0,1238844923.0,2816.9074783589404,68.70712195,4448.771611,,,0.242,,,,
Cape Verde,CPV,Africa,Lower middle income,1999,446528.0,1412383310.0,3163.034143435574,69.1435122,4491.725512,,,0.286,,,,
Cape Verde,CPV,Africa,Lower middle income,2000,453335.0,1540942373.0,3399.125090716578,69.5912439,4235.943772,,,0.297,,,,
Cape Verde,CPV,Africa,Lower middle income,2001,460300.0,1663976329.0,3614.982248533565,70.04778049,4091.521087,,,0.348,,,,
Cape Verde,CPV,Africa,Lower middle income,2002,467056.0,1787222988.0,3826.5710921174336,70.50814634,4005.636181,,,0.385,,,,
Cape Verde,CPV,Africa,Lower middle income,2003,473384.0,1904397612.0,4022.944611562706,70.96826829,3809.388375,,,0.414,,,,
Cape Verde,CPV,Africa,Lower middle income,2004,479377.0,2022409320.0,4218.828437743154,71.42260976,3625.469317,,80.019722,0.429,,,,
Cape Verde,CPV,Africa,Lower middle income,2005,485128.0,2194575514.0,4523.7040822215995,71.86658537,3442.149207,,,0.447,,,,
Cape Verde,CPV,Africa,Lower middle income,2006,490728.0,2457336149.0,5007.531970867772,72.29609756,3248.271764,,,0.495,,,,
Cape Verde,CPV,Africa,Lower middle income,2007,496196.0,2720555147.0,5482.8236160710685,72.71063415,3061.760494,,,0.506,,,,
Cape Verde,CPV,Africa,Lower middle income,2008,501362.0,2956642825.0,5897.221618311719,73.10963415,2883.358007,,,0.473,,,,
Cape Verde,CPV,Africa,Lower middle income,2009,506148.0,2969179680.0,5866.228217833519,73.49158537,2730.055403,,,0.524,,,,
Cape Verde,CPV,Africa,Lower middle income,2010,509793.0,3071163589.0,6024.334561282717,73.85697561,2589.541116,,,0.557,,,,
Cape Verde,CPV,Africa,Lower middle income,2011,511453.0,3248220000.0,6350.964800284679,74.20682927,2424.524886,,,0.616,,,,
Cape Verde,CPV,Africa,Lower middle income,2012,511966.0,3287052000.0,6420.449795494232,74.54373171,2409.846362,,85.327789,0.502,,,,
Cape Verde,CPV,Africa,Lower middle income,2013,512231.0,3310254000.0,6462.424179715792,74.87068293,2311.569298,,,0.495,,,,
Cape Verde,CPV,Africa,Lower middle income,2014,512334.0,3375218000.0,6587.9250645086995,,2231.218146,,,0.491,,,,
Cape Verde,CPV,Africa,Lower middle income,2015,512405.0,3421236000.0,6676.820093480743,,2155.643305,,88.465424,0.495,,,,
Cape Verde,CPV,Africa,Lower middle income,2016,512556.0,3573126874.0,6971.193145724565,,2080.343841,,,0.531,,,,
Cape Verde,CPV,Africa,Lower middle income,2017,512899.0,3751791578.0,7314.874035628847,,2002.559261,,,0.572,,,,
Cape Verde,CPV,Africa,Lower middle income,2018,513418.0,3892648372.0,7581.830734411337,,,,,0.572,,,,
Cape Verde,CPV,Africa,Lower middle income,2019,514116.0,4189894317.0,8149.706130523073,,,,,0.63,,47.47,,
Cape Verde,CPV,Africa,Lower middle income,2020,514683.0,3381126423.0,6569.337675812102,,,,,0.52,,,,
Cape Verde,CPV,Africa,Lower middle income,2021,516655.0,3611420923.0,6990.004786559696,,,,,0.59,,,,
Cape Verde,CPV,Africa,Lower middle income,2022,519750.0,4251154554.0,8179.229541125541,,,,,0.598,,,,
Cape Verde,CPV,Africa,Lower middle income,2023,522335.0,,,,,,,0.571,,,,
Cayman Islands,CYM,Americas,Not classified,1990,,,,,,,,,,,,
Cayman Islands,CYM,Americas,Not classified,1991,,,,,,,,,,,,
Cayman Islands,CYM,Americas,Not classified,1992,,,,,,,,,,,,
Cayman Islands,CYM,Americas,Not classified,1993,,,,,,,,,,,,
Cayman Islands,CYM,Americas,Not classified,1994,,,,,,,,,,,,
Cayman Islands,CYM,Americas,Not classified,1995,,,,,,,,,,,,
Cayman Islands,CYM,Americas,Not classified,1996,,,,,,,,,,,,
Cayman Islands,CYM,Americas,Not classified,1997,,,,,,,,,,,,
Cayman Islands,CYM,Americas,Not classified,1998,,,,,,,,,,,,
Cayman Islands,CYM,Americas,Not classified,1999,,,,,,,,,,,,
Cayman Islands,CYM,Americas,Not classified,2000,,,,,,,,,,,,
Cayman Islands,CYM,Americas,Not classified,2001,,,,,,,,,,,,
Cayman Islands,CYM,Americas,Not classified,2002,,,,,,,,,,,,
Cayman Islands,CYM,Americas,Not classified,2003,,,,,,,,,,,,
Cayman Islands,CYM,Americas,Not classified,2004,,,,,,,,,,,,
Cayman Islands,CYM,Americas,Not classified,2005,,,,,,,,,,,,
Cayman Islands,CYM,Americas,Not classified,2006,,,,,,,,,,,,
Cayman Islands,CYM,Americas,Not classified,2007,,,,,,,98.867821,,,,,
Cayman Islands,CYM,Americas,Not classified,2008,,,,,,,,,,,,
Cayman Islands,CYM,Americas,Not classified,2009,,,,,,,,,,,,
Cayman Islands,CYM,Americas,Not classified,2010,,,,,,,,,,,,
Cayman Islands,CYM,Americas,Not classified,2011,,,,,,,,,,,,
Cayman Islands,CYM,Americas,Not classified,2012,,,,,,,,,,,,
Cayman Islands,CYM,Americas,Not classified,2013,,,,,,,,,,,,
Cayman Islands,CYM,Americas,Not classified,2014,,,,,,,,,,,,
Cayman Islands,CYM,Americas,Not classified,2015,,,,,,,,,,,,
Cayman Islands,CYM,Americas,Not classified,2016,,,,,,,,,,,,
Cayman Islands,CYM,Americas,Not classified,2017,,,,,,,,,,,,
Cayman Islands,CYM,Americas,Not classified,2018,,,,,,,,,,,,
Cayman Islands,CYM,Americas,Not classified,2019,,,,,,,,,,,,
Cayman Islands,CYM,Americas,Not classified,2020,,,,,,,,,,,,
Cayman Islands,CYM,Americas,Not classified,2021,,,,,,,,,,,,
Cayman Islands,CYM,Americas,Not classified,2022,,,,,,,,,,,,
Cayman Islands,CYM,Americas,Not classified,2023,,,,,,,,,,,,
Central African Republic,CAF,Africa,Low income,1990,2871915.0,3155955000.0,1098.9026485811733,46.04782927,11046.35625,,,0.183,,,,
Central African Republic,CAF,Africa,Low income,1991,2963195.0,3196204632.0,1078.634592728457,45.56807317,10964.51157,,,0.191,,,,
Central African Republic,CAF,Africa,Low income,1992,3058837.0,3153286705.0,1030.877652192647,45.12807317,10910.39972,,,0.194,,,,
Central African Republic,CAF,Africa,Low income,1993,3157842.0,3141613628.0,994.8609297108595,44.7377561,10915.66171,,,0.198,,,,
Central African Republic,CAF,Africa,Low income,1994,3257956.0,3299692291.0,1012.8105754037194,44.41002439,11015.97014,,,0.209,,,,
Central African Republic,CAF,Africa,Low income,1995,3348062.0,3468004734.0,1035.8245259496389,44.14878049,11200.40642,,,0.209,,,,
Central African Republic,CAF,Africa,Low income,1996,3435973.0,3208680589.0,933.849185951112,43.9514878,11413.59994,,,0.213,,,,
Central African Republic,CAF,Africa,Low income,1997,3531700.0,3401098287.0,963.0201565818161,43.80712195,11576.87694,,,0.216,,,,
Central African Republic,CAF,Africa,Low income,1998,3628833.0,3555832992.0,979.8833377011288,43.71260976,11644.55847,,,0.22,,,,
Central African Republic,CAF,Africa,Low income,1999,3729452.0,3763942207.0,1009.2480629861974,43.67087805,11790.01734,,,0.231,,,,
Central African Republic,CAF,Africa,Low income,2000,3833421.0,3836505744.0,1000.8046974230068,43.69231707,12127.96797,,50.645168,0.125,,,,
Central African Republic,CAF,Africa,Low income,2001,3919498.0,3861482755.0,985.19829707784,43.78739024,12271.3771,,,0.143,,,,
Central African Republic,CAF,Africa,Low income,2002,4006079.0,3833969443.0,957.0379023978309,43.96358537,12283.61356,,,0.117,,,,
Central African Republic,CAF,Africa,Low income,2003,4103092.0,3563805910.0,868.565927841735,44.22390244,12440.88574,,,0.114,,,,
Central African Republic,CAF,Africa,Low income,2004,4192828.0,3659297627.0,872.7516671325416,44.56782927,12533.37002,,,0.125,,,,
Central African Republic,CAF,Africa,Low income,2005,4288814.0,3745738822.0,873.3740428006437,44.99592683,12529.81641,,,0.128,,,4.16012954711914,
Central African Republic,CAF,Africa,Low income,2006,4377582.0,3921727514.0,895.8661457398171,45.50819512,12603.69835,,,0.139,,,,
Central African Republic,CAF,Africa,Low income,2007,4462777.0,4078141542.0,913.8125301801995,46.0912439,12747.86217,,,0.154,,,,
Central African Republic,CAF,Africa,Low income,2008,4558989.0,4185491968.0,918.0745924151166,46.72912195,12699.57019,,,0.15,,,3.56789255142212,
Central African Republic,CAF,Africa,Low income,2009,4529051.0,4261637773.0,940.9560133016829,47.40492683,12456.17505,,,0.154,,,3.67782640457153,
Central African Republic,CAF,Africa,Low income,2010,4493003.0,4410453712.0,981.6271460312846,48.09873171,12109.63361,,36.752609,0.169,,,,
Central African Republic,CAF,Africa,Low income,2011,4565023.0,4499550000.0,985.6576845286431,48.79304878,11658.92782,,,0.154,,,,
Central African Republic,CAF,Africa,Low income,2012,4610848.0,4632212000.0,1004.6334210106254,49.47539024,11456.97923,,,0.183,,,,
Central African Republic,CAF,Africa,Low income,2013,4642423.0,2929689000.0,631.0689482625776,50.13680488,12047.47003,,,0.103,,,,
Central African Republic,CAF,Africa,Low income,2014,4623187.0,2960958000.0,640.4581947474761,,12508.23749,,,0.132,,,2.69306111335754,
Central African Republic,CAF,Africa,Low income,2015,4629322.0,3105792000.0,670.8956516742625,,12369.8784,,36.752609,0.194,,,3.4758620262146,
Central African Republic,CAF,Africa,Low income,2016,4713663.0,3265229504.0,692.715941720908,,12108.60893,,,0.238,,,,
Central African Republic,CAF,Africa,Low income,2017,4793512.0,3421678627.0,713.8145532962054,,11915.67596,,,0.286,,,,
Central African Republic,CAF,Africa,Low income,2018,4878663.0,3557270233.0,729.1485870206653,,,,,0.271,,,,
Central African Republic,CAF,Africa,Low income,2019,4944708.0,3662931320.0,740.778084368177,,,,,0.311,,5.31,,
Central African Republic,CAF,Africa,Low income,2020,5026629.0,3698072848.0,735.6963977249962,,,,,0.333,,,,
Central African Republic,CAF,Africa,Low income,2021,5112103.0,3734422040.0,730.5060246243082,,,,,0.366,,,,
Central African Republic,CAF,Africa,Low income,2022,5098038.0,3752056621.0,735.9805126991992,,,,,0.377,,,,
Central African Republic,CAF,Africa,Low income,2023,5152415.0,,,,,,,0.389,,,,
Chad,TCD,Africa,Low income,1990,5982838.0,4042256503.0,675.641978438995,46.34858537,12092.14452,,,0.377,,,,
Chad,TCD,Africa,Low income,1991,6205688.0,4243508738.0,683.8095531067627,46.35668293,12177.4168,,,0.388,,,,
Chad,TCD,Africa,Low income,1992,6474651.0,4384566498.0,677.1896273636988,46.36039024,11757.42861,,,0.403,,,,
Chad,TCD,Africa,Low income,1993,6629147.0,4228383989.0,637.8473714642321,46.37126829,11652.27322,,10.89465,0.399,,,,
Chad,TCD,Africa,Low income,1994,6783456.0,4512686232.0,665.2488395295849,46.39587805,11521.76111,,,0.416,,,,
Chad,TCD,Africa,Low income,1995,7089063.0,4614545072.0,650.9386461934391,46.43329268,11435.6295,,,0.427,,,,
Chad,TCD,Africa,Low income,1996,7410107.0,4763184682.0,642.795668402629,46.47753659,11510.21567,,,0.443,,,,
Chad,TCD,Africa,Low income,1997,7670371.0,5091460240.0,663.782787038593,46.52207317,11435.01609,,,0.453,,,,
Chad,TCD,Africa,Low income,1998,7938841.0,5510466098.0,694.1146822313232,46.56682927,11325.82305,,,0.464,,,,
Chad,TCD,Africa,Low income,1999,8222710.0,5546894673.0,674.5823059550927,46.61773171,11077.05655,,,0.474,,,,
Chad,TCD,Africa,Low income,2000,8512092.0,5599887930.0,657.8744602384467,46.68717073,11015.34723,,25.654209,0.488,,,,
Chad,TCD,Africa,Low income,2001,8804122.0,6336850686.0,719.7595269579408,46.78702439,10872.39822,,,0.506,,,,
Chad,TCD,Africa,Low income,2002,9116195.0,6982839457.0,765.9818001918563,46.92970732,10665.81126,,,0.531,,,,
Chad,TCD,Africa,Low income,2003,9487830.0,8110109949.0,854.7908161297156,47.12314634,10554.62259,,,0.882,,,,
Chad,TCD,Africa,Low income,2004,9920036.0,11032101494.0,1112.1029695859975,47.36978049,10296.23402,,28.38143,0.906,,,3.43480062484741,
Chad,TCD,Africa,Low income,2005,10328094.0,12146441188.0,1176.058349972415,47.67156098,9902.176578,,,0.929,,,4.14132690429688,
Chad,TCD,Africa,Low income,2006,10706426.0,12214525260.0,1140.8592615313457,48.028,9647.277678,,,0.957,,,4.63246822357178,
Chad,TCD,Africa,Low income,2007,11081667.0,14704387197.0,1326.9111223970185,48.42717073,9344.637604,,,1.089,,,3.63944506645203,
Chad,TCD,Africa,Low income,2008,11476299.0,15257312990.0,1329.4628337933684,48.85717073,9113.853858,,,0.872,,,3.74287104606628,
Chad,TCD,Africa,Low income,2009,11893753.0,17078193621.0,1435.8961062164315,49.30753659,8886.211424,,,1.22,,,4.39348220825195,
Chad,TCD,Africa,Low income,2010,12312580.0,19869964230.0,1613.7937158580899,49.76985366,8619.161757,,,1.236,,,4.03297472000122,
Chad,TCD,Africa,Low income,2011,12755004.0,19903398034.0,1560.438400019318,50.23619512,8409.040544,,,1.277,,,3.5076630115509,
Chad,TCD,Africa,Low income,2012,13211006.0,21656293766.0,1639.2615192211706,50.70058537,8089.586408,,,1.747,,,3.46018290519714,
Chad,TCD,Africa,Low income,2013,13691081.0,22902174388.0,1672.780577954363,51.15907317,7842.446626,,,2.082,,,4.3226752281189,
Chad,TCD,Africa,Low income,2014,14188680.0,24480827952.0,1725.377410160776,,7625.699618,,39.049671,2.183,,,4.02935028076172,
Chad,TCD,Africa,Low income,2015,14647626.0,24914134960.0,1700.8991736954508,,7416.934127,,40.018242,2.352,,,4.55893707275391,
Chad,TCD,Africa,Low income,2016,15114652.0,23529405356.0,1556.7282234483466,,7248.450325,,,2.382,,,4.48632526397705,
Chad,TCD,Africa,Low income,2017,15622756.0,22969403286.0,1470.2529621534127,,7102.314108,,,2.341,,,4.25079917907715,
Chad,TCD,Africa,Low income,2018,16156535.0,23510339039.0,1455.1597257085136,,,,,2.384,,,,
Chad,TCD,Africa,Low income,2019,16685223.0,24314153239.0,1457.2267472241756,,,,,2.3,,4.86,4.35540008544922,
Chad,TCD,Africa,Low income,2020,17224686.0,23793345004.0,1381.35145128335,,,,,2.356,,,4.25080013275146,
Chad,TCD,Africa,Low income,2021,17828274.0,23531147275.0,1319.8780361464044,,,,,2.67,,,,
Chad,TCD,Africa,Low income,2022,18455319.0,24118013870.0,1306.8326735506441,,,,,2.8,,,,
Chad,TCD,Africa,Low income,2023,19319075.0,,,,,,,2.848,,,,
Chile,CHL,Americas,High income,1990,13437181.0,133955187000.0,9968.99476162448,73.54514634,1574.920164,,,32.908,18.081,,,
Chile,CHL,Americas,High income,1991,13662482.0,143694660776.0,10517.463867546176,73.85797561,1421.578374,,,30.892,23.018,,,
Chile,CHL,Americas,High income,1992,13884579.0,160277244361.0,11543.54369412281,74.15502439,1399.587922,,94.291138,32.001,27.187,,,
Chile,CHL,Americas,High income,1993,14102276.0,170385338997.0,12082.116319167204,74.43678049,1294.749128,,,34.098,26.38,,,
Chile,CHL,Americas,High income,1994,14316263.0,178942754051.0,12499.26423194377,74.70929268,1200.239717,,,37.975,24.851,,,
Chile,CHL,Americas,High income,1995,14527382.0,196694148759.0,13539.545443150046,74.98660976,1159.057239,,,41.563,24.921,,,
Chile,CHL,Americas,High income,1996,14734049.0,209865805164.0,14243.593540648602,75.28680488,1136.63785,,,48.226,21.55,,,
Chile,CHL,Americas,High income,1997,14932436.0,222279419403.0,14885.677019007482,75.6175122,1065.69854,,,55.942,20.921,,,
Chile,CHL,Americas,High income,1998,15127799.0,227977542773.0,15070.106548414611,75.97926829,1108.916592,,,57.258,17.196,,,
Chile,CHL,Americas,High income,1999,15319311.0,224771940848.0,14672.457582981375,76.36612195,1066.158904,,,61.408,14.538,,,
Chile,CHL,Americas,High income,2000,15503638.0,233340518904.0,15050.69448241761,76.75856098,979.191672,,,58.503,18.856,,,
Chile,CHL,Americas,High income,2001,15683852.0,239642803054.0,15279.588397926735,77.13104878,930.6992559,,,52.918,21.061,,,
Chile,CHL,Americas,High income,2002,15857926.0,243288829547.0,15341.78110977438,77.4615122,834.9473488,,95.716621,54.836,21.834,,,
Chile,CHL,Americas,High income,2003,16024755.0,250723122339.0,15645.98786933092,77.73792683,847.2053181,,,55.1,21.012,,,
Chile,CHL,Americas,High income,2004,16187324.0,264146071325.0,16318.081439835269,77.95980488,898.8600116,,,59.221,18.554,,6.06285190582275,
Chile,CHL,Americas,High income,2005,16348780.0,278000705012.0,17004.370051587946,78.13721951,867.4417486,,,61.116,21.083,,5.69792985916138,
Chile,CHL,Americas,High income,2006,16509195.0,293258343549.0,17763.333920824123,78.2897561,855.8456622,,,64.048,21.915,,5.78943872451782,
Chile,CHL,Americas,High income,2007,16671571.0,305709457316.0,18337.171542861797,78.44297561,858.9143032,,,70.469,18.572,,6.49368619918823,
Chile,CHL,Americas,High income,2008,16838987.0,314032357531.0,18649.124055443477,78.61741463,821.9587379,,98.64901,70.549,20.647,,6.63565587997437,
Chile,CHL,Americas,High income,2009,17009730.0,306660166266.0,18028.514636387525,78.81858537,823.56071,,98.55368,65.96,21.976,,6.52633476257324,
Chile,CHL,Americas,High income,2010,17181463.0,321457401232.0,18709.54768124228,79.05046341,762.5768179,,,71.347,18.941,,6.59912872314453,
Chile,CHL,Americas,High income,2011,17351810.0,338708860136.0,19520.088113920105,79.3065122,763.4051365,,96.703011,78.071,17.672,,6.74015378952026,
Chile,CHL,Americas,High income,2012,17519116.0,359556383692.0,20523.6601944984,79.57265854,750.8733581,,,79.621,17.976,,6.84423828125,
Chile,CHL,Americas,High income,2013,17687006.0,371454072393.0,21001.523513533044,79.83680488,727.6390731,,96.270683,81.733,18.024,,6.53274965286255,
Chile,CHL,Americas,High income,2014,17864192.0,378114271615.0,21166.043872289327,,752.0456816,,,77.586,19.519,,6.57905626296997,
Chile,CHL,Americas,High income,2015,18047630.0,386251266445.0,21401.772224109205,,693.1600481,,96.627548,81.778,21.0,,6.32011938095093,
Chile,CHL,Americas,High income,2016,18267225.0,393022253885.0,21515.1591927619,,654.1404686,,,84.25,19.341,,6.43622064590454,
Chile,CHL,Americas,High income,2017,18558868.0,398359518680.0,21464.645294098755,,627.4581196,,,84.135,21.426,,5.94225025177002,
Chile,CHL,Americas,High income,2018,18893185.0,414254051745.0,21926.109956844226,,,,,84.443,23.426,,6.15064287185669,
Chile,CHL,Americas,High income,2019,19197748.0,417331966568.0,21738.589680831315,,,,,91.977,22.541,,6.17189979553223,
Chile,CHL,Americas,High income,2020,19370621.0,391686945225.0,20220.6705311616,,,,,80.178,24.874,,6.17180013656616,
Chile,CHL,Americas,High income,2021,19456323.0,437659188270.0,22494.4450331134,,,,,83.63,23.421,,,
Chile,CHL,Americas,High income,2022,19553033.0,448338105532.0,22929.33815086386,,,,,85.744,26.079,,,
Chile,CHL,Americas,High income,2023,19658833.0,,,,,,,77.604,30.347,,,
China,CHN,Asia,Upper middle income,1990,1153582725.0,3385121670000.0,2934.442061794918,69.47156098,4085.671314,,77.785057,2483.534,4.45,,,
China,CHN,Asia,Upper middle income,1991,1170788533.0,3508948004345.0,2997.0809462523152,69.66131707,4263.690054,,,2619.143,4.168,,,
China,CHN,Asia,Upper middle income,1992,1184574236.0,3755037703201.0,3169.9471329722555,69.832,4255.38827,,,2731.29,4.157,,,
China,CHN,Asia,Upper middle income,1993,1197308574.0,4126169229667.0,3446.2036932402357,69.99065854,4060.231989,,,2914.284,4.483,,,
China,CHN,Asia,Upper middle income,1994,1209003099.0,4438753488140.0,3671.4161376521006,70.14782927,3847.074164,,,3093.891,4.668,,,
China,CHN,Asia,Upper middle income,1995,1220133929.0,4809999898743.0,3942.190102594057,70.32917073,3726.382387,,,3351.197,5.239,,,
China,CHN,Asia,Upper middle income,1996,1230944809.0,5127589598793.0,4165.572299670017,70.56282927,3680.722638,,,3499.311,4.849,,,
China,CHN,Asia,Upper middle income,1997,1241139623.0,5291338914515.0,4263.290621344541,70.86390244,3608.70467,,,3512.35,5.057,,,
China,CHN,Asia,Upper middle income,1998,1250847122.0,5338703042331.0,4268.069973087407,71.23487805,3496.137282,,,3355.336,5.119,,,
China,CHN,Asia,Upper middle income,1999,1260176650.0,5578503091801.0,4426.76278107597,71.66870732,3384.306421,,,3549.949,4.893,,,
China,CHN,Asia,Upper middle income,2000,1269581174.0,5952682232028.0,4688.697622439698,72.14073171,3215.658811,,90.920212,3643.81,5.336,,,
China,CHN,Asia,Upper middle income,2001,1278725061.0,6329737256820.0,4950.037697603238,72.61978049,3074.581977,,,3724.114,6.251,,,
China,CHN,Asia,Upper middle income,2002,1286866835.0,6814493895929.0,5295.4149649283645,73.06960976,2949.348955,,,4098.181,5.922,,,
China,CHN,Asia,Upper middle income,2003,1294517323.0,7248623080792.0,5599.479398231274,73.46509756,2697.596366,,,4835.251,5.001,,,
China,CHN,Asia,Upper middle income,2004,1302100316.0,7830953177799.0,6014.093600603196,73.79370732,2462.204822,,,5210.961,5.289,,4.56049537658691,
China,CHN,Asia,Upper middle income,2005,1310027135.0,8602939667333.0,6566.993490049349,74.05390244,2271.780551,,,5881.991,5.239,,4.86286211013794,
China,CHN,Asia,Upper middle income,2006,1318054030.0,9489543138489.0,7199.661715300852,74.25631707,2108.183739,,,6486.185,5.267,,4.84629487991333,
China,CHN,Asia,Upper middle income,2007,1325813576.0,10358206113742.0,7812.716886632635,74.42407317,1944.343384,,,6974.663,5.407,,4.45436096191406,
China,CHN,Asia,Upper middle income,2008,1333821011.0,10799148337884.0,8096.399928343909,74.57982927,1809.730771,,,7492.404,6.872,,4.65273666381836,
China,CHN,Asia,Upper middle income,2009,1342522717.0,11572544299171.0,8619.998866783422,74.73163415,1659.877929,,,7881.491,6.56,,5.03720760345459,
China,CHN,Asia,Upper middle income,2010,1351561505.0,12858808500983.0,9514.038727362984,74.88502439,1563.563719,,95.124481,8610.048,7.195,,5.09491729736328,
China,CHN,Asia,Upper middle income,2011,1360250658.0,13691526496125.0,10065.443758914174,75.042,1502.547875,,,9520.153,6.697,,5.24109029769897,
China,CHN,Asia,Upper middle income,2012,1369520866.0,14773157494771.0,10787.09924144449,75.1995122,1381.802227,,,9767.311,8.068,,5.19561910629272,
China,CHN,Asia,Upper middle income,2013,1379008040.0,15925464549520.0,11548.492893137882,75.35302439,1209.045331,,,9942.371,8.474,,5.30387783050537,
China,CHN,Asia,Upper middle income,2014,1387951970.0,17103948867278.0,12323.15615883884,,1096.927159,,,9976.027,9.69,,5.32495594024658,
China,CHN,Asia,Upper middle income,2015,1396134171.0,18301224436466.0,13108.49975354267,,1096.743036,,96.357452,9858.04,10.278,,5.09906148910522,
China,CHN,Asia,Upper middle income,2016,1404052628.0,19545709173693.0,13920.923463912352,,903.7679833,,,9748.175,11.113,,5.13143396377563,
China,CHN,Asia,Upper middle income,2017,1412354730.0,20894362082435.0,14793.990233908871,,720.4156658,,,10000.014,11.666,,5.14412021636963,
China,CHN,Asia,Upper middle income,2018,1419008954.0,22294284747546.0,15711.165658751721,,,,,10346.79,12.224,,5.77106475830078,
China,CHN,Asia,Upper middle income,2019,1423520357.0,23631941251482.0,16601.056061667547,,,,,10713.515,12.786,,5.3390998840332,
China,CHN,Asia,Upper middle income,2020,1426106093.0,24151843898871.0,16935.516941845784,,,,,10896.521,13.396,,5.58529996871948,
China,CHN,Asia,Upper middle income,2021,1426437269.0,26180600167672.0,18353.839132390196,,,,,11284.401,14.195,,,
China,CHN,Asia,Upper middle income,2022,1425179562.0,26966016991166.0,18921.136473023602,,,,,11711.808,15.218,,,
China,CHN,Asia,Upper middle income,2023,1422584930.0,,,,,,,12172.009,15.505,,,
Christmas Island,CXR,Oceania,Not classified,1990,,,,,,,,,,,,
Christmas Island,CXR,Oceania,Not classified,1991,,,,,,,,,,,,
Christmas Island,CXR,Oceania,Not classified,1992,,,,,,,,,,,,
Christmas Island,CXR,Oceania,Not classified,1993,,,,,,,,,,,,
Christmas Island,CXR,Oceania,Not classified,1994,,,,,,,,0.0,,,,
Christmas Island,CXR,Oceania,Not classified,1995,,,,,,,,0.0,,,,
Christmas Island,CXR,Oceania,Not classified,1996,,,,,,,,0.0,,,,
Christmas Island,CXR,Oceania,Not classified,1997,,,,,,,,0.0,,,,
Christmas Island,CXR,Oceania,Not classified,1998,,,,,,,,0.0,,,,
Christmas Island,CXR,Oceania,Not classified,1999,,,,,,,,0.0,,,,
Christmas Island,CXR,Oceania,Not classified,2000,,,,,,,,0.0,,,,
Christmas Island,CXR,Oceania,Not classified,2001,,,,,,,,0.0,,,,
Christmas Island,CXR,Oceania,Not classified,2002,,,,,,,,0.0,,,,
Christmas Island,CXR,Oceania,Not classified,2003,,,,,,,,0.0,,,,
Christmas Island,CXR,Oceania,Not classified,2004,,,,,,,,0.0,,,,
Christmas Island,CXR,Oceania,Not classified,2005,,,,,,,,0.0,,,,
Christmas Island,CXR,Oceania,Not classified,2006,,,,,,,,0.0,,,,
Christmas Island,CXR,Oceania,Not classified,2007,,,,,,,,0.0,,,,
Christmas Island,CXR,Oceania,Not classified,2008,,,,,,,,0.0,,,,
Christmas Island,CXR,Oceania,Not classified,2009,,,,,,,,0.0,,,,
Christmas Island,CXR,Oceania,Not classified,2010,,,,,,,,0.0,,,,
Christmas Island,CXR,Oceania,Not classified,2011,,,,,,,,0.0,,,,
Christmas Island,CXR,Oceania,Not classified,2012,,,,,,,,0.0,,,,
Christmas Island,CXR,Oceania,Not classified,2013,,,,,,,,0.0,,,,
Christmas Island,CXR,Oceania,Not classified,2014,,,,,,,,0.0,,,,
Christmas Island,CXR,Oceania,Not classified,2015,,,,,,,,0.0,,,,
Christmas Island,CXR,Oceania,Not classified,2016,,,,,,,,0.0,,,,
Christmas Island,CXR,Oceania,Not classified,2017,,,,,,,,0.0,,,,
Christmas Island,CXR,Oceania,Not classified,2018,,,,,,,,0.0,,,,
Christmas Island,CXR,Oceania,Not classified,2019,,,,,,,,0.0,,,,
Christmas Island,CXR,Oceania,Not classified,2020,,,,,,,,0.0,,,,
Christmas Island,CXR,Oceania,Not classified,2021,,,,,,,,0.0,,,,
Christmas Island,CXR,Oceania,Not classified,2022,,,,,,,,0.0,,,,
Christmas Island,CXR,Oceania,Not classified,2023,,,,,,,,0.0,,,,
Colombia,COL,Americas,Upper middle income,1990,32440064.0,253538201000.0,7815.588804017156,68.29719512,2695.818039,,,56.857,31.201,,,
Colombia,COL,Americas,Upper middle income,1991,33098373.0,259415683485.0,7837.717083102544,68.45131707,2658.418017,,,56.609,30.631,,,
Colombia,COL,Americas,Upper middle income,1992,33760571.0,270562880339.0,8014.167779893296,68.64021951,2584.502156,,,61.341,23.802,,,
Colombia,COL,Americas,Upper middle income,1993,34441479.0,286025318326.0,8304.67583363653,68.86563415,2482.277581,,91.063087,63.26,27.369,,,
Colombia,COL,Americas,Upper middle income,1994,35127408.0,300636179033.0,8558.45039955695,69.12958537,2405.092398,,,66.982,29.116,,,
Colombia,COL,Americas,Upper middle income,1995,35804670.0,316101744239.0,8828.506008825107,69.42692683,2343.23472,,,59.35,28.416,,,
Colombia,COL,Americas,Upper middle income,1996,36462740.0,322403822039.0,8842.007540821123,69.74736585,2287.539848,,91.207161,59.628,30.151,,,
Colombia,COL,Americas,Upper middle income,1997,37121155.0,333997136300.0,8997.487720950494,70.0744878,2236.527117,,,65.096,26.432,,,
Colombia,COL,Americas,Upper middle income,1998,37792169.0,335365604121.0,8873.944338071731,70.39395122,2176.10582,,,65.56,25.565,,,
Colombia,COL,Americas,Upper middle income,1999,38454861.0,321583145089.0,8362.613639118343,70.69956098,2111.915945,,,55.286,30.0,,,
Colombia,COL,Americas,Upper middle income,2000,39089939.0,330615619673.0,8457.818766946655,70.98721951,2071.018863,,,56.213,28.239,,,
Colombia,COL,Americas,Upper middle income,2001,39709263.0,336096684249.0,8463.936594567369,71.25790244,2034.127588,,,56.465,28.572,,,
Colombia,COL,Americas,Upper middle income,2002,40324684.0,344517683680.0,8543.592894119145,71.51729268,1991.037347,,,55.417,30.439,,,
Colombia,COL,Americas,Upper middle income,2003,40937426.0,357889195415.0,8742.34729401404,71.771,1929.871087,,,57.033,31.64,,,
Colombia,COL,Americas,Upper middle income,2004,41543177.0,376728225954.0,9068.353774531977,72.01860976,1863.87137,,92.80378,54.324,31.689,,6.02494287490845,
Colombia,COL,Americas,Upper middle income,2005,42128978.0,394076061209.0,9354.038002274823,72.26060976,1790.577546,,92.848663,60.256,32.783,,6.13841152191162,
Colombia,COL,Americas,Upper middle income,2006,42691081.0,420283862175.0,9844.769734807136,72.49558537,1719.179022,,92.299683,62.466,30.936,,6.16839504241943,
Colombia,COL,Americas,Upper middle income,2007,43235374.0,448731322364.0,10378.800524866514,72.72304878,1639.166496,,92.651787,60.67,31.46,,6.27160453796387,
Colombia,COL,Americas,Upper middle income,2008,43758805.0,464038717488.0,10604.465032534596,72.94353659,1575.420426,,93.378181,66.982,31.267,,6.40811347961426,
Colombia,COL,Americas,Upper middle income,2009,44271543.0,471326580093.0,10646.265030631528,73.15807317,1534.727483,,93.24469,71.771,28.771,,6.46395254135132,
Colombia,COL,Americas,Upper middle income,2010,44777325.0,489870174161.0,10940.139326344304,73.36768293,1451.61241,,93.37233,75.431,27.404,,6.37487983703613,
Colombia,COL,Americas,Upper middle income,2011,45259614.0,521323240921.0,11518.50833109182,73.57385366,1360.798053,,93.580528,75.191,31.371,,6.60655069351196,
Colombia,COL,Americas,Upper middle income,2012,45715807.0,541722649583.0,11849.788620881176,73.77707317,1325.551312,,,78.675,29.023,,6.44878911972046,
Colombia,COL,Americas,Upper middle income,2013,46151583.0,569534665242.0,12340.522864448658,73.97882927,1291.904692,,,86.445,26.267,,6.38757181167603,
Colombia,COL,Americas,Upper middle income,2014,46565426.0,595158021031.0,12781.114061557173,,1264.551801,,94.183456,92.042,25.308,,6.23371505737305,
Colombia,COL,Americas,Upper middle income,2015,46969938.0,612750891790.0,13045.597202832161,,1233.173732,,94.577057,91.027,25.545,,6.15734195709229,
Colombia,COL,Americas,Upper middle income,2016,47437513.0,625545111723.0,13186.718108999517,,1192.516534,,,91.583,24.363,,5.98351240158081,
Colombia,COL,Americas,Upper middle income,2017,48131076.0,634046295892.0,13173.324774455488,,1160.255384,,,83.459,28.787,,6.35029792785645,
Colombia,COL,Americas,Upper middle income,2018,49024463.0,650303209362.0,13264.871649119339,,,,,90.811,27.908,,5.70917510986328,
Colombia,COL,Americas,Upper middle income,2019,49907987.0,671028388046.0,13445.310628256755,,,,,98.962,26.754,,6.01240015029907,
Colombia,COL,Americas,Upper middle income,2020,50629997.0,622365414246.0,12292.424474091911,,,,,92.305,27.111,,5.78060007095337,
Colombia,COL,Americas,Upper middle income,2021,51188174.0,690925195330.0,13497.750385274536,,,,,103.734,29.666,,,
Colombia,COL,Americas,Upper middle income,2022,51737944.0,742716953392.0,14355.362737104513,,,,,89.437,28.384,,,
Colombia,COL,Americas,Upper middle income,2023,52321152.0,,,,,,,89.992,27.398,,,
Comoros,COM,Africa,Lower middle income,1990,444601.0,469560000.0,1056.137975398166,55.59941463,9202.253923,,,0.062,,,,
Comoros,COM,Africa,Lower middle income,1991,455563.0,484441557.0,1063.3909184898687,55.8292439,9066.085704,,,0.066,,,,
Comoros,COM,Africa,Lower middle income,1992,465118.0,534666886.0,1149.5295516406588,56.04812195,8869.27446,,,0.07,,,,
Comoros,COM,Africa,Lower middle income,1993,473681.0,558102852.0,1178.2251177480202,56.26453659,8739.943567,,,0.07,,,,
Comoros,COM,Africa,Lower middle income,1994,482148.0,536542946.0,1112.817943867858,56.48443902,8653.796455,,,0.073,,,,
Comoros,COM,Africa,Lower middle income,1995,490594.0,563630517.0,1148.8736450099268,56.70980488,8494.658268,,,0.077,,,,
Comoros,COM,Africa,Lower middle income,1996,499113.0,563951171.0,1129.90679665727,56.94214634,8323.309204,,,0.077,,,,
Comoros,COM,Africa,Lower middle income,1997,507779.0,595856754.0,1173.4568660775653,57.17646341,8052.195718,,,0.081,,,,
Comoros,COM,Africa,Lower middle income,1998,516606.0,611159252.0,1183.0277851980038,57.41129268,8014.424174,,,0.088,,,,
Comoros,COM,Africa,Lower middle income,1999,525894.0,631495315.0,1200.8034223626814,57.64509756,7634.507506,,,0.095,,,,
Comoros,COM,Africa,Lower middle income,2000,536084.0,656399277.0,1224.4336279389051,57.87943902,7510.39504,,68.489227,0.103,,,,
Comoros,COM,Africa,Lower middle income,2001,547221.0,680582090.0,1243.7060894958345,58.11380488,6927.307883,,,0.106,,,,
Comoros,COM,Africa,Lower middle income,2002,558927.0,705937319.0,1263.022396484693,58.34870732,6760.929787,,,0.106,,,,
Comoros,COM,Africa,Lower middle income,2003,569808.0,731630321.0,1283.9944700671103,58.58314634,6296.301933,,,0.136,,,,
Comoros,COM,Africa,Lower middle income,2004,580711.0,755848590.0,1301.5916523020917,58.81804878,5978.464555,,,0.15,,,,
Comoros,COM,Africa,Lower middle income,2005,592679.0,788522780.0,1330.4381967304391,59.05239024,5690.871585,,,0.143,,,,
Comoros,COM,Africa,Lower middle income,2006,604752.0,888321718.0,1468.9024889541497,59.28604878,5433.831953,,,0.169,,,,
Comoros,COM,Africa,Lower middle income,2007,616935.0,908328164.0,1472.323930397854,59.519,5302.40711,,,0.106,,,3.47602725028992,
Comoros,COM,Africa,Lower middle income,2008,629314.0,956653402.0,1520.1527409210664,59.74970732,4994.572285,,,0.11,,,3.81219100952148,
Comoros,COM,Africa,Lower middle income,2009,641949.0,1004144820.0,1564.2127645654093,59.97817073,4791.258101,,,0.136,,,3.83848595619202,
Comoros,COM,Africa,Lower middle income,2010,654846.0,1011389038.0,1544.4685284784514,60.20341463,4568.165465,,,0.161,,,3.95564031600952,
Comoros,COM,Africa,Lower middle income,2011,668064.0,1067838000.0,1598.4067394740623,60.4254878,4381.087484,,,0.143,,,,
Comoros,COM,Africa,Lower middle income,2012,681637.0,1112133000.0,1631.5619603982766,60.644,4229.322756,,,0.154,,,,
Comoros,COM,Africa,Lower middle income,2013,696203.0,1217488000.0,1748.7543144743702,60.8574878,4058.473131,,,0.183,,,,
Comoros,COM,Africa,Lower middle income,2014,711512.0,1263249000.0,1775.4430002586041,,3878.916903,,77.573273,0.165,,,,
Comoros,COM,Africa,Lower middle income,2015,726685.0,1324576000.0,1822.7650219833904,,3698.968435,,78.13739,0.18,,,,
Comoros,COM,Africa,Lower middle income,2016,741745.0,1356063486.0,1828.2071143047813,,3538.341351,,,0.205,,,3.97281956672668,
Comoros,COM,Africa,Lower middle income,2017,756672.0,1426021134.0,1884.5961446967774,,3404.656635,,,0.264,,,4.6086163520813,
Comoros,COM,Africa,Lower middle income,2018,771597.0,1479483924.0,1917.4308920330172,,,,,0.286,,,,
Comoros,COM,Africa,Lower middle income,2019,786582.0,1533170985.0,1949.1559494115045,,,,,0.311,,15.35,4.28859996795654,
Comoros,COM,Africa,Lower middle income,2020,802172.0,1594579416.0,1987.8273188293783,,,,,0.37,,,4.60860013961792,
Comoros,COM,Africa,Lower middle income,2021,818178.0,1639163875.0,2003.431863237584,,,,,0.498,,,,
Comoros,COM,Africa,Lower middle income,2022,834191.0,1682076951.0,2016.417044777515,,,,,0.532,,,,
Comoros,COM,Africa,Lower middle income,2023,850390.0,,,,,,,0.542,,,,
Congo,COG,Africa,Lower middle income,1990,2380562.0,8597207705.0,3611.41936441899,55.17768293,5908.317361,,,1.008,,,,
Congo,COG,Africa,Lower middle income,1991,2449235.0,9009686346.0,3678.5716135854664,54.68197561,5951.30425,,,1.083,,,,
Congo,COG,Africa,Lower middle income,1992,2519467.0,9460341965.0,3754.898145123552,54.18363415,6012.459164,,,1.289,,,,
Congo,COG,Africa,Lower middle income,1993,2595127.0,9584773341.0,3693.3735192921195,53.71407317,6075.276221,,,1.16,,,,
Congo,COG,Africa,Lower middle income,1994,2673147.0,9269118406.0,3467.492960918348,53.29719512,6160.370725,,,3.384,,,,
Congo,COG,Africa,Lower middle income,1995,2749464.0,9864798737.0,3587.898854831342,52.94941463,6236.766742,,,3.225,,,,
Congo,COG,Africa,Lower middle income,1996,2826786.0,10738735212.0,3798.920474347899,52.67663415,6332.723834,,,4.037,,,,
Congo,COG,Africa,Lower middle income,1997,2887862.0,10724892959.0,3713.783054384178,52.47173171,6807.040554,,,4.831,,,,
Congo,COG,Africa,Lower middle income,1998,2952062.0,11368414038.0,3851.007884658249,52.33312195,6694.2771,,,3.869,,,,
Congo,COG,Africa,Lower middle income,1999,3032876.0,11329492011.0,3735.560573857949,52.27121951,6548.789087,,,3.916,,,,
Congo,COG,Africa,Lower middle income,2000,3151349.0,12472135877.0,3957.713308491062,52.30192683,6397.88001,,,4.284,,,,
Congo,COG,Africa,Lower middle income,2001,3272542.0,13249308227.0,4048.628933410175,52.4412439,6245.326087,,,4.178,,,,
Congo,COG,Africa,Lower middle income,2002,3350770.0,14180954098.0,4232.147863923815,52.69217073,6064.744633,,,2.72,,,,
Congo,COG,Africa,Lower middle income,2003,3445758.0,14627827623.0,4245.169748717119,53.04880488,5871.944965,,,3.258,,,,
Congo,COG,Africa,Lower middle income,2004,3565565.0,15504146539.0,4348.3000699748845,53.49965854,5596.9406,,,3.549,,,,
Congo,COG,Africa,Lower middle income,2005,3696399.0,17078609818.0,4620.337203315984,54.03329268,5327.836043,,,4.352,,,,
Congo,COG,Africa,Lower middle income,2006,3837411.0,18567839817.0,4838.637252303702,54.63426829,5042.519874,,,4.786,,,3.8197922706604,
Congo,COG,Africa,Lower middle income,2007,3980430.0,18699065550.0,4697.750130011079,55.27617073,4867.16758,,,4.259,,,,
Congo,COG,Africa,Lower middle income,2008,4113514.0,20270055811.0,4927.673957351306,55.93404878,4551.173416,,,4.27,,,,
Congo,COG,Africa,Lower middle income,2009,4281218.0,22298715246.0,5208.497966232974,56.5844878,4336.938837,,,4.944,,,4.50982427597046,
Congo,COG,Africa,Lower middle income,2010,4462304.0,24809062977.0,5559.698079064089,57.20402439,4171.834035,,,5.5,,,3.91934180259705,
Congo,COG,Africa,Lower middle income,2011,4609728.0,26249089782.0,5694.281697748761,57.77521951,4016.330899,,79.311172,5.046,,,3.95495057106018,
Congo,COG,Africa,Lower middle income,2012,4740457.0,28860086022.0,6088.038773898804,58.29656098,3885.868417,,,5.018,,,4.05601263046265,
Congo,COG,Africa,Lower middle income,2013,4857104.0,28654592534.0,5899.522129647626,58.77,3816.242947,,,5.89,,,4.69083023071289,
Congo,COG,Africa,Lower middle income,2014,4975887.0,30579326354.0,6145.502571501323,,3624.276339,,,5.471,,,4.11949348449707,
Congo,COG,Africa,Lower middle income,2015,5097583.0,29493455123.0,5785.772418614862,,3524.747857,,79.311172,5.637,,,4.88399124145508,
Congo,COG,Africa,Lower middle income,2016,5222545.0,26313174327.0,5038.381541374943,,3429.862951,,,5.727,,,5.49021434783936,
Congo,COG,Africa,Lower middle income,2017,5351013.0,25159867387.0,4701.888667996134,,3457.201389,,,5.651,,,5.21262264251709,
Congo,COG,Africa,Lower middle income,2018,5483128.0,23950933949.0,4368.1150520286965,,,,,6.545,,,,
Congo,COG,Africa,Lower middle income,2019,5616656.0,24196673159.0,4308.021206746505,,,,,7.294,,11.73,5.34170007705688,
Congo,COG,Africa,Lower middle income,2020,5752792.0,22696964187.0,3945.3823790256974,,,,,7.677,,,5.07520008087158,
Congo,COG,Africa,Lower middle income,2021,5892187.0,23037421913.0,3909.8253183410507,,,,,7.393,,,,
Congo,COG,Africa,Lower middle income,2022,6035104.0,23679011891.0,3923.5466184178435,,,,,8.728,,,,
Congo,COG,Africa,Lower middle income,2023,6182890.0,,,,,,,8.274,,,,
Cook Islands,COK,Oceania,Not classified,1990,17146.0,,,,,,,0.04,,,,
Cook Islands,COK,Oceania,Not classified,1991,17329.0,,,,,,,0.04,,,,
Cook Islands,COK,Oceania,Not classified,1992,17495.0,,,,,,,0.04,,,,
Cook Islands,COK,Oceania,Not classified,1993,17615.0,,,,,,,0.044,,,,
Cook Islands,COK,Oceania,Not classified,1994,17710.0,,,,,,,0.044,,,,
Cook Islands,COK,Oceania,Not classified,1995,17801.0,,,,,,,0.044,,,,
Cook Islands,COK,Oceania,Not classified,1996,17880.0,,,,,,,0.051,,,,
Cook Islands,COK,Oceania,Not classified,1997,17648.0,,,,,,,0.051,,,,
Cook Islands,COK,Oceania,Not classified,1998,17102.0,,,,,,,0.051,,,,
Cook Islands,COK,Oceania,Not classified,1999,16508.0,,,,,,,0.051,,,,
Cook Islands,COK,Oceania,Not classified,2000,15876.0,,,,,,,0.051,,,,
Cook Islands,COK,Oceania,Not classified,2001,15259.0,,,,,,,0.055,,,,
Cook Islands,COK,Oceania,Not classified,2002,14994.0,,,,,,,0.044,,,,
Cook Islands,COK,Oceania,Not classified,2003,15049.0,,,,,,,0.048,,,,
Cook Islands,COK,Oceania,Not classified,2004,15103.0,,,,,,,0.051,,,,
Cook Islands,COK,Oceania,Not classified,2005,15153.0,,,,,,,0.059,,,,
Cook Islands,COK,Oceania,Not classified,2006,15233.0,,,,,,,0.066,,,,
Cook Islands,COK,Oceania,Not classified,2007,15519.0,,,,,,,0.066,,,,
Cook Islands,COK,Oceania,Not classified,2008,16003.0,,,,,,,0.066,,,,
Cook Islands,COK,Oceania,Not classified,2009,16497.0,,,,,,,0.062,,,,
Cook Islands,COK,Oceania,Not classified,2010,17000.0,,,,,,,0.07,,,,
Cook Islands,COK,Oceania,Not classified,2011,17480.0,,,,,,95.0,0.077,,,,
Cook Islands,COK,Oceania,Not classified,2012,17690.0,,,,,,,0.081,,,,
Cook Islands,COK,Oceania,Not classified,2013,17629.0,,,,,,,0.081,,,,
Cook Islands,COK,Oceania,Not classified,2014,17556.0,,,,,,,0.081,,,,
Cook Islands,COK,Oceania,Not classified,2015,17471.0,,,,,,,0.077,,,,
Cook Islands,COK,Oceania,Not classified,2016,17360.0,,,,,,,0.077,,,,
Cook Islands,COK,Oceania,Not classified,2017,17066.0,,,,,,,0.077,,,,
Cook Islands,COK,Oceania,Not classified,2018,16623.0,,,,,,,0.077,,,,
Cook Islands,COK,Oceania,Not classified,2019,16151.0,,,,,,,0.081,,,,
Cook Islands,COK,Oceania,Not classified,2020,15664.0,,,,,,,0.066,,,,
Cook Islands,COK,Oceania,Not classified,2021,15205.0,,,,,,,0.073,,,,
Cook Islands,COK,Oceania,Not classified,2022,14747.0,,,,,,,0.077,,,,
Cook Islands,COK,Oceania,Not classified,2023,14244.0,,,,,,,0.077,,,,
Costa Rica,CRI,Americas,Upper middle income,1990,3121707.0,22906633594.0,7337.855088257803,75.72668293,1411.017208,,,2.909,,,,
Costa Rica,CRI,Americas,Upper middle income,1991,3202182.0,23392535070.0,7305.185985681013,75.93356098,1358.737181,,,3.282,,,,
Costa Rica,CRI,Americas,Upper middle income,1992,3284261.0,25455642664.0,7750.797717964559,76.14195122,1348.744692,,,3.735,,,,
Costa Rica,CRI,Americas,Upper middle income,1993,3367436.0,27068748885.0,8038.385550608831,76.35034146,1327.219564,,,3.881,,,,
Costa Rica,CRI,Americas,Upper middle income,1994,3451122.0,28250615652.0,8185.92204274436,76.55873171,1309.730758,,,5.188,,,,
Costa Rica,CRI,Americas,Upper middle income,1995,3535179.0,29404437442.0,8317.665793443557,76.76760976,1287.48608,,,4.789,,,,
Costa Rica,CRI,Americas,Upper middle income,1996,3619012.0,29695504987.0,8205.417662886997,76.9754878,1200.182183,,,4.673,,,,
Costa Rica,CRI,Americas,Upper middle income,1997,3701713.0,31327517132.0,8462.97839189586,77.17736585,1287.666638,,,4.9,,,,
Costa Rica,CRI,Americas,Upper middle income,1998,3782840.0,33453800269.0,8843.567338031744,77.3732439,1211.075767,,,5.214,,,,
Costa Rica,CRI,Americas,Upper middle income,1999,3862103.0,34758013094.0,8999.76336571034,77.55912195,1155.581827,,,5.415,,,,
Costa Rica,CRI,Americas,Upper middle income,2000,3937737.0,36043077867.0,9153.246615251348,77.7344878,1037.281925,,94.868187,5.367,,,,
Costa Rica,CRI,Americas,Upper middle income,2001,4008951.0,37338984417.0,9313.903915762503,77.89580488,1067.824765,,,5.638,,,,
Costa Rica,CRI,Americas,Upper middle income,2002,4075710.0,38566391693.0,9462.49652036087,78.04409756,1070.539138,,,6.214,,,,
Costa Rica,CRI,Americas,Upper middle income,2003,4138791.0,40104618605.0,9689.93568532453,78.18239024,1024.518663,,,6.551,,,,
Costa Rica,CRI,Americas,Upper middle income,2004,4200079.0,41810218746.0,9954.626745354075,78.31417073,969.7524602,,,6.797,,,7.08246517181396,
Costa Rica,CRI,Americas,Upper middle income,2005,4261240.0,43414436973.0,10188.216803794201,78.44602439,936.2961687,,,6.66,,,7.43213224411011,
Costa Rica,CRI,Americas,Upper middle income,2006,4321337.0,46549505108.0,10772.014565862371,78.5845122,949.4993262,,,6.976,,,6.85067987442017,
Costa Rica,CRI,Americas,Upper middle income,2007,4380250.0,50253055044.0,11472.645406997317,78.73465854,984.8762196,,,7.907,,,7.61492872238159,
Costa Rica,CRI,Americas,Upper middle income,2008,4440058.0,52514579539.0,11827.453501508313,78.9004878,902.8905839,,,7.934,,,7.27105379104614,
Costa Rica,CRI,Americas,Upper middle income,2009,4499788.0,51990443852.0,11553.97628777178,79.0825122,838.4202648,,,7.693,,,7.22888851165771,
Costa Rica,CRI,Americas,Upper middle income,2010,4555965.0,54669051273.0,11999.444963470965,79.27970732,906.1760047,,,7.461,,,7.27225017547607,
Costa Rica,CRI,Americas,Upper middle income,2011,4609834.0,56719502938.0,12304.022864597728,79.48956098,883.4320493,,97.406578,7.276,,,7.15800046920776,
Costa Rica,CRI,Americas,Upper middle income,2012,4663930.0,59489116143.0,12755.147727989057,79.70502439,853.1206777,,,7.217,,,7.24708604812622,
Costa Rica,CRI,Americas,Upper middle income,2013,4716153.0,60973369897.0,12928.62421914641,79.921,827.2508031,,,7.584,,,6.85400438308716,
Costa Rica,CRI,Americas,Upper middle income,2014,4767126.0,63133053443.0,13243.420342361414,,808.6061062,,,7.702,,,7.13561773300171,
Costa Rica,CRI,Americas,Upper middle income,2015,4818045.0,65438671759.0,13581.996797248677,,762.2385612,,97.647247,7.353,,,7.22518157958984,
Costa Rica,CRI,Americas,Upper middle income,2016,4867003.0,68189707920.0,14010.615551295119,,730.5461364,,,7.829,,,7.14107465744019,
Costa Rica,CRI,Americas,Upper middle income,2017,4913177.0,71025038908.0,14456.030977105038,,704.711585,,,7.987,,,6.99761867523193,
Costa Rica,CRI,Americas,Upper middle income,2018,4957813.0,72883048113.0,14700.644843401718,,,,,7.967,,,,
Costa Rica,CRI,Americas,Upper middle income,2019,4999549.0,74645366733.0,14930.420070490358,,,,,7.66,,,7.0693998336792,
Costa Rica,CRI,Americas,Upper middle income,2020,5034323.0,71455765338.0,14193.71886507878,,,,,6.754,,,6.58199977874756,
Costa Rica,CRI,Americas,Upper middle income,2021,5059991.0,77015741091.0,15220.529263984858,,,,,7.665,,,,
Costa Rica,CRI,Americas,Upper middle income,2022,5081764.0,80345898158.0,15810.63153621459,,,,,8.01,,,,
Costa Rica,CRI,Americas,Upper middle income,2023,5105526.0,,,,,,,8.473,,,,
Cote d'Ivoire,CIV,Africa,Lower middle income,1990,12189780.0,26018496693.0,2134.4517040504425,52.60892683,9179.070536,,,4.782,,,,
Cote d'Ivoire,CIV,Africa,Lower middle income,1991,12683875.0,26972060608.0,2126.4842651003737,52.23973171,9217.628245,,,4.309,,,,
Cote d'Ivoire,CIV,Africa,Lower middle income,1992,13200313.0,27466934209.0,2080.779009482578,51.72712195,9268.203978,,,3.844,,,,
Cote d'Ivoire,CIV,Africa,Lower middle income,1993,13735955.0,28127565766.0,2047.7328126074963,51.094,9343.540697,,,5.093,,,,
Cote d'Ivoire,CIV,Africa,Lower middle income,1994,14287211.0,29026826745.0,2031.6650146064196,50.37109756,9422.959335,,,4.133,,,,
Cote d'Ivoire,CIV,Africa,Lower middle income,1995,14855566.0,31414510714.0,2114.662660042707,49.59665854,9472.013486,,,6.225,,,,
Cote d'Ivoire,CIV,Africa,Lower middle income,1996,15442322.0,34617707279.0,2241.7423544852904,48.8092439,9381.517677,,,7.526,,,,
Cote d'Ivoire,CIV,Africa,Lower middle income,1997,16047178.0,37316438035.0,2325.420583918244,48.05604878,9312.110225,,,7.211,,,,
Cote d'Ivoire,CIV,Africa,Lower middle income,1998,16663948.0,39915308009.0,2395.309203377255,47.38502439,9259.434593,,36.350239,6.748,,,,
Cote d'Ivoire,CIV,Africa,Lower middle income,1999,17215937.0,41352107617.0,2401.9667135747536,46.83556098,9174.009995,,,6.095,,,,
Cote d'Ivoire,CIV,Africa,Lower middle income,2000,17699007.0,41297593671.0,2333.328286214023,46.45390244,8990.720864,,48.740761,6.63,,,,
Cote d'Ivoire,CIV,Africa,Lower middle income,2001,18178920.0,42194161007.0,2321.0488305685926,46.27312195,8865.379702,,,7.653,,,,
Cote d'Ivoire,CIV,Africa,Lower middle income,2002,18654772.0,42379148241.0,2271.7591102694796,46.28358537,8697.95646,,,7.45,,,,
Cote d'Ivoire,CIV,Africa,Lower middle income,2003,19125546.0,42761562091.0,2235.8348405321344,46.46295122,8517.537612,,,5.301,,,,
Cote d'Ivoire,CIV,Africa,Lower middle income,2004,19594997.0,44320594821.0,2261.8321820105407,46.791,8319.495761,,,7.386,,,,
Cote d'Ivoire,CIV,Africa,Lower middle income,2005,20068468.0,46182121378.0,2301.2280448113925,47.23229268,8109.901546,,,7.568,,,,
Cote d'Ivoire,CIV,Africa,Lower middle income,2006,20546808.0,48079711067.0,2340.0087773731084,47.74265854,7858.336874,,,6.887,,,,
Cote d'Ivoire,CIV,Africa,Lower middle income,2007,21030558.0,50213105655.0,2387.6259324645594,48.27370732,7635.322324,,,6.653,,,4.19718170166016,
Cote d'Ivoire,CIV,Africa,Lower middle income,2008,21514446.0,52842644609.0,2456.1471212877154,48.78663415,7382.268688,,,6.713,,,,
Cote d'Ivoire,CIV,Africa,Lower middle income,2009,21997936.0,55907844337.0,2541.5040909747167,49.25682927,7130.382602,,,5.66,,,,
Cote d'Ivoire,CIV,Africa,Lower middle income,2010,22488068.0,58369987439.0,2595.5981384883753,49.67529268,6934.066245,,,6.225,,,,
Cote d'Ivoire,CIV,Africa,Lower middle income,2011,22982003.0,57051170312.0,2482.4281117707624,50.04756098,6690.498764,,,6.523,,,3.73936557769775,
Cote d'Ivoire,CIV,Africa,Lower middle income,2012,23467083.0,63249209930.0,2695.2310148645233,50.40173171,6511.577289,,40.981628,8.54,,,3.57036852836609,
Cote d'Ivoire,CIV,Africa,Lower middle income,2013,23939775.0,69113673482.0,2886.9809128114193,50.75741463,6313.076058,,,9.68,,,4.44503879547119,
Cote d'Ivoire,CIV,Africa,Lower middle income,2014,24527393.0,75191536255.0,3065.614688646282,,6191.881529,,,9.903,,,4.54254579544067,
Cote d'Ivoire,CIV,Africa,Lower middle income,2015,25246347.0,81840720288.0,3241.6856303210916,,5980.660728,,43.26532,9.555,,,5.03773498535156,
Cote d'Ivoire,CIV,Africa,Lower middle income,2016,25989404.0,87711151924.0,3374.8812371380277,,5775.739412,,,11.979,,,5.26837491989136,
Cote d'Ivoire,CIV,Africa,Lower middle income,2017,26733376.0,93099253173.0,3482.5101466047536,,5579.573984,,,12.002,,,5.39201211929321,
Cote d'Ivoire,CIV,Africa,Lower middle income,2018,27464175.0,96591406762.0,3516.9964785761813,,,,,10.415,,,5.25650358200073,
Cote d'Ivoire,CIV,Africa,Lower middle income,2019,28193014.0,104618149506.0,3710.782731707933,,,,,10.539,,24.75,5.30600023269653,
Cote d'Ivoire,CIV,Africa,Lower middle income,2020,28915452.0,106396657387.0,3679.5778736918933,,,,,11.019,,,5.23460006713867,
Cote d'Ivoire,CIV,Africa,Lower middle income,2021,29639737.0,113844428305.0,3840.9392197036027,,,,,13.666,,,,
Cote d'Ivoire,CIV,Africa,Lower middle income,2022,30395004.0,121471995793.0,3996.446119664929,,,,,14.504,,,,
Cote d'Ivoire,CIV,Africa,Lower middle income,2023,31165653.0,,,,,,,14.052,,,,
Croatia,HRV,Europe,High income,1990,4835067.0,58374079130.0,12073.06519847605,72.1704878,1017.731323,,,22.885,10.903,,,
Croatia,HRV,Europe,High income,1991,4825159.0,46751295520.0,9689.068385103994,72.18536585,1011.435611,,96.701553,16.999,18.574,,,
Croatia,HRV,Europe,High income,1992,4782235.0,41906545003.0,8762.962297544977,71.24146341,1019.904406,,,16.379,15.173,,,
Croatia,HRV,Europe,High income,1993,4729734.0,39138894948.0,8275.073174939647,71.52243902,963.9329816,,,16.811,15.264,,,
Croatia,HRV,Europe,High income,1994,4675517.0,42079800726.0,9000.031595650278,71.80341463,935.9543134,,,16.055,18.019,,,
Croatia,HRV,Europe,High income,1995,4619362.0,45617097590.0,9875.19436450315,72.08439024,871.316696,,,16.814,18.212,,,
Croatia,HRV,Europe,High income,1996,4562290.0,48751845543.0,10685.827850268177,72.36536585,799.9299198,,,17.338,23.558,,,
Croatia,HRV,Europe,High income,1997,4504627.0,52770093719.0,11714.64223763699,72.49512195,793.1860897,,,18.569,17.617,,,
Croatia,HRV,Europe,High income,1998,4445669.0,54840833756.0,12335.788776897245,72.31707317,719.5487849,,,19.04,17.157,,,
Croatia,HRV,Europe,High income,1999,4385823.0,55058853604.0,12553.824813267658,72.64195122,694.7826365,,,20.082,20.22,,,
Croatia,HRV,Europe,High income,2000,4326105.0,57398794775.0,13268.007774892196,72.80780488,684.7464584,,,19.653,18.794,,,
Croatia,HRV,Europe,High income,2001,4301079.0,57633269426.0,13399.723517284849,74.51292683,693.3474547,,98.146683,20.776,19.785,,,
Croatia,HRV,Europe,High income,2002,4305783.0,61317061359.0,14240.62972030871,74.71731707,658.0882487,,,21.916,15.94,,,
Croatia,HRV,Europe,High income,2003,4306683.0,65731224853.0,15262.610425006902,74.61390244,608.3989889,,,23.226,14.114,,,
Croatia,HRV,Europe,High income,2004,4310050.0,69483828958.0,16121.351018665677,75.5202439,590.5152055,,,22.853,18.938,,,
Croatia,HRV,Europe,High income,2005,4313946.0,73522772944.0,17043.044336669955,75.24463415,563.0705777,,,23.296,17.569,,5.82090759277344,
Croatia,HRV,Europe,High income,2006,4315802.0,78256427771.0,18132.534293973633,75.83682927,522.8015527,,,23.496,16.644,,,
Croatia,HRV,Europe,High income,2007,4315959.0,83591431787.0,19367.98560574834,75.70560976,514.7285736,,,24.802,11.745,,5.43331956863403,
Croatia,HRV,Europe,High income,2008,4314635.0,86620961215.0,20076.080877061442,75.91219512,474.0154798,,,23.516,14.47,,5.5955753326416,
Croatia,HRV,Europe,High income,2009,4310537.0,81451695571.0,18895.950915396388,76.16829268,486.5189736,,,21.752,18.759,,5.38537263870239,
Croatia,HRV,Europe,High income,2010,4301150.0,81303793822.0,18902.803627401972,76.47560976,436.1617851,,,20.978,22.716,,6.0276346206665,
Croatia,HRV,Europe,High income,2011,4280827.0,82302805353.0,19225.912505457472,76.77560976,411.3364724,,99.125359,20.615,14.713,,5.88546276092529,
Croatia,HRV,Europe,High income,2012,4259233.0,80383800465.0,18872.83472517235,76.92439024,374.0677749,,,19.05,16.074,,5.38069248199463,
Croatia,HRV,Europe,High income,2013,4242403.0,80064089923.0,18872.344264088064,77.12682927,394.6500238,,,18.401,25.559,,5.20543813705444,
Croatia,HRV,Europe,High income,2014,4219485.0,79720242860.0,18893.358516501423,,385.1809453,,,17.65,27.249,,5.41687536239624,
Croatia,HRV,Europe,High income,2015,4183732.0,81731110395.0,19535.455520334475,,390.6960315,,99.272591,17.794,21.651,,5.3431658744812,
Croatia,HRV,Europe,High income,2016,4136438.0,84640158587.0,20462.088054263113,,391.685162,,,18.079,22.794,,5.53627109527588,
Croatia,HRV,Europe,High income,2017,4079198.0,87528490789.0,21457.27929583217,,356.288517,,,18.713,19.346,,5.6257438659668,
Croatia,HRV,Europe,High income,2018,4024868.0,89979865983.0,22355.97937199431,,,,,17.695,25.936,,6.50799226760864,
Croatia,HRV,Europe,High income,2019,3986338.0,93057982684.0,23344.22788132868,,,,,17.82,23.27,,5.88170003890991,
Croatia,HRV,Europe,High income,2020,3953956.0,85073361985.0,21516.011302351366,,,,,16.87,25.033,,6.12519979476929,
Croatia,HRV,Europe,High income,2021,3924607.0,96194363488.0,24510.572265707113,,,,,17.403,28.683,,,
Croatia,HRV,Europe,High income,2022,3907031.0,102284645672.0,26179.635040520538,,,,,17.585,25.053,,,
Croatia,HRV,Europe,High income,2023,3896023.0,,,,,,,18.468,29.586,,,
Cuba,CUB,Americas,Upper middle income,1990,10631796.0,49943661000.0,4697.575179207727,74.64429268,1013.089428,,,29.638,,,,
Cuba,CUB,Americas,Upper middle income,1991,10717640.0,42598295390.0,3974.5965893610905,74.70056098,957.9009129,,,26.961,,,,
Cuba,CUB,Americas,Upper middle income,1992,10785807.0,36651621015.0,3398.1343273618745,74.80378049,895.3622082,,,20.754,,,,
Cuba,CUB,Americas,Upper middle income,1993,10841040.0,28833506799.0,2659.6624308184455,74.95892683,878.2471234,,,19.79,,,,
Cuba,CUB,Americas,Upper middle income,1994,10886022.0,29226990747.0,2684.818269428447,75.16446341,931.6861599,,,21.426,,,,
Cuba,CUB,Americas,Upper middle income,1995,10925362.0,31242330737.0,2859.615153896045,75.411,920.0709601,,,22.868,,,,
Cuba,CUB,Americas,Upper middle income,1996,10962009.0,35625751288.0,3249.9290310745046,75.68114634,786.9457062,,,23.304,,,,
Cuba,CUB,Americas,Upper middle income,1997,10997933.0,37729137308.0,3430.5662080320003,75.95402439,736.0885629,,,24.824,,,,
Cuba,CUB,Americas,Upper middle income,1998,11034716.0,37789591716.0,3424.6093615821196,76.21265854,694.9131372,,,24.309,,,,
Cuba,CUB,Americas,Upper middle income,1999,11072230.0,40250898358.0,3635.30186403281,76.4515122,650.5616688,,,24.489,,,,
Cuba,CUB,Americas,Upper middle income,2000,11109112.0,44692111238.0,4023.0138320686656,76.66895122,663.2076046,,,25.299,,,,
Cuba,CUB,Americas,Upper middle income,2001,11144134.0,47301967982.0,4244.5620253668885,76.87180488,594.5019164,,,24.681,,,,
Cuba,CUB,Americas,Upper middle income,2002,11177422.0,48976944311.0,4381.774644546837,77.07190244,589.1215412,,99.799072,25.179,,,,
Cuba,CUB,Americas,Upper middle income,2003,11209379.0,50659542457.0,4519.388849016525,77.27768293,579.8240416,,,25.554,,,,
Cuba,CUB,Americas,Upper middle income,2004,11238756.0,51357046933.0,4569.638039387989,77.49014634,556.712936,,,24.54,,,5.41786861419678,
Cuba,CUB,Americas,Upper middle income,2005,11262553.0,53114045326.0,4715.986271141188,77.70690244,561.5747895,,,25.706,,,,
Cuba,CUB,Americas,Upper middle income,2006,11278550.0,61018245782.0,5410.114401407983,77.92509756,519.9127528,,,26.781,,,,
Cuba,CUB,Americas,Upper middle income,2007,11287274.0,63463487934.0,5622.569978721169,78.13743902,529.323149,,,25.724,,,,
Cuba,CUB,Americas,Upper middle income,2008,11291764.0,67603097135.0,5986.938545208703,78.34104878,525.1849281,,,27.738,,,,
Cuba,CUB,Americas,Upper middle income,2009,11294719.0,70355905283.0,6229.097446603143,78.534,506.7867174,,,28.261,,,,
Cuba,CUB,Americas,Upper middle income,2010,11297414.0,74083580619.0,6557.569778269611,78.71778049,469.3698218,,,33.042,,,,
Cuba,CUB,Americas,Upper middle income,2011,11301578.0,78036992000.0,6904.964244816078,78.89382927,472.8537983,,,29.076,,,,
Cuba,CUB,Americas,Upper middle income,2012,11303172.0,80388156000.0,7111.999711231502,79.06702439,445.0782552,,99.752533,29.476,,,,
Cuba,CUB,Americas,Upper middle income,2013,11298163.0,83013750000.0,7347.5440210944025,79.23926829,434.197861,,,27.894,,,,
Cuba,CUB,Americas,Upper middle income,2014,11285780.0,85723464000.0,7595.705746523501,,428.8551768,,,27.366,,,,
Cuba,CUB,Americas,Upper middle income,2015,11275069.0,88467246000.0,7846.270918608126,,429.9849347,,99.710716,29.091,,,,
Cuba,CUB,Americas,Upper middle income,2016,11265615.0,88635596816.0,7867.799211671977,,391.2825116,,,27.772,,,,
Cuba,CUB,Americas,Upper middle income,2017,11247824.0,90020495157.0,8003.369821309438,,381.9394847,,,24.559,,,,
Cuba,CUB,Americas,Upper middle income,2018,11227116.0,91854653880.0,8181.50038531712,,,,,23.019,,,,
Cuba,CUB,Americas,Upper middle income,2019,11202847.0,91703236400.0,8185.708186499378,,,,,22.487,,,,
Cuba,CUB,Americas,Upper middle income,2020,11176349.0,81663255167.0,7306.791794619156,,,,,21.281,,,,
Cuba,CUB,Americas,Upper middle income,2021,11122169.0,82687389665.0,7434.46621472844,,,,,22.549,,,,
Cuba,CUB,Americas,Upper middle income,2022,11059822.0,84154971449.0,7609.071054579359,,,,,23.259,,,,
Cuba,CUB,Americas,Upper middle income,2023,11019932.0,,,,,,,23.47,,,,
Curacao,CUW,Americas,Not classified,1990,155750.0,,,,,,,4.799,,,,
Curacao,CUW,Americas,Not classified,1991,155455.0,,,,,,,3.83,,,,
Curacao,CUW,Americas,Not classified,1992,155101.0,,,,,,,3.155,,,,
Curacao,CUW,Americas,Not classified,1993,154504.0,,,,,,,4.87,,,,
Curacao,CUW,Americas,Not classified,1994,153677.0,,,,,,,4.669,,,,
Curacao,CUW,Americas,Not classified,1995,152705.0,,,,,,,4.621,,,,
Curacao,CUW,Americas,Not classified,1996,151582.0,,,,,,,4.322,,,,
Curacao,CUW,Americas,Not classified,1997,150316.0,,,,,,,4.523,,,,
Curacao,CUW,Americas,Not classified,1998,148874.0,,,,,,,0.25,,,,
Curacao,CUW,Americas,Not classified,1999,147276.0,,,,,,,1.871,,,,
Curacao,CUW,Americas,Not classified,2000,145540.0,,,,,,,4.964,,,,
Curacao,CUW,Americas,Not classified,2001,144758.0,,,,,,,5.055,,,,
Curacao,CUW,Americas,Not classified,2002,145911.0,,,,,,,4.874,,,,
Curacao,CUW,Americas,Not classified,2003,147923.0,,,,,,,4.877,,,,
Curacao,CUW,Americas,Not classified,2004,149805.0,,,,,,,5.117,,,,
Curacao,CUW,Americas,Not classified,2005,151324.0,,,,,,,5.071,,,,
Curacao,CUW,Americas,Not classified,2006,152516.0,,,,,,,5.285,,,,
Curacao,CUW,Americas,Not classified,2007,153672.0,,,,,,,5.95,,,,
Curacao,CUW,Americas,Not classified,2008,154784.0,,,,,,,5.723,,,,
Curacao,CUW,Americas,Not classified,2009,155832.0,,,,,,,5.856,,,,
Curacao,CUW,Americas,Not classified,2010,156881.0,,,,,,,4.034,,,,
Curacao,CUW,Americas,Not classified,2011,158572.0,,,,,,,5.146,,,,
Curacao,CUW,Americas,Not classified,2012,160904.0,,,,,,,6.287,,,,
Curacao,CUW,Americas,Not classified,2013,163122.0,,,,,,,5.932,,,,
Curacao,CUW,Americas,Not classified,2014,165041.0,,,,,,,6.797,,,,
Curacao,CUW,Americas,Not classified,2015,166621.0,,,,,,,7.332,,,,
Curacao,CUW,Americas,Not classified,2016,167787.0,,,,,,,6.203,,,,
Curacao,CUW,Americas,Not classified,2017,168525.0,,,,,,,4.968,,,,
Curacao,CUW,Americas,Not classified,2018,181590.0,,,,,,,4.324,,,,
Curacao,CUW,Americas,Not classified,2019,189555.0,,,,,,,2.396,,,,
Curacao,CUW,Americas,Not classified,2020,185029.0,,,,,,,2.008,,,,
Curacao,CUW,Americas,Not classified,2021,185324.0,,,,,,,2.14,,,,
Curacao,CUW,Americas,Not classified,2022,185350.0,,,,,,,2.209,,,,
Curacao,CUW,Americas,Not classified,2023,185437.0,,,,,,,2.205,,,,
Cyprus,CYP,Asia,High income,1990,788355.0,10601790424.0,13447.990339377564,76.51395122,1220.67838,,,4.648,0.0,,,
Cyprus,CYP,Asia,High income,1991,798950.0,10802933313.0,13521.413496464109,76.67139024,1149.480358,,,5.136,0.0,,,
Cyprus,CYP,Asia,High income,1992,810344.0,11948250048.0,14744.664053784565,76.82631707,1055.695748,,94.362473,5.509,0.0,,,
Cyprus,CYP,Asia,High income,1993,826042.0,12173586499.0,14737.248831173234,76.97826829,1006.806746,,,5.753,0.0,,,
Cyprus,CYP,Asia,High income,1994,844669.0,13051263000.0,15451.334191263086,77.12770732,978.564497,,,5.995,0.0,,,
Cyprus,CYP,Asia,High income,1995,862698.0,14530339515.0,16842.903907276937,77.27465854,945.8009891,,,5.866,0.0,,,
Cyprus,CYP,Asia,High income,1996,880295.0,14861081660.0,16881.933510925315,77.41909756,901.4894166,,,6.216,0.0,,,
Cyprus,CYP,Asia,High income,1997,897574.0,15384666855.0,17140.27685182503,77.56102439,840.5273237,,,6.302,0.0,,,
Cyprus,CYP,Asia,High income,1998,914552.0,16341391926.0,17868.193307761616,77.70092683,773.5326207,,,6.597,0.0,,,
Cyprus,CYP,Asia,High income,1999,931235.0,17289794170.0,18566.520985572923,77.83780488,691.5455328,,,6.863,0.0,,,
Cyprus,CYP,Asia,High income,2000,947667.0,18447964503.0,19466.716159790307,77.97165854,601.5638892,,,7.107,0.0,,,
Cyprus,CYP,Asia,High income,2001,964129.0,19289559263.0,20007.238930682513,78.10197561,527.2361573,,96.803627,6.98,0.0,,,
Cyprus,CYP,Asia,High income,2002,981443.0,20131146271.0,20511.783436226047,78.22926829,477.8288771,,,7.172,0.0,,,
Cyprus,CYP,Asia,High income,2003,999600.0,20821863547.0,20830.1956252501,78.35304878,433.0466857,,,7.561,0.0,,,
Cyprus,CYP,Asia,High income,2004,1017875.0,21975893073.0,21589.972317818985,78.47634146,398.6191334,,,7.787,0.007,,6.2379584312439,
Cyprus,CYP,Asia,High income,2005,1036156.0,23006188640.0,22203.402422029114,78.60119512,373.6831026,,,7.952,0.007,,,
Cyprus,CYP,Asia,High income,2006,1054424.0,24267407225.0,23014.847181968544,78.72914634,355.7408784,,,8.183,0.012,,,
Cyprus,CYP,Asia,High income,2007,1072727.0,25673703212.0,23933.11924842015,78.86373171,351.2699373,,,8.475,0.058,,6.83347749710083,
Cyprus,CYP,Asia,High income,2008,1091029.0,26913613219.0,24668.100682016702,79.00495122,344.6349603,,,8.692,0.588,,6.38654613494873,
Cyprus,CYP,Asia,High income,2009,1109377.0,26682210733.0,24051.526877698023,79.15382927,323.8996812,,,8.438,0.773,,6.68960857391357,
Cyprus,CYP,Asia,High income,2010,1127826.0,27285556934.0,24193.05543053627,79.30982927,290.7282582,,,8.072,1.095,,6.18050718307495,
Cyprus,CYP,Asia,High income,2011,1146493.0,27627899267.0,24097.747885944354,79.47195122,268.9613894,,98.678429,7.792,2.0,,5.43895244598389,
Cyprus,CYP,Asia,High income,2012,1165403.0,26675451028.0,22889.46487009215,79.63712195,248.7151072,,,7.262,2.771,,5.62712383270264,
Cyprus,CYP,Asia,High income,2013,1183899.0,24918237857.0,21047.604446832036,79.80431707,226.7269613,,,6.578,3.68,,5.43916130065918,
Cyprus,CYP,Asia,High income,2014,1201806.0,24475580582.0,20365.666823097905,,236.9572396,,,6.93,3.369,,5.79461860656738,
Cyprus,CYP,Asia,High income,2015,1219504.0,25312505108.0,20756.39367152547,,255.3956798,,99.059776,6.952,3.967,,6.06205129623413,
Cyprus,CYP,Asia,High income,2016,1237114.0,26976335005.0,21805.86025620921,,262.5787368,,,7.35,3.794,,6.27644300460815,
Cyprus,CYP,Asia,High income,2017,1254274.0,28523085691.0,22740.713505183077,,251.0092208,,,7.469,3.751,,6.13683271408081,
Cyprus,CYP,Asia,High income,2018,1270743.0,30134014224.0,23713.696808874807,,,,,7.324,3.984,,6.25981044769287,
Cyprus,CYP,Asia,High income,2019,1286669.0,31800247242.0,24715.173243468213,,,,,7.324,4.432,,6.22349977493286,
Cyprus,CYP,Asia,High income,2020,1302250.0,30409793367.0,23351.73228412363,,,,,6.903,6.388,,6.22090005874634,
Cyprus,CYP,Asia,High income,2021,1317311.0,32428676744.0,24617.327832227926,,,,,6.951,7.388,,,
Cyprus,CYP,Asia,High income,2022,1331376.0,34255009922.0,25729.027654096215,,,,,7.071,7.765,,,
Cyprus,CYP,Asia,High income,2023,1344981.0,,,,,,,7.188,9.266,,,
Czechia,CZE,Europe,High income,1990,10301989.0,146168284839.0,14188.355747516329,,,,,164.252,0.591,,,
Czechia,CZE,Europe,High income,1991,10304420.0,130499462994.0,12664.41614316963,,,,,148.886,0.609,,,
Czechia,CZE,Europe,High income,1992,10312449.0,131496641304.0,12751.252520521555,,,,,145.708,0.812,,,
Czechia,CZE,Europe,High income,1993,10320404.0,133342958573.0,12920.323523478344,,,,,140.126,0.91,,,
Czechia,CZE,Europe,High income,1994,10322332.0,139002246482.0,13466.166994241225,,,,,132.67,1.104,,,
Czechia,CZE,Europe,High income,1995,10312041.0,149541611781.0,14501.650234032235,,,,,131.624,1.445,,,
Czechia,CZE,Europe,High income,1996,10296140.0,157900113788.0,15335.855358221625,,,,,135.019,1.323,,,
Czechia,CZE,Europe,High income,1997,10280049.0,158827904845.0,15450.11165267792,,,,,130.942,1.379,,,
Czechia,CZE,Europe,High income,1998,10265430.0,160364287569.0,15621.779854229195,,,,,125.717,1.31,,,
Czechia,CZE,Europe,High income,1999,10251385.0,164728010192.0,16068.854129661504,,,,,116.669,1.629,,,
Czechia,CZE,Europe,High income,2000,10236809.0,174309526192.0,17027.720864187268,,,,,127.233,1.525,,,
Czechia,CZE,Europe,High income,2001,10231942.0,181753179328.0,17763.3121188529,,,,,127.165,1.618,,,
Czechia,CZE,Europe,High income,2002,10239474.0,187044887124.0,18267.04058470191,,,,,123.988,1.884,,,
Czechia,CZE,Europe,High income,2003,10248907.0,196328003846.0,19155.994277828846,,,,,127.592,1.173,,6.43925666809082,
Czechia,CZE,Europe,High income,2004,10261453.0,208725903761.0,20340.774718843422,,,,,128.314,1.538,,,
Czechia,CZE,Europe,High income,2005,10280155.0,225302570264.0,21916.261988656785,,,,,125.713,1.695,,6.50019407272339,
Czechia,CZE,Europe,High income,2006,10304592.0,243991794814.0,23677.967532727158,,,,,126.533,1.902,,,
Czechia,CZE,Europe,High income,2007,10337539.0,260673045889.0,25216.16081825665,,,,,128.364,1.887,,,
Czechia,CZE,Europe,High income,2008,10378298.0,271709547503.0,26180.549787932472,,,,,122.928,2.311,,6.24961757659912,
Czechia,CZE,Europe,High income,2009,10420985.0,261919697582.0,25133.871470115348,,,,,114.972,3.141,,6.33149099349976,
Czechia,CZE,Europe,High income,2010,10464035.0,271231988282.0,25920.401478206066,,,,,117.464,3.759,,6.33414936065674,
Czechia,CZE,Europe,High income,2011,10495508.0,279082754736.0,26590.685723454262,,,,,115.178,4.745,,6.69765567779541,
Czechia,CZE,Europe,High income,2012,10507339.0,276891945353.0,26352.24249955198,,,,,111.276,5.199,,6.48372983932495,
Czechia,CZE,Europe,High income,2013,10511164.0,276764861619.0,26330.56259221148,,,,,106.71,6.019,,6.6080174446106,
Czechia,CZE,Europe,High income,2014,10517223.0,283025537919.0,26910.671944390644,,,,,104.233,6.231,,6.73562717437744,
Czechia,CZE,Europe,High income,2015,10524418.0,298276052489.0,28341.33464567827,,,,,104.99,6.44,,6.7895679473877,
Czechia,CZE,Europe,High income,2016,10531946.0,305844147713.0,29039.661588940922,,,,,106.636,6.502,,7.03416538238525,
Czechia,CZE,Europe,High income,2017,10541343.0,321652381589.0,30513.41575632251,,,,,107.736,6.312,,,
Czechia,CZE,Europe,High income,2018,10548934.0,332009886797.0,31473.31159688742,,,,,106.322,6.179,,6.89709138870239,
Czechia,CZE,Europe,High income,2019,10554872.0,342069373423.0,32408.67093632211,,,,,100.997,6.744,,6.96470022201538,
Czechia,CZE,Europe,High income,2020,10550129.0,323245433506.0,30639.002945461616,,,,,91.661,7.539,,6.9197998046875,
Czechia,CZE,Europe,High income,2021,10530683.0,334729441747.0,31786.109385972402,,,,,96.629,7.275,,,
Czechia,CZE,Europe,High income,2022,10673216.0,342966849621.0,32133.41223685532,,,,,95.04,7.496,,,
Czechia,CZE,Europe,High income,2023,10809722.0,,,,,,,83.232,8.386,,,
Democratic Republic of Congo,COD,Africa,Low income,1990,36684065.0,31745582566.0,865.3779935784107,47.43878049,9681.262885,,,4.249,,,,
Democratic Republic of Congo,COD,Africa,Low income,1991,37925828.0,29817690890.0,786.2106765342078,47.40526829,9694.17678,,,3.133,,,,
Democratic Republic of Congo,COD,Africa,Low income,1992,39228908.0,27407295375.0,698.650479258816,47.27226829,9662.332861,,,2.808,,,,
Democratic Republic of Congo,COD,Africa,Low income,1993,40656338.0,24338479562.0,598.6392468992166,47.04726829,9694.324941,,,2.662,,,,
Democratic Republic of Congo,COD,Africa,Low income,1994,42626873.0,23485765006.0,550.9614792996897,46.75229268,9888.85317,,,2.751,,,,
Democratic Republic of Congo,COD,Africa,Low income,1995,44433718.0,24780657990.0,557.6994027373537,46.44031707,9765.061421,,,3.096,,,,
Democratic Republic of Congo,COD,Africa,Low income,1996,45296125.0,24914388506.0,550.033551567601,46.17690244,9905.51078,,,3.473,,,,
Democratic Republic of Congo,COD,Africa,Low income,1997,46029907.0,23716345473.0,515.2377447340921,46.01702439,9953.93269,,,3.089,,,,
Democratic Republic of Congo,COD,Africa,Low income,1998,47297595.0,23460462170.0,496.01807808621135,45.99363415,9997.749359,,,2.733,,,,
Democratic Republic of Congo,COD,Africa,Low income,1999,48912972.0,23134197386.0,472.9665043866073,46.1132439,9869.007204,,,2.199,,,,
Democratic Republic of Congo,COD,Africa,Low income,2000,50507445.0,21854113779.0,432.6909385141141,46.35573171,9791.821376,,,1.705,,,,
Democratic Republic of Congo,COD,Africa,Low income,2001,52132646.0,21977293171.0,421.5648898964384,46.67804878,9661.57271,,67.172989,1.647,,,,
Democratic Republic of Congo,COD,Africa,Low income,2002,53750529.0,23244764997.0,432.4564879538209,47.01914634,9617.339628,,,1.734,,,,
Democratic Republic of Congo,COD,Africa,Low income,2003,55343873.0,25228484809.0,455.849644078939,47.3314878,9459.607926,,,2.096,,,,
Democratic Republic of Congo,COD,Africa,Low income,2004,56997740.0,27653538438.0,485.16903368449346,47.59912195,9190.178822,,,2.028,,,,
Democratic Republic of Congo,COD,Africa,Low income,2005,58775726.0,30164653557.0,513.2161797031653,47.82160976,8893.771268,,,2.287,,,,
Democratic Republic of Congo,COD,Africa,Low income,2006,60615909.0,32708306949.0,539.5993805685566,48.01553659,8665.130918,,,2.352,,,,
Democratic Republic of Congo,COD,Africa,Low income,2007,62477753.0,35814302298.0,573.2328801581581,48.2135122,8455.081648,,61.205551,2.623,,,3.98384857177734,
Democratic Republic of Congo,COD,Africa,Low income,2008,64390658.0,39245769597.0,609.4947748010278,48.43958537,8200.356268,,,2.685,,,,
Democratic Republic of Congo,COD,Africa,Low income,2009,66412038.0,41718890407.0,628.1826557859887,48.69780488,7962.774469,,,2.446,,,4.51696395874023,
Democratic Republic of Congo,COD,Africa,Low income,2010,68563038.0,46223524668.0,674.1755618821908,48.98768293,7667.958826,,,2.735,,,4.63922739028931,
Democratic Republic of Congo,COD,Africa,Low income,2011,70849311.0,51169100367.0,722.2243892675258,49.30070732,7384.826729,,,3.041,,,4.49747705459595,
Democratic Republic of Congo,COD,Africa,Low income,2012,73254623.0,55604951736.0,759.0640625643517,49.62326829,7130.06186,,75.017189,2.797,,,4.41429996490479,
Democratic Republic of Congo,COD,Africa,Low income,2013,75789397.0,60956372609.0,804.2862857056377,49.94385366,6803.856659,,,3.921,,,3.90274167060852,
Democratic Republic of Congo,COD,Africa,Low income,2014,78403248.0,65407411596.0,834.2436476101092,,6520.957582,,,5.066,,,4.52193546295166,
Democratic Republic of Congo,COD,Africa,Low income,2015,81035532.0,69567321729.0,858.479237589259,,6223.898118,,77.221672,3.274,,,4.31103324890137,
Democratic Republic of Congo,COD,Africa,Low income,2016,83956416.0,69841412960.0,831.8770177135717,,6001.722462,,,2.659,,,,
Democratic Republic of Congo,COD,Africa,Low income,2017,87083400.0,72396212035.0,831.343425210775,,5794.176295,,,2.92,,,,
Democratic Republic of Congo,COD,Africa,Low income,2018,90047647.0,75889338637.0,842.7687026291759,,,,,3.774,,,,
Democratic Republic of Congo,COD,Africa,Low income,2019,92947450.0,79292965259.0,853.0945739662573,,,,,4.118,,5.92,,
Democratic Republic of Congo,COD,Africa,Low income,2020,95990000.0,80617953765.0,839.8578369100948,,,,,4.305,,,,
Democratic Republic of Congo,COD,Africa,Low income,2021,99148930.0,85639643645.0,863.7475325754903,,,,,4.292,,,,
Democratic Republic of Congo,COD,Africa,Low income,2022,102396974.0,91314988450.0,891.7742867089022,,,,,5.892,,,,
Democratic Republic of Congo,COD,Africa,Low income,2023,105789733.0,,,,,,,5.881,,,,
Denmark,DNK,Europe,High income,1990,5141024.0,151205742035.0,29411.600108266368,74.80536585,772.3837357,,,53.477,1.204,,,
Denmark,DNK,Europe,High income,1991,5154346.0,154212932867.0,29919.01064984772,75.15780488,733.0875762,,,64.105,1.391,,,
Denmark,DNK,Europe,High income,1992,5171372.0,158125301722.0,30577.05029187612,75.19414634,661.7376468,,,58.327,1.949,,,
Denmark,DNK,Europe,High income,1993,5188638.0,159069870418.0,30657.34599677218,75.11682927,569.9385817,,,60.574,2.261,,,
Denmark,DNK,Europe,High income,1994,5206188.0,168493895001.0,32364.158766644618,75.37512195,558.4183135,,,64.673,2.034,,,
Denmark,DNK,Europe,High income,1995,5233364.0,174484978091.0,33340.88324278609,75.21268293,517.0210055,,,61.653,2.209,,,
Denmark,DNK,Europe,High income,1996,5263071.0,180654110941.0,34324.84778202688,75.59146341,519.7169856,,,74.9,2.093,,,
Denmark,DNK,Europe,High income,1997,5285041.0,187647333700.0,35505.369532611,75.94512195,494.7737704,,,65.438,3.228,,,
Denmark,DNK,Europe,High income,1998,5304263.0,192859238471.0,36359.290342692286,76.13902439,461.1015401,,,61.238,4.456,,,
Denmark,DNK,Europe,High income,1999,5321814.0,199699305568.0,37524.66838713266,76.34146341,429.5950501,,,58.653,5.143,,,
Denmark,DNK,Europe,High income,2000,5339659.0,208333676429.0,39016.28857367109,76.59268293,454.2930532,,,54.307,6.759,,,
Denmark,DNK,Europe,High income,2001,5358825.0,211243390442.0,39419.72175654178,76.79268293,447.2449237,,,55.897,7.065,,,
Denmark,DNK,Europe,High income,2002,5375967.0,213517288371.0,39717.00130804374,76.89512195,429.5363864,,,55.554,8.197,,,
Denmark,DNK,Europe,High income,2003,5390621.0,215549132167.0,39985.95563794969,77.14390244,434.6693005,,99.0,60.645,9.054,,8.01893424987793,
Denmark,DNK,Europe,High income,2004,5404594.0,222528951750.0,41174.0367084003,77.49268293,427.0632398,,,55.1,11.24,,,
Denmark,DNK,Europe,High income,2005,5419550.0,229074701412.0,42268.2144111596,77.84390244,418.0596351,,,51.535,11.955,,7.83423328399658,
Denmark,DNK,Europe,High income,2006,5437425.0,239411013967.0,44030.21907741256,78.09512195,369.2359646,,,59.5,10.242,,7.97089195251465,
Denmark,DNK,Europe,High income,2007,5461604.0,242913735233.0,44476.62906959201,78.19512195,388.3049547,,,54.709,11.953,,7.68335866928101,
Denmark,DNK,Europe,High income,2008,5493762.0,243090598807.0,44248.47650972139,78.44634146,378.9939647,,,51.256,12.095,,7.77051544189453,
Denmark,DNK,Europe,High income,2009,5523169.0,232507363099.0,42096.7316225522,78.59756098,329.1438879,,,48.851,12.844,,7.78823184967041,
Denmark,DNK,Europe,High income,2010,5547865.0,238190225279.0,42933.673634632425,79.1,326.2846036,,,49.19,14.973,,7.51990938186646,
Denmark,DNK,Europe,High income,2011,5570848.0,242757622888.0,43576.42191781216,79.8,325.6319545,,,44.237,18.525,,7.58860683441162,
Denmark,DNK,Europe,High income,2012,5591911.0,243307499552.0,43510.617309896385,80.05121951,333.2961611,,,39.861,21.232,,7.50755929946899,
Denmark,DNK,Europe,High income,2013,5615333.0,245578374484.0,43733.537171170436,80.30243902,351.3484544,,,41.763,21.856,,7.5144248008728,
Denmark,DNK,Europe,High income,2014,5643795.0,249555233739.0,44217.6290490707,,378.4038403,,,37.571,25.305,,7.5577826499939,
Denmark,DNK,Europe,High income,2015,5683698.0,255401297489.0,44935.76145125937,,359.1811154,,,35.111,27.025,,7.59370231628418,
Denmark,DNK,Europe,High income,2016,5728196.0,263691544304.0,46033.959784895625,,335.9478378,,,36.917,26.005,,7.64878559112549,
Denmark,DNK,Europe,High income,2017,5765164.0,271132202845.0,47029.39983060326,,322.1204886,,,34.665,30.501,,7.69300317764282,
Denmark,DNK,Europe,High income,2018,5793824.0,276526484620.0,47727.80198708142,,,,,34.609,29.38,,7.5146312713623,
Denmark,DNK,Europe,High income,2019,5814618.0,280656364923.0,48267.37799852028,,,,,30.95,30.183,,7.61950016021729,
Denmark,DNK,Europe,High income,2020,5831529.0,275058379473.0,47167.454620049044,,,,,28.3,34.672,,7.63619995117188,
Denmark,DNK,Europe,High income,2021,5856774.0,288414406840.0,49244.58530242075,,,,,29.604,38.81,,,
Denmark,DNK,Europe,High income,2022,5902901.0,299429011832.0,50725.73838388955,,,,,29.094,40.792,,,
Denmark,DNK,Europe,High income,2023,5948134.0,,,,,,,28.831,40.938,,,
Djibouti,DJI,Africa,Lower middle income,1990,579544.0,1151692000.0,1987.238242480295,56.66317073,5780.337846,,,0.297,,,,
Djibouti,DJI,Africa,Lower middle income,1991,631096.0,1111365143.0,1761.0080605803237,56.81614634,6501.54778,,,0.3,,,,
Djibouti,DJI,Africa,Lower middle income,1992,626016.0,1171473816.0,1871.3160941573378,56.92958537,7329.184065,,,0.304,,,,
Djibouti,DJI,Africa,Lower middle income,1993,614247.0,1223279012.0,1991.5099495805434,57.00358537,7497.667712,,,0.304,,,,
Djibouti,DJI,Africa,Lower middle income,1994,626717.0,1189922913.0,1898.6606602342047,57.04365854,7172.703587,,,0.3,,,,
Djibouti,DJI,Africa,Lower middle income,1995,633075.0,1251123077.0,1976.263597520041,57.05341463,7144.395631,,,0.311,,,,
Djibouti,DJI,Africa,Lower middle income,1996,648354.0,1182573365.0,1823.9624726615398,57.03841463,7221.258695,,,0.304,,,,
Djibouti,DJI,Africa,Lower middle income,1997,671826.0,1231663949.0,1833.3079532497998,57.01119512,7069.607094,,,0.333,,,,
Djibouti,DJI,Africa,Lower middle income,1998,699355.0,1226205283.0,1753.3374080402657,56.98773171,6662.308607,,,0.388,,,,
Djibouti,DJI,Africa,Lower middle income,1999,724228.0,1247108046.0,1721.9826435873786,56.98146341,6335.615891,,,0.388,,,,
Djibouti,DJI,Africa,Lower middle income,2000,747326.0,1258388183.0,1683.8544129335792,57.01034146,6097.093823,,,0.366,,,,
Djibouti,DJI,Africa,Lower middle income,2001,771311.0,1279069473.0,1658.3057586369182,57.0882439,5656.964776,,,0.366,,,,
Djibouti,DJI,Africa,Lower middle income,2002,795576.0,1306309835.0,1641.9673733244845,57.22056098,5328.374637,,,0.399,,,,
Djibouti,DJI,Africa,Lower middle income,2003,813528.0,1344454879.0,1652.6227480799678,57.41121951,5114.387927,,67.900002,0.421,,,,
Djibouti,DJI,Africa,Lower middle income,2004,826133.0,1377810002.0,1667.7823086597436,57.66363415,5027.02684,,,0.407,,,,
Djibouti,DJI,Africa,Lower middle income,2005,839174.0,1416452247.0,1687.9124555813216,57.98129268,4956.222357,,,0.414,,,,
Djibouti,DJI,Africa,Lower middle income,2006,855767.0,1590366862.0,1858.4110651614283,58.36417073,4822.309155,,,0.414,,,5.00933027267456,
Djibouti,DJI,Africa,Lower middle income,2007,874530.0,1662836538.0,1901.4059414771364,58.80034146,4555.735096,,,0.454,,,4.90592527389526,
Djibouti,DJI,Africa,Lower middle income,2008,892739.0,1746582380.0,1956.43114056852,59.27587805,4161.001352,,,0.495,,,5.00581073760986,
Djibouti,DJI,Africa,Lower middle income,2009,911524.0,1828090863.0,2005.5323425384302,59.77731707,3892.732544,,,0.443,,,4.36919355392456,
Djibouti,DJI,Africa,Lower middle income,2010,930252.0,1885010108.0,2026.3435155205257,60.29119512,3708.842028,,,0.517,,,,
Djibouti,DJI,Africa,Lower middle income,2011,948565.0,1960630000.0,2066.9432247658306,60.80307317,3477.165291,,,0.315,,,,
Djibouti,DJI,Africa,Lower middle income,2012,966754.0,2054196000.0,2124.8383766707975,61.30397561,3308.330805,,,0.293,,,,
Djibouti,DJI,Africa,Lower middle income,2013,984833.0,2157408000.0,2190.6333358041416,61.78695122,3151.235515,,,0.381,,,,
Djibouti,DJI,Africa,Lower middle income,2014,1002720.0,2286630000.0,2280.427237912877,,3008.112905,,,0.418,,,,
Djibouti,DJI,Africa,Lower middle income,2015,1020316.0,2435148000.0,2386.6606031856795,,2822.15198,,,0.505,,,,
Djibouti,DJI,Africa,Lower middle income,2016,1037660.0,2612607480.0,2517.787599020874,,2638.819656,,,0.428,,,,
Djibouti,DJI,Africa,Lower middle income,2017,1054844.0,2767106002.0,2623.2371819908917,,2491.48713,,,0.414,,,,
Djibouti,DJI,Africa,Lower middle income,2018,1071886.0,2924431711.0,2728.3047926738477,,,,,0.472,,,,
Djibouti,DJI,Africa,Lower middle income,2019,1088710.0,3086593147.0,2835.0921246245557,,,,,0.54,,18.26,,
Djibouti,DJI,Africa,Lower middle income,2020,1105193.0,3123694253.0,2826.3789700079533,,,,,0.463,,,,
Djibouti,DJI,Africa,Lower middle income,2021,1121251.0,3274020536.0,2919.971117974477,,,,,0.558,,,,
Djibouti,DJI,Africa,Lower middle income,2022,1137101.0,3395681646.0,2986.2621227138134,,,,,0.55,,,,
Djibouti,DJI,Africa,Lower middle income,2023,1152951.0,,,,,,,0.558,,,,
Dominica,DMA,Americas,Upper middle income,1990,69644.0,275730000.0,3959.1350295790016,,1471.978319,,,0.059,,,,
Dominica,DMA,Americas,Upper middle income,1991,69321.0,285879709.0,4123.998629563913,,1422.317351,,,0.059,,,,
Dominica,DMA,Americas,Upper middle income,1992,69344.0,299018295.0,4312.100470119982,73.95121951,1380.293618,,,0.059,,,,
Dominica,DMA,Americas,Upper middle income,1993,69453.0,303787182.0,4373.996544425727,,1370.83477,,,0.062,,,,
Dominica,DMA,Americas,Upper middle income,1994,69493.0,316614931.0,4556.069402673651,,1394.048526,,,0.07,,,,
Dominica,DMA,Americas,Upper middle income,1995,69490.0,327078105.0,4706.837026910347,,1425.808877,,,0.081,,,,
Dominica,DMA,Americas,Upper middle income,1996,69422.0,347533767.0,5006.104217683155,,1453.30386,,,0.073,,,,
Dominica,DMA,Americas,Upper middle income,1997,69315.0,361956567.0,5221.9082016879465,75.95121951,1468.957787,,,0.081,,,,
Dominica,DMA,Americas,Upper middle income,1998,69144.0,382388808.0,5530.3252342936485,,1482.483832,,,0.077,,,,
Dominica,DMA,Americas,Upper middle income,1999,68883.0,390881674.0,5674.573900672154,,1508.824295,,,0.081,,,,
Dominica,DMA,Americas,Upper middle income,2000,68527.0,404483810.0,5902.5465874764695,,1522.809663,,,0.103,,,,
Dominica,DMA,Americas,Upper middle income,2001,68299.0,411786964.0,6029.179987993968,,1547.846929,,,0.11,,,,
Dominica,DMA,Americas,Upper middle income,2002,68385.0,415539000.0,6076.464136872121,76.59756098,1573.010845,,,0.103,,,,
Dominica,DMA,Americas,Upper middle income,2003,68552.0,455180800.0,6639.934648150309,,1624.726399,,94.0,0.117,,,,
Dominica,DMA,Americas,Upper middle income,2004,68664.0,475394414.0,6923.488494698823,,1689.321413,,,0.143,,,,
Dominica,DMA,Americas,Upper middle income,2005,68750.0,482222496.0,7014.145396363637,,1780.898683,,,0.15,,,,
Dominica,DMA,Americas,Upper middle income,2006,68823.0,513632250.0,7463.090100693083,,1860.741778,,,0.143,,,,
Dominica,DMA,Americas,Upper middle income,2007,68862.0,554311687.0,8049.601913972873,,1941.008876,,,0.172,,,,
Dominica,DMA,Americas,Upper middle income,2008,68866.0,617146562.0,8961.556675282432,,2008.345064,,,0.169,,,,
Dominica,DMA,Americas,Upper middle income,2009,68879.0,621365663.0,9021.119107420258,,2154.868606,,,0.187,,,,
Dominica,DMA,Americas,Upper middle income,2010,68872.0,640098860.0,9294.036183064236,,2318.416548,,,0.169,,,,
Dominica,DMA,Americas,Upper middle income,2011,69073.0,652912000.0,9452.492290764843,,2515.957927,,,0.15,,,,
Dominica,DMA,Americas,Upper middle income,2012,69138.0,644079000.0,9315.846567734097,,2705.166801,,,0.165,,,,
Dominica,DMA,Americas,Upper middle income,2013,69733.0,667585000.0,9573.444423730514,,2905.53898,,,0.158,,,,
Dominica,DMA,Americas,Upper middle income,2014,70387.0,694011000.0,9859.931521445722,,3041.644328,,,0.169,,,,
Dominica,DMA,Americas,Upper middle income,2015,70429.0,689606000.0,9791.506339718015,,3079.42757,,,0.176,,,,
Dominica,DMA,Americas,Upper middle income,2016,69627.0,707976572.0,10168.132649690493,,3055.138446,,,0.172,,,,
Dominica,DMA,Americas,Upper middle income,2017,68514.0,656048862.0,9575.398633855853,,3055.178046,,,0.154,,,,
Dominica,DMA,Americas,Upper middle income,2018,68195.0,677586340.0,9936.01202434196,,,,,0.165,,,,
Dominica,DMA,Americas,Upper middle income,2019,67901.0,714870398.0,10528.127685895643,,,,,0.172,,,,
Dominica,DMA,Americas,Upper middle income,2020,67588.0,600082697.0,8878.539045392674,,,,,0.158,,,,
Dominica,DMA,Americas,Upper middle income,2021,67222.0,637252112.0,9479.814822528338,,,,,0.161,,,,
Dominica,DMA,Americas,Upper middle income,2022,66847.0,675098029.0,10099.152228222658,,,,,0.165,,,,
Dominica,DMA,Americas,Upper middle income,2023,66531.0,,,,,,,0.165,,,,
Dominican Republic,DOM,Americas,Upper middle income,1990,7151165.0,27899937000.0,3901.4533995509823,67.95041463,5310.751805,,,8.929,,,,
Dominican Republic,DOM,Americas,Upper middle income,1991,7299849.0,28624479731.0,3921.2427176233373,68.42221951,5172.147468,,,9.529,,,,
Dominican Republic,DOM,Americas,Upper middle income,1992,7447476.0,30699616102.0,4122.150390548422,68.83712195,4810.890976,,,10.405,,,,
Dominican Republic,DOM,Americas,Upper middle income,1993,7594567.0,33455873012.0,4405.237719543458,69.19063415,4542.294739,,,11.195,,,,
Dominican Republic,DOM,Americas,Upper middle income,1994,7741694.0,34777859424.0,4492.280297309607,69.48326829,4224.572199,,,11.781,,,,
Dominican Republic,DOM,Americas,Upper middle income,1995,7888120.0,37276713682.0,4725.677814485581,69.7205122,4023.22551,,,15.09,,,,
Dominican Republic,DOM,Americas,Upper middle income,1996,8032895.0,40578813798.0,5051.580258175913,69.91634146,3771.353417,,,16.459,,,,
Dominican Republic,DOM,Americas,Upper middle income,1997,8174081.0,44531154793.0,5447.848485107989,70.09173171,3601.84425,,,17.234,,,,
Dominican Republic,DOM,Americas,Upper middle income,1998,8310369.0,48410050660.0,5825.258861549951,70.26365854,3437.335014,,,17.756,,,,
Dominican Republic,DOM,Americas,Upper middle income,1999,8446207.0,52484601874.0,6213.984795068366,70.44214634,3346.040176,,,17.775,,,,
Dominican Republic,DOM,Americas,Upper middle income,2000,8584196.0,56344968399.0,6563.802643718759,70.63273171,3323.637233,,,18.937,,,,
Dominican Republic,DOM,Americas,Upper middle income,2001,8720287.0,58288496906.0,6684.240656987551,70.83743902,3270.220216,,,19.083,,,,
Dominican Republic,DOM,Americas,Upper middle income,2002,8852231.0,62671030582.0,7079.687660884584,71.04831707,3103.624031,,86.996468,20.87,,,,
Dominican Republic,DOM,Americas,Upper middle income,2003,8980626.0,63562914579.0,7077.782170084803,71.26085366,3044.441345,,,21.26,,,,
Dominican Republic,DOM,Americas,Upper middle income,2004,9104889.0,65495459116.0,7193.438504961456,71.47507317,3103.312738,,,17.254,,,5.08796787261963,
Dominican Republic,DOM,Americas,Upper middle income,2005,9225035.0,72784646192.0,7889.904611960822,71.69141463,3135.877023,,,17.852,,,5.08130598068237,
Dominican Republic,DOM,Americas,Upper middle income,2006,9341187.0,81940402491.0,8771.947557735435,71.90934146,3157.27898,,,19.03,,,4.8423056602478,
Dominican Republic,DOM,Americas,Upper middle income,2007,9455663.0,90412078042.0,9561.685737108017,72.12931707,3069.182461,,88.244461,19.909,,,5.43161392211914,
Dominican Republic,DOM,Americas,Upper middle income,2008,9573135.0,94906712345.0,9913.859184582689,72.34978049,2843.947695,,,20.235,,,4.73502111434937,
Dominican Republic,DOM,Americas,Upper middle income,2009,9695270.0,97411530204.0,10047.3251600007,72.57121951,2784.077324,,,19.686,,,5.39653539657593,
Dominican Republic,DOM,Americas,Upper middle income,2010,9820180.0,107260793439.0,10922.487514383647,72.79214634,2801.427033,,89.538727,20.445,,,4.75331115722656,
Dominican Republic,DOM,Americas,Upper middle income,2011,9945623.0,112433265383.0,11304.798641874922,73.01304878,2982.29227,,90.10627,20.922,,,5.01551532745361,
Dominican Republic,DOM,Americas,Upper middle income,2012,10070409.0,115488083453.0,11468.062861498476,73.23297561,2945.513876,,90.155182,20.903,,,5.38733196258545,
Dominican Republic,DOM,Americas,Upper middle income,2013,10193838.0,121118130894.0,11881.504384707703,73.45095122,2928.33801,,90.858147,20.842,,,5.06186246871948,
Dominican Republic,DOM,Americas,Upper middle income,2014,10315523.0,129656952614.0,12569.110903441348,,2648.437194,,91.763771,21.264,,,5.23869848251343,
Dominican Republic,DOM,Americas,Upper middle income,2015,10434826.0,138638287562.0,13286.113976601047,,2530.106111,,92.465424,22.986,,,5.60520267486572,
Dominican Republic,DOM,Americas,Upper middle income,2016,10551430.0,147870212847.0,14014.23435941858,,2469.627382,,,24.14,,,5.43321561813354,
Dominican Republic,DOM,Americas,Upper middle income,2017,10666846.0,154771313809.0,14509.566727503145,,2406.219552,,,23.455,,,6.00423717498779,
Dominican Republic,DOM,Americas,Upper middle income,2018,10782048.0,165578989651.0,15356.914535253414,,,,,25.203,,,5.16840982437134,
Dominican Republic,DOM,Americas,Upper middle income,2019,10894043.0,173944046167.0,15966.895501238612,,,,,28.471,,,5.54510021209717,
Dominican Republic,DOM,Americas,Upper middle income,2020,11008298.0,162255006875.0,14739.336351087153,,,,,26.228,,,5.7371997833252,
Dominican Republic,DOM,Americas,Upper middle income,2021,11123480.0,182166940060.0,16376.793958365548,,,,,29.363,,,,
Dominican Republic,DOM,Americas,Upper middle income,2022,11230734.0,191182362267.0,17023.14045252964,,,,,31.225,,,,
Dominican Republic,DOM,Americas,Upper middle income,2023,11331269.0,,,,,,,31.829,,,,
East Timor,TLS,Asia,Lower middle income,1990,760348.0,,,,,,,,,,,
East Timor,TLS,Asia,Lower middle income,1991,778286.0,,,,,,,,,,,
East Timor,TLS,Asia,Lower middle income,1992,799323.0,,,,,,,,,,,
East Timor,TLS,Asia,Lower middle income,1993,821445.0,,,,,,,,,,,
East Timor,TLS,Asia,Lower middle income,1994,844501.0,,,,,,,0.0,,,,
East Timor,TLS,Asia,Lower middle income,1995,868152.0,,,,,,,0.0,,,,
East Timor,TLS,Asia,Lower middle income,1996,892289.0,,,,,,,0.0,,,,
East Timor,TLS,Asia,Lower middle income,1997,917189.0,,,,,,,0.0,,,,
East Timor,TLS,Asia,Lower middle income,1998,942537.0,,,,,,,0.061,,,,
East Timor,TLS,Asia,Lower middle income,1999,834699.0,,,,,,,0.153,,,,
East Timor,TLS,Asia,Lower middle income,2000,745095.0,,,,,,,0.22,,,,
East Timor,TLS,Asia,Lower middle income,2001,812253.0,,,,,,,0.119,,,,
East Timor,TLS,Asia,Lower middle income,2002,879170.0,,,,,,,0.262,,,,
East Timor,TLS,Asia,Lower middle income,2003,916876.0,,,,,,,0.249,,,,
East Timor,TLS,Asia,Lower middle income,2004,929081.0,,,,,,,0.497,,,,
East Timor,TLS,Asia,Lower middle income,2005,948310.0,,,,,,,0.321,,,,
East Timor,TLS,Asia,Lower middle income,2006,976610.0,,,,,,,0.317,,,,
East Timor,TLS,Asia,Lower middle income,2007,1004898.0,,,,,,,0.288,,,,
East Timor,TLS,Asia,Lower middle income,2008,1032431.0,,,,,,,0.285,,,,
East Timor,TLS,Asia,Lower middle income,2009,1058783.0,,,,,,,0.322,,,,
East Timor,TLS,Asia,Lower middle income,2010,1084688.0,,,,,,,0.313,,,,
East Timor,TLS,Asia,Lower middle income,2011,1110212.0,,,,,,,0.434,,,,
East Timor,TLS,Asia,Lower middle income,2012,1134891.0,,,,,,,0.591,,,,
East Timor,TLS,Asia,Lower middle income,2013,1158697.0,,,,,,,0.62,,,,
East Timor,TLS,Asia,Lower middle income,2014,1181913.0,,,,,,,0.627,,,,
East Timor,TLS,Asia,Lower middle income,2015,1205133.0,,,,,,,0.59,,,,
East Timor,TLS,Asia,Lower middle income,2016,1228314.0,,,,,,,0.643,,,,
East Timor,TLS,Asia,Lower middle income,2017,1251711.0,,,,,,,0.693,,,,
East Timor,TLS,Asia,Lower middle income,2018,1275962.0,,,,,,,0.617,,,,
East Timor,TLS,Asia,Lower middle income,2019,1300946.0,,,,,,,0.675,,,,
East Timor,TLS,Asia,Lower middle income,2020,1326051.0,,,,,,,0.646,,,,
East Timor,TLS,Asia,Lower middle income,2021,1350142.0,,,,,,,0.62,,,,
East Timor,TLS,Asia,Lower middle income,2022,1369299.0,,,,,,,0.67,,,,
East Timor,TLS,Asia,Lower middle income,2023,1384292.0,,,,,,,0.637,,,,
Ecuador,ECU,Americas,Upper middle income,1990,10473674.0,64188502782.0,6128.5564914470315,68.83907317,3078.325035,,88.298759,16.501,17.296,,,
Ecuador,ECU,Americas,Upper middle income,1991,10702377.0,67933582437.0,6347.5228388048745,69.33743902,2920.589466,,,16.198,15.927,,,
Ecuador,ECU,Americas,Upper middle income,1992,10930128.0,70873835048.0,6484.263958116501,69.82282927,2787.962122,,,21.998,15.684,,,
Ecuador,ECU,Americas,Upper middle income,1993,11154283.0,72804333284.0,6527.029418565048,70.2987561,2616.672472,,,24.121,17.698,,,
Ecuador,ECU,Americas,Upper middle income,1994,11372197.0,76428090430.0,6720.609081077298,70.7662439,2549.303096,,,14.338,18.394,,,
Ecuador,ECU,Americas,Upper middle income,1995,11590519.0,78692037555.0,6789.345460285255,71.2272439,2753.023308,,,23.534,15.267,,,
Ecuador,ECU,Americas,Upper middle income,1996,11810954.0,80612101466.0,6825.1981563894,71.68221951,2904.187942,,,25.337,16.502,,,
Ecuador,ECU,Americas,Upper middle income,1997,12031129.0,84682917021.0,7038.65090474884,72.12865854,2882.488782,,,19.461,15.246,,,
Ecuador,ECU,Americas,Upper middle income,1998,12251188.0,88055994335.0,7187.547390098005,72.56056098,2847.454656,,,23.117,15.101,,,
Ecuador,ECU,Americas,Upper middle income,1999,12470800.0,84464765477.0,6773.002973105174,72.97392683,2836.781413,,,21.997,18.299,,,
Ecuador,ECU,Americas,Upper middle income,2000,12689215.0,85978888021.0,6775.745230969765,73.35685366,2743.000202,,,20.949,20.573,,,
Ecuador,ECU,Americas,Upper middle income,2001,12910736.0,90060703680.0,6975.644431115314,73.69739024,2564.821054,,90.984032,23.436,18.737,,,
Ecuador,ECU,Americas,Upper middle income,2002,13138473.0,94404507340.0,7185.34850587279,73.99058537,2403.013768,,,24.861,20.06,,,
Ecuador,ECU,Americas,Upper middle income,2003,13372304.0,97642542688.0,7301.848857758543,74.239,2275.376273,,,27.113,18.572,,,
Ecuador,ECU,Americas,Upper middle income,2004,13608700.0,106393261231.0,7818.032672555057,74.44714634,2171.003165,,,29.31,17.818,,5.02419137954712,
Ecuador,ECU,Americas,Upper middle income,2005,13846162.0,112798230080.0,8146.534041707731,74.629,2041.534757,,,30.652,15.75,,4.99587535858154,
Ecuador,ECU,Americas,Upper middle income,2006,14086138.0,118581678982.0,8418.324382595145,74.80004878,1968.309996,,,29.781,15.435,,5.29651308059692,
Ecuador,ECU,Americas,Upper middle income,2007,14328783.0,122016284055.0,8515.467367675259,74.97873171,1916.184665,,84.192719,34.393,18.628,,6.02180337905884,
Ecuador,ECU,Americas,Upper middle income,2008,14575201.0,130654762337.0,8964.182541084681,75.1765122,1857.334415,,,30.488,21.549,,5.83805131912231,
Ecuador,ECU,Americas,Upper middle income,2009,14825960.0,132310294703.0,8924.23119332576,75.39934146,1758.536358,,84.206963,33.815,18.011,,5.79508829116821,
Ecuador,ECU,Americas,Upper middle income,2010,15076697.0,137913290159.0,9147.447226604076,75.64770732,1659.71393,,91.854042,36.469,15.137,,5.96071624755859,
Ecuador,ECU,Americas,Upper middle income,2011,15326232.0,149795272280.0,9773.783424392897,75.91660976,1484.97594,,91.586899,38.48,18.275,,6.01920604705811,
Ecuador,ECU,Americas,Upper middle income,2012,15572195.0,158246726051.0,10162.13360101129,76.19256098,1430.326683,,92.064728,37.493,18.909,,5.94585180282593,
Ecuador,ECU,Americas,Upper middle income,2013,15807132.0,166075183974.0,10506.345108904006,76.46507317,1441.588806,,93.294632,39.685,16.519,,5.96407508850098,
Ecuador,ECU,Americas,Upper middle income,2014,16035127.0,172367775440.0,10749.386359085276,,1406.0358,,94.222649,43.76,16.451,,6.11543750762939,
Ecuador,ECU,Americas,Upper middle income,2015,16266229.0,172538423301.0,10607.155678246016,,1394.099676,,94.515472,41.298,18.756,,5.83951854705811,
Ecuador,ECU,Americas,Upper middle income,2016,16505142.0,170423090933.0,10325.454390698365,,1377.443288,,,39.375,22.601,,6.12801027297974,
Ecuador,ECU,Americas,Upper middle income,2017,16759515.0,174458721084.0,10409.532798771324,,1315.719531,,,39.196,27.196,,5.80913114547729,
Ecuador,ECU,Americas,Upper middle income,2018,17049542.0,176707497535.0,10364.354510813253,,,,,38.451,26.236,,5.35446166992188,
Ecuador,ECU,Americas,Upper middle income,2019,17340017.0,176728682555.0,10191.955553157763,,,,,40.083,30.382,,5.76399993896484,
Ecuador,ECU,Americas,Upper middle income,2020,17546058.0,162965075602.0,9287.845486547463,,,,,32.473,34.624,,5.53329992294312,
Ecuador,ECU,Americas,Upper middle income,2021,17682454.0,169866634253.0,9606.507911910869,,,,,38.185,31.038,,,
Ecuador,ECU,Americas,Upper middle income,2022,17823900.0,175028884708.0,9819.89826626047,,,,,42.066,28.426,,,
Ecuador,ECU,Americas,Upper middle income,2023,17980079.0,,,,,,,44.6,27.974,,,
Egypt,EGY,Africa,Lower middle income,1990,58396625.0,227979905812.0,3903.9911264049933,64.54907317,7485.187293,,,72.884,7.097,,,
Egypt,EGY,Africa,Lower middle income,1991,60029001.0,241323329041.0,4020.1123627061525,64.95534146,7243.452776,,,74.447,6.979,,,
Egypt,EGY,Africa,Lower middle income,1992,61480663.0,254191038156.0,4134.4875893091785,65.36963415,6994.76974,,,77.419,6.965,,,
Egypt,EGY,Africa,Lower middle income,1993,62915681.0,269984893134.0,4291.217846533363,65.80995122,6707.202348,,,90.835,7.168,,,
Egypt,EGY,Africa,Lower middle income,1994,64285596.0,286215812013.0,4452.254156794315,66.27780488,6370.028867,,,87.483,7.245,,,
Egypt,EGY,Africa,Lower middle income,1995,65652621.0,305979220895.0,4660.578911160303,66.76019512,6103.860955,,,97.968,7.134,,,
Egypt,EGY,Africa,Lower middle income,1996,67028045.0,328668878031.0,4903.453144590447,67.23160976,5576.639882,,55.587002,97.042,6.947,,,
Egypt,EGY,Africa,Lower middle income,1997,68431738.0,354503266736.0,5180.392564865151,67.66358537,5234.56925,,,110.934,6.835,,,
Egypt,EGY,Africa,Lower middle income,1998,69943297.0,380551417847.0,5440.856153049233,68.03658537,5011.628138,,,124.256,6.75,,,
Egypt,EGY,Africa,Lower middle income,1999,71520953.0,409935668443.0,5731.686327543762,68.34514634,4875.619315,,,126.987,6.992,,,
Egypt,EGY,Africa,Lower middle income,2000,73083287.0,444250275939.0,6078.684938445639,68.5912439,4711.461804,,,142.837,6.998,,,
Egypt,EGY,Africa,Lower middle income,2001,74652035.0,475679003242.0,6371.9495823791,68.78643902,4506.736557,,,126.372,6.824,,,
Egypt,EGY,Africa,Lower middle income,2002,76239140.0,501912285229.0,6583.393847687684,68.95168293,4272.816645,,,128.362,6.405,,,
Egypt,EGY,Africa,Lower middle income,2003,77853548.0,528750466385.0,6791.603979114735,69.1074878,4140.692293,,,149.954,5.599,,5.16775417327881,
Egypt,EGY,Africa,Lower middle income,2004,79477441.0,561597926809.0,7066.129957669372,69.26382927,3977.419639,,,151.917,5.317,,,
Egypt,EGY,Africa,Lower middle income,2005,81101012.0,600297394092.0,7401.848377576349,69.43114634,3807.644549,,71.408859,166.934,5.073,,5.54051065444946,
Egypt,EGY,Africa,Lower middle income,2006,82700404.0,650403845291.0,7864.578815007965,69.61390244,3629.14572,,66.369911,178.389,4.876,,4.63174104690552,
Egypt,EGY,Africa,Lower middle income,2007,84276224.0,713462332878.0,8465.760555171528,69.80856098,3470.952726,,,189.201,5.061,,5.06616449356079,
Egypt,EGY,Africa,Lower middle income,2008,85864791.0,775303694329.0,9029.35516757969,70.01360976,3248.478831,,,195.86,5.101,,4.66891622543335,
Egypt,EGY,Africa,Lower middle income,2009,87501635.0,831415021492.0,9501.708413699927,70.22802439,3065.650749,,,205.243,4.525,,4.17415857315063,
Egypt,EGY,Africa,Lower middle income,2010,89196073.0,898751418203.0,10076.132143205452,70.45082927,2803.798628,,72.047852,202.704,4.198,,4.20415687561035,
Egypt,EGY,Africa,Lower middle income,2011,91093066.0,923052843843.0,10133.074715511277,70.67856098,2520.977644,,,221.675,4.063,,3.55852031707764,
Egypt,EGY,Africa,Lower middle income,2012,93161000.0,950287307199.0,10200.484185431673,70.9072439,2141.315745,,73.865593,212.524,3.92,,4.88507270812988,
Egypt,EGY,Africa,Lower middle income,2013,95333551.0,984556585202.0,10327.493048087552,71.13292683,1898.47531,,75.06073,219.087,3.909,,4.76253843307495,
Egypt,EGY,Africa,Lower middle income,2014,97528655.0,1035721838706.0,10619.666996391983,,1710.967827,,,227.254,3.913,,4.55674076080322,
Egypt,EGY,Africa,Lower middle income,2015,99597334.0,1079611566322.0,10839.763706144986,,1836.214209,,75.842621,226.654,4.062,,3.92934417724609,
Egypt,EGY,Africa,Lower middle income,2016,101644583.0,1121578599865.0,11034.31748905891,,1642.53888,,,245.164,3.87,,4.00545072555542,
Egypt,EGY,Africa,Lower middle income,2017,103696055.0,1158060486104.0,11167.835517985714,,1592.650397,,,253.364,3.627,,4.32783174514771,
Egypt,EGY,Africa,Lower middle income,2018,105682092.0,1220661740193.0,11550.317722637436,,,,,241.903,3.832,,4.47239685058594,
Egypt,EGY,Africa,Lower middle income,2019,107553159.0,1289253465646.0,11987.127831791533,,,,,234.06,4.638,48.66,4.2827000617981,
Egypt,EGY,Africa,Lower middle income,2020,109315118.0,1307778142529.0,11963.378592602352,,,,,246.323,5.968,,4.28770017623901,
Egypt,EGY,Africa,Lower middle income,2021,110957005.0,1400985648780.0,12626.383064142728,,,,,266.839,5.908,,,
Egypt,EGY,Africa,Lower middle income,2022,112618252.0,1460427350416.0,12967.94546603334,,,,,249.899,5.687,,,
Egypt,EGY,Africa,Lower middle income,2023,114535772.0,,,,,,,250.23,5.804,,,
El Salvador,SLV,Americas,Upper middle income,1990,5399728.0,17260964768.0,3196.635972774925,65.87890244,4228.996976,,,2.471,,,,
El Salvador,SLV,Americas,Upper middle income,1991,5495081.0,18153449125.0,3303.5817169937986,66.77553659,3963.421664,,,3.149,,,,
El Salvador,SLV,Americas,Upper middle income,1992,5585611.0,19825256603.0,3549.344306826952,67.50160976,3713.894679,,74.143158,3.313,,,,
El Salvador,SLV,Americas,Upper middle income,1993,5659959.0,21604952339.0,3817.157039300108,68.07119512,3437.660329,,,3.966,,,,
El Salvador,SLV,Americas,Upper middle income,1994,5714138.0,23258530978.0,4070.34813964941,68.49078049,3212.722709,,,4.502,,,,
El Salvador,SLV,Americas,Upper middle income,1995,5762135.0,25119269330.0,4359.368416394271,68.78097561,3027.328412,,,4.986,,,,
El Salvador,SLV,Americas,Upper middle income,1996,5805286.0,25931149474.0,4466.816875861069,68.9754878,2910.136371,,,4.4,,,,
El Salvador,SLV,Americas,Upper middle income,1997,5844578.0,27444887250.0,4695.785948959873,69.11814634,2784.863793,,,5.398,,,,
El Salvador,SLV,Americas,Upper middle income,1998,5880786.0,28907125564.0,4915.520742295333,69.2492439,2662.983056,,,5.711,,,,
El Salvador,SLV,Americas,Upper middle income,1999,5913908.0,30355223155.0,5132.853462549637,69.39192683,2482.024681,,,5.567,,,,
El Salvador,SLV,Americas,Upper middle income,2000,5943363.0,31478454275.0,5296.404455692846,69.55878049,2355.303751,,,5.648,,,,
El Salvador,SLV,Americas,Upper middle income,2001,5968058.0,32499941192.0,5445.647678357013,69.75082927,2237.772611,,,5.829,,,,
El Salvador,SLV,Americas,Upper middle income,2002,5986629.0,33751219265.0,5637.766974536087,69.95195122,2093.596684,,,6.036,,,,
El Salvador,SLV,Americas,Upper middle income,2003,5998597.0,35029541311.0,5839.622383534016,70.14958537,1979.759556,,,6.396,,,,
El Salvador,SLV,Americas,Upper middle income,2004,6004673.0,36185189370.0,6026.171511754262,70.34773171,1872.499223,,80.778358,6.216,,,5.70092964172363,
El Salvador,SLV,Americas,Upper middle income,2005,6005583.0,38001442916.0,6327.685907596315,70.54639024,1753.246917,,,6.262,,,5.29553508758545,
El Salvador,SLV,Americas,Upper middle income,2006,6002321.0,40054319005.0,6673.138441779438,70.75056098,1671.843563,,83.559464,6.689,,,5.19149398803711,
El Salvador,SLV,Americas,Upper middle income,2007,6009820.0,42202462933.0,7022.250738458057,70.9602439,1593.511924,,82.028633,6.819,,,6.83908700942993,
El Salvador,SLV,Americas,Upper middle income,2008,6029302.0,43393063628.0,7197.02937885679,71.17795122,1567.223911,,83.951302,6.375,,,6.73991107940674,
El Salvador,SLV,Americas,Upper middle income,2009,6048284.0,42668179532.0,7054.592597173017,71.40265854,1574.277561,,84.10289,6.283,,,4.74129486083984,
El Salvador,SLV,Americas,Upper middle income,2010,6068253.0,43862777197.0,7228.238044293803,71.63441463,1475.681642,,84.492722,6.287,,,5.93437147140503,
El Salvador,SLV,Americas,Upper middle income,2011,6090128.0,45520507146.0,7474.474616297063,71.86870732,1433.716496,,85.493988,6.467,,,6.32506322860718,
El Salvador,SLV,Americas,Upper middle income,2012,6113977.0,46608113564.0,7623.207212588467,72.10453659,1431.823903,,,6.436,,,5.85652351379395,
El Salvador,SLV,Americas,Upper middle income,2013,6138845.0,48017379514.0,7821.891498156412,72.33892683,1392.637254,,86.767578,6.058,,,6.01849603652954,
El Salvador,SLV,Americas,Upper middle income,2014,6162952.0,49026874064.0,7955.095880026325,,1280.078491,,,6.12,,,6.13982486724854,
El Salvador,SLV,Americas,Upper middle income,2015,6183675.0,50319726389.0,8137.5114942166265,,1224.169114,,87.648216,6.637,,,6.33931827545166,
El Salvador,SLV,Americas,Upper middle income,2016,6200808.0,51794877474.0,8352.923921205107,,1145.185659,,,6.572,,,6.2411994934082,
El Salvador,SLV,Americas,Upper middle income,2017,6213538.0,53295513328.0,8577.321540159568,,1083.908987,,,5.942,,,6.45482063293457,
El Salvador,SLV,Americas,Upper middle income,2018,6219803.0,55053057931.0,8851.25428104395,,,,,6.452,,,5.46192693710327,
El Salvador,SLV,Americas,Upper middle income,2019,6222316.0,56393644127.0,9063.127640415561,,,,,7.634,,,6.0605001449585,
El Salvador,SLV,Americas,Upper middle income,2020,6234679.0,51960808936.0,8334.159454881317,,,,,6.135,,,6.11999988555908,
El Salvador,SLV,Americas,Upper middle income,2021,6255780.0,57771997522.0,9234.979094853079,,,,,6.977,,,,
El Salvador,SLV,Americas,Upper middle income,2022,6280316.0,59270934820.0,9437.572061660592,,,,,7.913,,,,
El Salvador,SLV,Americas,Upper middle income,2023,6309629.0,,,,,,,8.67,,,,
Equatorial Guinea,GNQ,Africa,Upper middle income,1990,474289.0,917854000.0,1935.2209306983716,46.5554878,11493.29734,,,0.062,,,,
Equatorial Guinea,GNQ,Africa,Upper middle income,1991,492220.0,925022421.0,1879.2865405712892,46.85353659,11672.35466,,,0.066,,,,
Equatorial Guinea,GNQ,Africa,Upper middle income,1992,510775.0,1054728158.0,2064.9565033527483,47.11160976,11711.36393,,,0.066,,,,
Equatorial Guinea,GNQ,Africa,Upper middle income,1993,530030.0,1160722252.0,2189.9180272814747,47.32678049,11737.12081,,,0.07,,,,
Equatorial Guinea,GNQ,Africa,Upper middle income,1994,550148.0,1275597171.0,2318.6436577066534,47.49809756,11755.53846,,,1.149,,,,
Equatorial Guinea,GNQ,Africa,Upper middle income,1995,571274.0,1433333474.0,2509.0122673183096,47.62158537,11673.09565,,,1.223,,,,
Equatorial Guinea,GNQ,Africa,Upper middle income,1996,593496.0,1938735996.0,3266.6370051356707,47.69280488,11313.72954,,,1.359,,,,
Equatorial Guinea,GNQ,Africa,Upper middle income,1997,616897.0,3808985683.0,6174.427307962269,47.7242439,10180.07638,,,1.975,,,,
Equatorial Guinea,GNQ,Africa,Upper middle income,1998,641478.0,4506473125.0,7025.140573799881,47.73334146,9466.21402,,,2.295,,,,
Equatorial Guinea,GNQ,Africa,Upper middle income,1999,667222.0,5587884417.0,8374.85037513751,47.73753659,8849.915813,,,2.511,,,,
Equatorial Guinea,GNQ,Africa,Upper middle income,2000,703287.0,6341192117.0,9016.506940978576,47.76370732,8108.072903,,88.308296,2.699,,,,
Equatorial Guinea,GNQ,Africa,Upper middle income,2001,749836.0,10710877546.0,14284.293560191829,47.83773171,7270.352123,,,3.091,,,,
Equatorial Guinea,GNQ,Africa,Upper middle income,2002,797968.0,12944267386.0,16221.536936318249,47.9765122,6668.523043,,,2.765,,,,
Equatorial Guinea,GNQ,Africa,Upper middle income,2003,847867.0,14778140796.0,17429.78650661012,48.19097561,6294.924201,,,3.13,,,,
Equatorial Guinea,GNQ,Africa,Upper middle income,2004,899924.0,18414357582.0,20462.125226130207,48.48709756,5951.130115,,,6.137,,,,
Equatorial Guinea,GNQ,Africa,Upper middle income,2005,947370.0,20168023886.0,21288.434176720817,48.86836585,5789.520679,,,6.206,,,,
Equatorial Guinea,GNQ,Africa,Upper middle income,2006,990349.0,21346957199.0,21554.984352990712,49.32782927,5414.222304,,,6.172,,,,
Equatorial Guinea,GNQ,Africa,Upper middle income,2007,1036053.0,24766652343.0,23904.8121505367,49.84507317,5178.560338,,,5.711,,,,
Equatorial Guinea,GNQ,Africa,Upper middle income,2008,1084538.0,29298389312.0,27014.6267922378,50.39573171,4972.194539,,,5.926,,,,
Equatorial Guinea,GNQ,Africa,Upper middle income,2009,1135683.0,29853093503.0,26286.466824809388,50.96536585,4813.888628,,,4.883,,,,
Equatorial Guinea,GNQ,Africa,Upper middle income,2010,1189097.0,27366671882.0,23014.66733327895,51.53307317,4639.704017,,,6.377,,,,
Equatorial Guinea,GNQ,Africa,Upper middle income,2011,1241843.0,29285788000.0,23582.52049574705,52.08490244,4528.863971,,,6.067,,,,
Equatorial Guinea,GNQ,Africa,Upper middle income,2012,1293485.0,31730930000.0,24531.3474837358,52.61290244,4397.825141,,,6.875,,,,
Equatorial Guinea,GNQ,Africa,Upper middle income,2013,1346220.0,30419136000.0,22595.962027008958,53.11456098,4067.810313,,,8.168,,,,
Equatorial Guinea,GNQ,Africa,Upper middle income,2014,1399829.0,30256854000.0,21614.67865003511,,3821.529612,,94.956741,7.641,,,,
Equatorial Guinea,GNQ,Africa,Upper middle income,2015,1453925.0,28026102000.0,19276.167615248378,,3577.731262,,95.195663,7.01,,,,
Equatorial Guinea,GNQ,Africa,Upper middle income,2016,1508192.0,25203837269.0,16711.292241969193,,3449.72233,,,7.538,,,,
Equatorial Guinea,GNQ,Africa,Upper middle income,2017,1562401.0,23511758900.0,15048.479167640062,,3460.540601,,,6.816,,,,
Equatorial Guinea,GNQ,Africa,Upper middle income,2018,1616425.0,21813514918.0,13494.913106392192,,,,,7.034,,,,
Equatorial Guinea,GNQ,Africa,Upper middle income,2019,1670184.0,20617750095.0,12344.598017344197,,,,,5.514,,22.99,,
Equatorial Guinea,GNQ,Africa,Upper middle income,2020,1716479.0,19743252847.0,11502.18141148246,,,,,6.39,,,,
Equatorial Guinea,GNQ,Africa,Upper middle income,2021,1758796.0,19556604569.0,11119.313762937827,,,,,7.088,,,,
Equatorial Guinea,GNQ,Africa,Upper middle income,2022,1803549.0,20191378731.0,11195.359111950936,,,,,7.497,,,,
Equatorial Guinea,GNQ,Africa,Upper middle income,2023,1847556.0,,,,,,,6.913,,,,
Eritrea,ERI,Africa,Low income,1990,2032749.0,,,48.23595122,11752.79697,,,,,,,
Eritrea,ERI,Africa,Low income,1991,1919575.0,,,49.0184878,13615.92755,,,,,,,
Eritrea,ERI,Africa,Low income,1992,1798750.0,,,49.84004878,10943.0345,,,,,,,
Eritrea,ERI,Africa,Low income,1993,1856017.0,,,50.68968293,9743.768168,,,,,,,
Eritrea,ERI,Africa,Low income,1994,1913919.0,,,51.55134146,8870.773308,,,0.707,,,,
Eritrea,ERI,Africa,Low income,1995,2025273.0,,,52.40460976,8147.112072,,,0.79,,,,
Eritrea,ERI,Africa,Low income,1996,2128464.0,,,53.22853659,7928.177985,,,0.862,,,,
Eritrea,ERI,Africa,Low income,1997,2152146.0,,,54.00960976,7642.005422,,,0.768,,,,
Eritrea,ERI,Africa,Low income,1998,2180423.0,,,54.73934146,7415.838463,,,0.586,,,,
Eritrea,ERI,Africa,Low income,1999,2212785.0,,,55.41168293,8040.357997,,,0.615,,,,
Eritrea,ERI,Africa,Low income,2000,2247036.0,,,56.02653659,7171.240418,,,0.604,,,,
Eritrea,ERI,Africa,Low income,2001,2312083.0,,,56.58985366,6712.325501,,,0.637,,,,
Eritrea,ERI,Africa,Low income,2002,2392981.0,,,57.119,6043.006674,,52.51395,0.509,,,,
Eritrea,ERI,Africa,Low income,2003,2493906.0,,,57.62843902,5725.229149,,,0.78,,,,
Eritrea,ERI,Africa,Low income,2004,2598288.0,,,58.12819512,5799.033036,,,0.633,,,,
Eritrea,ERI,Africa,Low income,2005,2661215.0,,,58.62678049,5695.069978,,,0.586,,,,
Eritrea,ERI,Africa,Low income,2006,2703501.0,,,59.1292439,5633.751962,,,0.454,,,,
Eritrea,ERI,Africa,Low income,2007,2743226.0,,,59.63621951,5498.852565,,,0.424,,,,
Eritrea,ERI,Africa,Low income,2008,2816331.0,,,60.1472439,5376.976195,,,0.398,,,,
Eritrea,ERI,Africa,Low income,2009,2887887.0,,,60.66336585,5289.987806,,,0.446,,,,
Eritrea,ERI,Africa,Low income,2010,2945184.0,,,61.18509756,5196.446103,,,0.468,,,,
Eritrea,ERI,Africa,Low income,2011,2998493.0,,,61.71092683,5108.756919,,,0.578,,,,
Eritrea,ERI,Africa,Low income,2012,3036998.0,,,62.23478049,4984.76376,,,0.608,,,,
Eritrea,ERI,Africa,Low income,2013,3074367.0,,,62.75463415,4865.125662,,,0.57,,,,
Eritrea,ERI,Africa,Low income,2014,3095168.0,,,,4735.898944,,72.790489,0.569,,,,
Eritrea,ERI,Africa,Low income,2015,3105554.0,,,,4583.87812,,73.845253,0.557,,,,
Eritrea,ERI,Africa,Low income,2016,3124700.0,,,,4412.424621,,,0.554,,,,
Eritrea,ERI,Africa,Low income,2017,3150350.0,,,,4222.614927,,,0.553,,,,
Eritrea,ERI,Africa,Low income,2018,3192763.0,,,,,,,0.616,,,,
Eritrea,ERI,Africa,Low income,2019,3240194.0,,,,,,,0.645,,1.34,,
Eritrea,ERI,Africa,Low income,2020,3291277.0,,,,,,,0.641,,,,
Eritrea,ERI,Africa,Low income,2021,3350185.0,,,,,,,0.682,,,,
Eritrea,ERI,Africa,Low income,2022,3409450.0,,,,,,,0.718,,,,
Eritrea,ERI,Africa,Low income,2023,3470391.0,,,,,,,0.731,,,,
Estonia,EST,Europe,High income,1990,1570309.0,27066096904.0,17236.159828415937,69.47560976,1240.87184,,,36.906,0.0,,,
Estonia,EST,Europe,High income,1991,1565380.0,23940083198.0,15293.464333260934,69.37317073,1222.324147,,,34.135,0.0,,,
Estonia,EST,Europe,High income,1992,1540214.0,20201098370.0,13115.773762607014,68.86341463,1308.563667,,,24.413,0.0,,,
Estonia,EST,Europe,High income,1993,1504344.0,18206161939.0,12102.392763224369,67.9097561,1308.753457,,,19.433,0.0,,,
Estonia,EST,Europe,High income,1994,1475716.0,17713297126.0,12003.188368222613,66.5,1292.528775,,,20.039,0.0,,,
Estonia,EST,Europe,High income,1995,1452774.0,18632898028.0,12825.737539355743,67.54390244,1287.768454,,,18.053,0.03,,,
Estonia,EST,Europe,High income,1996,1434655.0,19286856884.0,13443.550459169626,69.61219512,1104.662686,,,19.033,0.024,,,
Estonia,EST,Europe,High income,1997,1421494.0,21171918456.0,14894.131425106261,69.8097561,1039.379774,,,18.673,0.038,,,
Estonia,EST,Europe,High income,1998,1411206.0,21698756967.0,15376.037918631298,69.35853659,994.6320616,,,16.933,0.064,,,
Estonia,EST,Europe,High income,1999,1403578.0,21126870271.0,15052.152620659486,70.06341463,962.0162594,,,15.93,0.096,,,
Estonia,EST,Europe,High income,2000,1397001.0,23525730943.0,16840.167575399017,70.41707317,891.751,,99.767197,15.471,0.335,,,
Estonia,EST,Europe,High income,2001,1388174.0,24618992841.0,17734.803303476365,70.25853659,826.5993606,,,15.87,0.154,,,
Estonia,EST,Europe,High income,2002,1379438.0,25689833693.0,18623.40583121532,70.90487805,732.9227563,,,15.358,0.18,,,
Estonia,EST,Europe,High income,2003,1370849.0,27160243367.0,19812.717058552764,71.31707317,712.6149525,,,17.251,0.211,,,
Estonia,EST,Europe,High income,2004,1362682.0,28392969678.0,20836.093584563383,71.9097561,658.8310566,,,17.322,0.278,,5.37105464935303,
Estonia,EST,Europe,High income,2005,1354847.0,30566893529.0,22561.140504425963,72.56829268,602.6169875,,,17.09,0.477,,5.33204412460327,
Estonia,EST,Europe,High income,2006,1346885.0,33162229951.0,24621.42644026773,72.69146341,535.9801579,,,16.438,0.583,,5.45193767547607,
Estonia,EST,Europe,High income,2007,1340709.0,35115520992.0,26191.75450601137,72.81463415,496.6237423,,,19.93,0.568,,5.1377387046814,
Estonia,EST,Europe,High income,2008,1337078.0,32659893005.0,24426.31843841571,73.77073171,443.3656417,,,17.815,0.871,,,
Estonia,EST,Europe,High income,2009,1334528.0,27402480486.0,20533.462382205544,74.82439024,374.8150564,,,14.405,2.722,,5.48681974411011,
Estonia,EST,Europe,High income,2010,1331450.0,27586968284.0,20719.49249615081,75.42926829,340.1342668,,,18.965,4.38,,5.36392784118652,
Estonia,EST,Europe,High income,2011,1327366.0,29217295065.0,22011.483694022598,76.22926829,283.9785192,,99.885788,18.948,4.847,,5.36744594573975,
Estonia,EST,Europe,High income,2012,1322615.0,30160490093.0,22803.680657636574,76.32682927,284.4622326,,,17.761,6.0,,5.55598258972168,
Estonia,EST,Europe,High income,2013,1317920.0,30600421813.0,23218.724818653634,76.42439024,250.6559786,,,19.634,4.703,,5.62890863418579,
Estonia,EST,Europe,High income,2014,1314457.0,31521829560.0,23980.875418518826,,247.2753323,,,18.784,5.622,,5.6496753692627,
Estonia,EST,Europe,High income,2015,1314580.0,32106015454.0,24423.021386298286,,242.0400891,,99.823509,15.78,6.658,,5.93839597702026,
Estonia,EST,Europe,High income,2016,1315850.0,33119083785.0,25169.34588668921,,227.3359243,,,17.433,6.508,,6.09130239486694,
Estonia,EST,Europe,High income,2017,1317430.0,35037377711.0,26595.248105022656,,215.1727847,,,18.616,6.9,,6.03464126586914,
Estonia,EST,Europe,High income,2018,1321972.0,36363239216.0,27506.81498246559,,,,,17.801,7.798,,6.45256376266479,
Estonia,EST,Europe,High income,2019,1326822.0,37723175050.0,28431.225175645264,,,,,12.288,10.376,,6.18879985809326,
Estonia,EST,Europe,High income,2020,1329675.0,37515273353.0,28213.866811814918,,,,,9.198,15.352,,6.3407998085022,
Estonia,EST,Europe,High income,2021,1331750.0,40521483538.0,30427.245006945748,,,,,10.391,14.297,,,
Estonia,EST,Europe,High income,2022,1350093.0,39999856613.0,29627.48241269305,,,,,11.966,13.241,,,
Estonia,EST,Europe,High income,2023,1367195.0,,,,,,,8.744,14.305,,,
Eswatini,SWZ,Africa,Lower middle income,1990,872436.0,3420534889.0,3920.671417731501,,,,,0.96,,,,
Eswatini,SWZ,Africa,Lower middle income,1991,908193.0,3548878922.0,3907.626376772338,,,,,0.872,,,,
Eswatini,SWZ,Africa,Lower middle income,1992,943426.0,3732391463.0,3956.2100927894717,,,,,0.832,,,,
Eswatini,SWZ,Africa,Lower middle income,1993,971327.0,3919793436.0,4035.503425725837,,,,,0.707,,,,
Eswatini,SWZ,Africa,Lower middle income,1994,971221.0,4084365870.0,4205.392871447384,,,,,1.077,,,,
Eswatini,SWZ,Africa,Lower middle income,1995,970439.0,4356450718.0,4489.154617652423,,,,,1.059,,,,
Eswatini,SWZ,Africa,Lower middle income,1996,989847.0,4598027973.0,4645.19059309166,,,,,0.788,,,,
Eswatini,SWZ,Africa,Lower middle income,1997,1006647.0,4766768452.0,4735.292959696894,,,,,1.14,,,,
Eswatini,SWZ,Africa,Lower middle income,1998,1019657.0,4867682233.0,4773.84280498246,,,,,1.161,,,,
Eswatini,SWZ,Africa,Lower middle income,1999,1030785.0,4986982563.0,4838.043397022658,,,,,1.242,,,,
Eswatini,SWZ,Africa,Lower middle income,2000,1041428.0,5050303320.0,4849.40228225091,,,,,1.205,,,,
Eswatini,SWZ,Africa,Lower middle income,2001,1051066.0,5125500508.0,4876.478268729081,,,,,1.099,,,,
Eswatini,SWZ,Africa,Lower middle income,2002,1059456.0,5280506497.0,4984.167815369397,,,,,1.081,,,,
Eswatini,SWZ,Africa,Lower middle income,2003,1066706.0,5518729007.0,5173.617666911033,,,,,1.004,,,,
Eswatini,SWZ,Africa,Lower middle income,2004,1073170.0,5696422388.0,5308.033571568344,,,,,1.004,,,,
Eswatini,SWZ,Africa,Lower middle income,2005,1079022.0,6002942535.0,5563.31801853901,,,,,1.015,,,,
Eswatini,SWZ,Africa,Lower middle income,2006,1084442.0,6319744849.0,5827.646705863476,,,,,1.015,,,,
Eswatini,SWZ,Africa,Lower middle income,2007,1090713.0,6589486313.0,6041.44840393394,,,,,1.044,,,,
Eswatini,SWZ,Africa,Lower middle income,2008,1098098.0,6906669172.0,6289.66555990449,,,,,1.019,,,,
Eswatini,SWZ,Africa,Lower middle income,2009,1105158.0,7131566747.0,6452.983869274801,,,,,1.055,,,4.86709117889404,
Eswatini,SWZ,Africa,Lower middle income,2010,1111651.0,7332277029.0,6595.844405303463,,,,,0.997,,,,
Eswatini,SWZ,Africa,Lower middle income,2011,1117845.0,7567466177.0,6769.691841892212,,,,,0.96,,,,
Eswatini,SWZ,Africa,Lower middle income,2012,1123870.0,7793097968.0,6934.163175456236,,,,,1.11,,,,
Eswatini,SWZ,Africa,Lower middle income,2013,1130000.0,8126636123.0,7191.713383185841,,,,,1.315,,,,
Eswatini,SWZ,Africa,Lower middle income,2014,1136305.0,8327527350.0,7328.602223874752,,,,,0.762,,,,
Eswatini,SWZ,Africa,Lower middle income,2015,1142822.0,8445665268.0,7390.184357668998,,,,,0.85,,,,
Eswatini,SWZ,Africa,Lower middle income,2016,1149516.0,8545156780.0,7433.699731017228,,,,,1.022,,,4.2115650177002,
Eswatini,SWZ,Africa,Lower middle income,2017,1158198.0,8725282454.0,7533.498118629112,,,,,0.971,,,4.39611482620239,
Eswatini,SWZ,Africa,Lower middle income,2018,1168933.0,8936238936.0,7644.782836997501,,,,,1.015,,,,
Eswatini,SWZ,Africa,Lower middle income,2019,1179885.0,9177836965.0,7778.586018976425,,,,,1.099,,,4.30810022354126,
Eswatini,SWZ,Africa,Lower middle income,2020,1192734.0,9034694873.0,7574.777672976539,,,,,0.989,,,4.39610004425049,
Eswatini,SWZ,Africa,Lower middle income,2021,1206598.0,9746927305.0,8078.023753561667,,,,,0.989,,,,
Eswatini,SWZ,Africa,Lower middle income,2022,1218921.0,9594910875.0,7871.642932560847,,,,,1.028,,,,
Eswatini,SWZ,Africa,Lower middle income,2023,1230507.0,,,,,,,1.03,,,,
Ethiopia,ETH,Africa,Low income,1990,47609760.0,45030920800.0,945.8338122267367,46.94495122,11036.79988,,,2.987,,,,
Ethiopia,ETH,Africa,Low income,1991,49717203.0,41447817951.0,833.6715553165773,47.34612195,10891.43624,,,2.958,,,,
Ethiopia,ETH,Africa,Low income,1992,51853756.0,37455354506.0,722.3267395711894,47.76246341,11095.77117,,,2.937,,,,
Ethiopia,ETH,Africa,Low income,1993,53708892.0,37874279529.0,705.177078108407,48.21795122,10981.81064,,,2.994,,,,
Ethiopia,ETH,Africa,Low income,1994,55611514.0,40711848289.0,732.0758843033836,48.71807317,10793.79039,,27.01136,2.197,,,,
Ethiopia,ETH,Africa,Low income,1995,57537340.0,42631100913.0,740.92929761786,49.25834146,10532.4427,,,2.506,,,,
Ethiopia,ETH,Africa,Low income,1996,59467640.0,46130264957.0,775.7204583366685,49.82621951,10244.24304,,,2.794,,,,
Ethiopia,ETH,Africa,Low income,1997,61404541.0,49275077370.0,802.4663415365322,50.40668293,9982.151286,,,2.98,,,,
Ethiopia,ETH,Africa,Low income,1998,63363523.0,48734081758.0,769.1188786646222,50.99663415,9829.141549,,,3.147,,,,
Ethiopia,ETH,Africa,Low income,1999,65374561.0,48438288398.0,740.9348171072231,51.601,9684.540524,,,3.094,,,,
Ethiopia,ETH,Africa,Low income,2000,67411496.0,50326965912.0,746.5635521870038,52.24114634,9376.619961,,,3.463,,,,
Ethiopia,ETH,Africa,Low income,2001,69487767.0,52434129516.0,754.5807237696961,52.94695122,8884.759867,,,4.265,,,,
Ethiopia,ETH,Africa,Low income,2002,71635521.0,54501781462.0,760.8206194521849,53.73487805,8517.115873,,,4.432,,,,
Ethiopia,ETH,Africa,Low income,2003,73832664.0,53892038989.0,729.9213663616417,54.60885366,8275.192162,,,4.87,,,,
Ethiopia,ETH,Africa,Low income,2004,76077211.0,55845384136.0,734.0619273753346,55.56134146,7996.926446,,35.900002,5.159,,,,
Ethiopia,ETH,Africa,Low income,2005,78367476.0,61634778962.0,786.4841654719108,56.57180488,7627.136423,,29.820339,4.956,,,,
Ethiopia,ETH,Africa,Low income,2006,80703495.0,67217118145.0,832.8898041528437,57.61521951,7246.949625,,,5.318,,,,
Ethiopia,ETH,Africa,Low income,2007,83103218.0,73421784125.0,883.5010952885121,58.65365854,6867.953382,,38.995979,5.84,,,,
Ethiopia,ETH,Africa,Low income,2008,85543670.0,79756503135.0,932.348391587595,59.65626829,6560.207321,,,6.418,,,,
Ethiopia,ETH,Africa,Low income,2009,88007641.0,86391027022.0,981.6309815871556,60.60014634,6330.008873,,,6.453,,,,
Ethiopia,ETH,Africa,Low income,2010,90538518.0,94148625646.0,1039.8737214364387,61.46795122,6056.093219,,,6.344,,,4.5611686706543,
Ethiopia,ETH,Africa,Low income,2011,93149977.0,104948629242.0,1126.66296462961,62.25285366,5762.943341,,,7.355,,,4.44482707977295,
Ethiopia,ETH,Africa,Low income,2012,95798771.0,116345224724.0,1214.4751285379225,62.96595122,5484.757925,,,7.988,,,4.50664663314819,
Ethiopia,ETH,Africa,Low income,2013,98438752.0,128310309167.0,1303.4532291408977,63.61734146,5224.293743,,,9.744,,,4.57315492630005,
Ethiopia,ETH,Africa,Low income,2014,101115615.0,141950543442.0,1403.8439408394045,,4974.737224,,,11.543,,,4.29784870147705,
Ethiopia,ETH,Africa,Low income,2015,103867140.0,157107146471.0,1512.5779574849178,,4713.439315,,49.031521,12.564,,,4.18031549453735,
Ethiopia,ETH,Africa,Low income,2016,106718163.0,173708917362.0,1627.7352652893771,,4452.872381,,,14.323,,,4.37926244735718,
Ethiopia,ETH,Africa,Low income,2017,109666482.0,190761659136.0,1739.470945516425,,4211.644212,,,14.603,,,4.09955501556396,
Ethiopia,ETH,Africa,Low income,2018,112664157.0,206205566995.0,1830.2676954747906,,,,,16.117,,,4.54921960830688,
Ethiopia,ETH,Africa,Low income,2019,115737384.0,221885291686.0,1917.1445216525717,,,,,17.177,,14.93,4.27470016479492,
Ethiopia,ETH,Africa,Low income,2020,118917670.0,237860193068.0,2000.2089939030927,,,,,16.735,,,4.24149990081787,
Ethiopia,ETH,Africa,Low income,2021,122138588.0,251849804145.0,2062.000292200856,,,,,17.906,,,,
Ethiopia,ETH,Africa,Low income,2022,125384285.0,269977225159.0,2153.198266904022,,,,,16.96,,,,
Ethiopia,ETH,Africa,Low income,2023,128691695.0,,,,,,,17.571,,,,
Falkland Islands,FLK,Americas,Not classified,1990,,,,,,,,,,,,
Falkland Islands,FLK,Americas,Not classified,1991,,,,,,,,,,,,
Falkland Islands,FLK,Americas,Not classified,1992,,,,,,,,,,,,
Falkland Islands,FLK,Americas,Not classified,1993,,,,,,,,,,,,
Falkland Islands,FLK,Americas,Not classified,1994,,,,,,,,,,,,
Falkland Islands,FLK,Americas,Not classified,1995,,,,,,,,,,,,
Falkland Islands,FLK,Americas,Not classified,1996,,,,,,,,,,,,
Falkland Islands,FLK,Americas,Not classified,1997,,,,,,,,,,,,
Falkland Islands,FLK,Americas,Not classified,1998,,,,,,,,,,,,
Falkland Islands,FLK,Americas,Not classified,1999,,,,,,,,,,,,
Falkland Islands,FLK,Americas,Not classified,2000,,,,,,,,,,,,
Falkland Islands,FLK,Americas,Not classified,2001,,,,,,,,,,,,
Falkland Islands,FLK,Americas,Not classified,2002,,,,,,,,,,,,
Falkland Islands,FLK,Americas,Not classified,2003,,,,,,,,,,,,
Falkland Islands,FLK,Americas,Not classified,2004,,,,,,,,,,,,
Falkland Islands,FLK,Americas,Not classified,2005,,,,,,,,,,,,
Falkland Islands,FLK,Americas,Not classified,2006,,,,,,,,,,,,
Falkland Islands,FLK,Americas,Not classified,2007,,,,,,,,,,,,
Falkland Islands,FLK,Americas,Not classified,2008,,,,,,,,,,,,
Falkland Islands,FLK,Americas,Not classified,2009,,,,,,,,,,,,
Falkland Islands,FLK,Americas,Not classified,2010,,,,,,,,,,,,
Falkland Islands,FLK,Americas,Not classified,2011,,,,,,,,,,,,
Falkland Islands,FLK,Americas,Not classified,2012,,,,,,,,,,,,
Falkland Islands,FLK,Americas,Not classified,2013,,,,,,,,,,,,
Falkland Islands,FLK,Americas,Not classified,2014,,,,,,,,,,,,
Falkland Islands,FLK,Americas,Not classified,2015,,,,,,,,,,,,
Falkland Islands,FLK,Americas,Not classified,2016,,,,,,,,,,,,
Falkland Islands,FLK,Americas,Not classified,2017,,,,,,,,,,,,
Falkland Islands,FLK,Americas,Not classified,2018,,,,,,,,,,,,
Falkland Islands,FLK,Americas,Not classified,2019,,,,,,,,,,,,
Falkland Islands,FLK,Americas,Not classified,2020,,,,,,,,,,,,
Falkland Islands,FLK,Americas,Not classified,2021,,,,,,,,,,,,
Falkland Islands,FLK,Americas,Not classified,2022,,,,,,,,,,,,
Falkland Islands,FLK,Americas,Not classified,2023,,,,,,,,,,,,
Faroe Islands,FRO,Europe,Not classified,1990,47525.0,,,,,,,0.703,,,,
Faroe Islands,FRO,Europe,Not classified,1991,46839.0,,,,,,,0.66,,,,
Faroe Islands,FRO,Europe,Not classified,1992,46043.0,,,,,,,0.649,,,,
Faroe Islands,FRO,Europe,Not classified,1993,45160.0,,,,,,,0.583,,,,
Faroe Islands,FRO,Europe,Not classified,1994,44195.0,,,,,,,0.575,,,,
Faroe Islands,FRO,Europe,Not classified,1995,43863.0,,,,,,,0.572,,,,
Faroe Islands,FRO,Europe,Not classified,1996,44203.0,,,,,,,0.597,,,,
Faroe Islands,FRO,Europe,Not classified,1997,44568.0,,,,,,,0.586,,,,
Faroe Islands,FRO,Europe,Not classified,1998,44920.0,,,,,,,0.623,,,,
Faroe Islands,FRO,Europe,Not classified,1999,45242.0,,,,,,,0.634,,,,
Faroe Islands,FRO,Europe,Not classified,2000,45687.0,,,,,,,0.689,,,,
Faroe Islands,FRO,Europe,Not classified,2001,46262.0,,,,,,,0.762,,,,
Faroe Islands,FRO,Europe,Not classified,2002,46852.0,,,,,,,0.729,,,,
Faroe Islands,FRO,Europe,Not classified,2003,47448.0,,,,,,,0.733,,,,
Faroe Islands,FRO,Europe,Not classified,2004,48041.0,,,,,,,0.747,,,,
Faroe Islands,FRO,Europe,Not classified,2005,48386.0,,,,,,,0.722,,,,
Faroe Islands,FRO,Europe,Not classified,2006,48456.0,,,,,,,0.678,,,,
Faroe Islands,FRO,Europe,Not classified,2007,48498.0,,,,,,,0.692,,,,
Faroe Islands,FRO,Europe,Not classified,2008,48528.0,,,,,,,0.634,,,,
Faroe Islands,FRO,Europe,Not classified,2009,48512.0,,,,,,,0.575,,,,
Faroe Islands,FRO,Europe,Not classified,2010,48191.0,,,,,,,0.627,,,,
Faroe Islands,FRO,Europe,Not classified,2011,47957.0,,,,,,,0.564,,,,
Faroe Islands,FRO,Europe,Not classified,2012,48113.0,,,,,,,0.594,,,,
Faroe Islands,FRO,Europe,Not classified,2013,48297.0,,,,,,,0.649,,,,
Faroe Islands,FRO,Europe,Not classified,2014,48515.0,,,,,,,0.597,,,,
Faroe Islands,FRO,Europe,Not classified,2015,48916.0,,,,,,,0.608,,,,
Faroe Islands,FRO,Europe,Not classified,2016,49554.0,,,,,,,0.627,,,,
Faroe Islands,FRO,Europe,Not classified,2017,50268.0,,,,,,,0.703,,,,
Faroe Islands,FRO,Europe,Not classified,2018,51062.0,,,,,,,0.725,,,,
Faroe Islands,FRO,Europe,Not classified,2019,51868.0,,,,,,,0.74,,,,
Faroe Islands,FRO,Europe,Not classified,2020,52615.0,,,,,,,0.758,,,,
Faroe Islands,FRO,Europe,Not classified,2021,53324.0,,,,,,,0.784,,,,
Faroe Islands,FRO,Europe,Not classified,2022,54039.0,,,,,,,0.723,,,,
Faroe Islands,FRO,Europe,Not classified,2023,54738.0,,,,,,,0.714,,,,
Fiji,FJI,Oceania,Upper middle income,1990,773325.0,,,65.57085366,2436.632706,,,0.801,,,,
Fiji,FJI,Oceania,Upper middle income,1991,779666.0,,,65.79331707,2372.324353,,,0.655,,,,
Fiji,FJI,Oceania,Upper middle income,1992,785349.0,,,66.0112439,2216.56441,,,0.73,,,,
Fiji,FJI,Oceania,Upper middle income,1993,790380.0,,,66.22414634,2278.912957,,,0.729,,,,
Fiji,FJI,Oceania,Upper middle income,1994,794779.0,,,66.43353659,2261.124262,,,0.723,,,,
Fiji,FJI,Oceania,Upper middle income,1995,798750.0,,,66.63890244,2242.246302,,,0.737,,,,
Fiji,FJI,Oceania,Upper middle income,1996,803788.0,,,66.8402439,2273.156758,,,0.792,,,,
Fiji,FJI,Oceania,Upper middle income,1997,812145.0,,,67.03756098,2303.736558,,,0.764,,,,
Fiji,FJI,Oceania,Upper middle income,1998,822259.0,,,67.23085366,2345.153041,,,0.743,,,,
Fiji,FJI,Oceania,Upper middle income,1999,831835.0,,,67.42012195,2368.58051,,,0.756,,,,
Fiji,FJI,Oceania,Upper middle income,2000,840913.0,,,67.60585366,2389.025826,,,0.815,,,,
Fiji,FJI,Oceania,Upper middle income,2001,849606.0,,,67.788,2424.562492,,,1.004,,,,
Fiji,FJI,Oceania,Upper middle income,2002,858057.0,,,67.96709756,2421.370158,,,0.835,,,,
Fiji,FJI,Oceania,Upper middle income,2003,866297.0,,,68.14314634,2444.553989,,93.699997,0.993,,,,
Fiji,FJI,Oceania,Upper middle income,2004,874369.0,,,68.31768293,2465.423972,,,1.301,,,,
Fiji,FJI,Oceania,Upper middle income,2005,882384.0,,,68.49178049,2383.912917,,,1.022,,,,
Fiji,FJI,Oceania,Upper middle income,2006,890370.0,,,68.666,2319.026211,,,1.15,,,,
Fiji,FJI,Oceania,Upper middle income,2007,897843.0,,,68.84239024,2247.001968,,,1.085,,,,
Fiji,FJI,Oceania,Upper middle income,2008,903403.0,,,69.021,2180.227601,,,0.791,,,,
Fiji,FJI,Oceania,Upper middle income,2009,907248.0,,,69.20080488,2108.859265,,,0.703,,,,
Fiji,FJI,Oceania,Upper middle income,2010,910427.0,,,69.38231707,2038.428941,,,1.03,,,,
Fiji,FJI,Oceania,Upper middle income,2011,912991.0,,,69.56397561,1966.362145,,,0.931,,,,
Fiji,FJI,Oceania,Upper middle income,2012,914920.0,,,69.74473171,1925.247782,,,0.909,,,,
Fiji,FJI,Oceania,Upper middle income,2013,916359.0,,,69.923,1896.458709,,,1.037,,,,
Fiji,FJI,Oceania,Upper middle income,2014,917589.0,,,,1881.441774,,,1.18,,,,
Fiji,FJI,Oceania,Upper middle income,2015,918585.0,,,,1871.617809,,,1.462,,,,
Fiji,FJI,Oceania,Upper middle income,2016,919167.0,,,,1867.343829,,,1.345,,,,
Fiji,FJI,Oceania,Upper middle income,2017,918762.0,,,,1864.966294,,,1.455,,,,
Fiji,FJI,Oceania,Upper middle income,2018,917185.0,,,,,,,1.48,,,,
Fiji,FJI,Oceania,Upper middle income,2019,914906.0,,,,,,,1.509,,,,
Fiji,FJI,Oceania,Upper middle income,2020,914971.0,,,,,,,1.37,,,,
Fiji,FJI,Oceania,Upper middle income,2021,916718.0,,,,,,,1.088,,,,
Fiji,FJI,Oceania,Upper middle income,2022,919428.0,,,,,,,1.389,,,,
Fiji,FJI,Oceania,Upper middle income,2023,924150.0,,,,,,,1.382,,,,
Finland,FIN,Europe,High income,1990,4986576.0,134055215099.0,26883.219086403176,74.81317073,591.9234163,,,56.921,14.47,,,
Finland,FIN,Europe,High income,1991,5013889.0,126220143051.0,25174.099995233242,75.22756098,582.9441222,,,55.195,15.994,,,
Finland,FIN,Europe,High income,1992,5042145.0,122116750127.0,24219.206335200593,75.45536585,519.3989935,,,54.272,17.648,,,
Finland,FIN,Europe,High income,1993,5066594.0,121309307835.0,23942.969938976756,75.70512195,458.3369231,,,56.32,17.067,,,
Finland,FIN,Europe,High income,1994,5088454.0,126178680040.0,24797.056245374333,76.39560976,442.2234748,,,61.739,15.338,,,
Finland,FIN,Europe,High income,1995,5107919.0,131586003036.0,25761.17652531295,76.4095122,407.6674248,,,58.122,17.208,,,
Finland,FIN,Europe,High income,1996,5124715.0,136506127418.0,26636.823202461015,76.69341463,388.8359047,,,64.04,14.945,,,
Finland,FIN,Europe,High income,1997,5139927.0,145148158927.0,28239.342490078165,76.87853659,392.3070567,,,62.703,16.853,,,
Finland,FIN,Europe,High income,1998,5153545.0,153138899026.0,29715.25406802502,77.09073171,388.0581783,,,59.358,19.755,,,
Finland,FIN,Europe,High income,1999,5165516.0,160063696383.0,30986.971366074562,77.29121951,372.3670374,,,58.874,17.504,,,
Finland,FIN,Europe,High income,2000,5176197.0,169209765102.0,32689.977816145714,77.46585366,353.8361676,,100.0,57.017,19.163,,,
Finland,FIN,Europe,High income,2001,5187970.0,173703951475.0,33482.065523701945,77.96585366,326.8830088,,,62.52,17.238,,,
Finland,FIN,Europe,High income,2002,5200548.0,176751491921.0,33987.08980688189,78.1195122,314.4379578,,,65.049,15.842,,,
Finland,FIN,Europe,High income,2003,5212958.0,180408462125.0,34607.695309457704,78.36829268,332.6398076,,,72.658,14.248,,,
Finland,FIN,Europe,High income,2004,5228147.0,187633923914.0,35889.18290055731,78.71463415,343.0924747,,,68.946,18.999,,7.67244911193848,
Finland,FIN,Europe,High income,2005,5246078.0,192990732516.0,36787.62163200776,78.81707317,323.6169343,,,57.064,19.045,,,
Finland,FIN,Europe,High income,2006,5266248.0,200966858669.0,38161.297885895234,79.21463415,285.5219125,,,68.374,17.117,,7.67062664031982,
Finland,FIN,Europe,High income,2007,5288715.0,211541390078.0,39998.636734632135,79.26341463,279.0772915,,,66.764,18.351,,,
Finland,FIN,Europe,High income,2008,5313379.0,213226105706.0,40130.03885211275,79.56829268,268.4920755,,,58.625,21.795,,7.39326429367065,
Finland,FIN,Europe,High income,2009,5338854.0,195739132370.0,36663.13639031897,79.7195122,251.463949,,,55.921,18.615,,7.35422515869141,
Finland,FIN,Europe,High income,2010,5363347.0,201746033638.0,37615.6966233958,79.87073171,237.2343929,,,64.092,19.122,,7.4202094078064,
Finland,FIN,Europe,High income,2011,5388236.0,207084301562.0,38432.67101923524,80.47073171,233.0352088,,,56.646,20.478,,7.44463586807251,
Finland,FIN,Europe,High income,2012,5413978.0,204190196792.0,37715.37246586521,80.62682927,224.1354449,,,51.154,24.392,,7.38457107543945,
Finland,FIN,Europe,High income,2013,5439057.0,202349011206.0,37202.958381572396,80.83170732,190.1042403,,,51.719,22.15,,7.44792556762695,
Finland,FIN,Europe,High income,2014,5461686.0,201610622550.0,36913.62384252775,,201.4828339,,,47.622,24.195,,7.65984344482422,
Finland,FIN,Europe,High income,2015,5479719.0,202706706722.0,36992.17181063481,,176.0200219,,,44.192,27.515,,7.78825187683105,
Finland,FIN,Europe,High income,2016,5495468.0,208405735062.0,37923.20054670503,,180.4330927,,,47.252,25.935,,7.85810708999634,
Finland,FIN,Europe,High income,2017,5508398.0,215058877437.0,39042.00049397302,,182.3905576,,,44.657,27.99,,7.78034782409668,
Finland,FIN,Europe,High income,2018,5515730.0,217509947213.0,39434.480515362426,,,,,45.736,27.99,,7.88934993743896,
Finland,FIN,Europe,High income,2019,5521754.0,220173891564.0,39873.90448107612,,,,,42.444,28.591,,7.84210014343262,
Finland,FIN,Europe,High income,2020,5529616.0,214988893865.0,38879.53410598494,,,,,37.72,32.588,,7.82100009918213,
Finland,FIN,Europe,High income,2021,5541069.0,221538476826.0,39981.179953904204,,,,,37.82,35.036,,,
Finland,FIN,Europe,High income,2022,5569300.0,226154847456.0,40607.409810209545,,,,,36.337,34.897,,,
Finland,FIN,Europe,High income,2023,5601185.0,,,,,,,31.799,35.888,,,
France,FRA,Europe,High income,1990,56990239.0,1636207672000.0,28710.314269782233,76.6,727.4547468,,,394.904,5.936,,,
France,FRA,Europe,High income,1991,57271564.0,1654070164992.0,28881.176791190825,76.84878049,717.3915315,,,419.119,5.941,,,
France,FRA,Europe,High income,1992,57554867.0,1681416991070.0,29214.158223491333,77.1,657.5375619,,,408.433,7.019,,,
France,FRA,Europe,High income,1993,57801261.0,1671995828699.0,28926.63239127257,77.3,624.6218932,,,388.89,6.624,,,
France,FRA,Europe,High income,1994,57999868.0,1712086429935.0,29518.798731317802,77.64878049,586.1560347,,,381.903,8.129,,,
France,FRA,Europe,High income,1995,58192207.0,1748659531786.0,30049.720090286315,77.75121951,511.6285894,,,386.959,7.396,,,
France,FRA,Europe,High income,1996,58380638.0,1773843233893.0,30384.101555947367,77.95365854,484.0887162,,,403.352,6.506,,,
France,FRA,Europe,High income,1997,58568662.0,1816394950229.0,31013.08597811232,78.30487805,477.724255,,,396.023,6.447,,,
France,FRA,Europe,High income,1998,58778817.0,1882050330390.0,32019.1937580166,78.60487805,462.8463401,,,414.357,6.12,,,
France,FRA,Europe,High income,1999,59084209.0,1949849405155.0,33001.193350240166,78.75609756,450.1646882,,,413.07,7.02,,,
France,FRA,Europe,High income,2000,59483716.0,2031676031476.0,34155.16326310212,79.05609756,457.4864184,,,407.445,6.409,,,
France,FRA,Europe,High income,2001,59905131.0,2077786711965.0,34684.6201198525,79.15853659,449.4187151,,,411.592,7.072,,,
France,FRA,Europe,High income,2002,60327247.0,2107316572579.0,34931.42282091871,79.26097561,414.9095279,,,407.027,5.879,,,
France,FRA,Europe,High income,2003,60741119.0,2130940712046.0,35082.34203005052,79.11463415,410.1784575,,99.0,412.989,5.675,,7.09339284896851,
France,FRA,Europe,High income,2004,61175244.0,2196883540402.0,35911.31635538716,80.16341463,396.3778192,,,414.073,5.684,,6.58270025253296,
France,FRA,Europe,High income,2005,61625031.0,2238790479440.0,36329.23899770533,80.16341463,373.5143915,,,416.343,5.122,,,
France,FRA,Europe,High income,2006,62049831.0,2297018080700.0,37018.92565509163,80.81219512,372.4692032,,,406.669,5.702,,7.00806474685669,
France,FRA,Europe,High income,2007,62432438.0,2354672057875.0,37715.52310475205,81.11219512,360.6910393,,,396.461,6.356,,6.28349828720093,
France,FRA,Europe,High income,2008,62780187.0,2362451821701.0,37630.531774316,81.21463415,365.7260052,,,389.794,7.319,,6.79790115356445,
France,FRA,Europe,High income,2009,63106460.0,2295352990111.0,36372.71033917922,81.41463415,360.2397629,,,371.404,7.409,,6.9591851234436,
France,FRA,Europe,High income,2010,63417366.0,2342490492199.0,36937.68189929238,81.66341463,355.8921538,,,377.079,7.882,,6.64936542510986,
France,FRA,Europe,High income,2011,63733776.0,2393401943613.0,37553.11694717413,82.11463415,332.5518612,,,355.127,6.93,,6.66712141036987,
France,FRA,Europe,High income,2012,64058465.0,2400896391731.0,37479.76776732006,81.96829268,336.1844173,,,358.1,8.714,,6.46686792373657,
France,FRA,Europe,High income,2013,64387736.0,2414733629218.0,37503.005684467615,81.96829268,340.3209058,,,360.013,9.857,,6.35762500762939,
France,FRA,Europe,High income,2014,64692495.0,2437822780219.0,37683.23945797731,,323.8384667,,,327.809,9.885,,6.47520875930786,
France,FRA,Europe,High income,2015,64916337.0,2464953810985.0,37971.23998208648,,324.821101,,,332.131,9.568,,6.63522243499756,
France,FRA,Europe,High income,2016,65086853.0,2491956183265.0,38286.628841388294,,319.9465806,,,335.496,10.362,,6.66590356826782,
France,FRA,Europe,High income,2017,65284775.0,2549057506683.0,39045.206277926205,,313.2303763,,,338.368,9.803,,6.68964433670044,
France,FRA,Europe,High income,2018,65519537.0,2596599107835.0,39630.91356758214,,,,,323.102,11.513,,6.71411180496216,
France,FRA,Europe,High income,2019,65729460.0,2644453795826.0,40232.398011880825,,,,,316.321,11.754,,6.68989992141724,
France,FRA,Europe,High income,2020,65905273.0,2438594133224.0,37001.502644924934,,,,,281.515,13.972,,6.68669986724854,
France,FRA,Europe,High income,2021,66083547.0,2604822841790.0,39417.116060522596,,,,,307.272,12.914,,,
France,FRA,Europe,High income,2022,66277412.0,2671568767031.0,40308.88784599797,,,,,295.304,13.726,,,
France,FRA,Europe,High income,2023,66438828.0,,,,,,,270.263,15.867,,,
French Guiana,GUF,Americas,Not classified,1990,,,,,,,,,,,,
French Guiana,GUF,Americas,Not classified,1991,,,,,,,,,,,,
French Guiana,GUF,Americas,Not classified,1992,,,,,,,,,,,,
French Guiana,GUF,Americas,Not classified,1993,,,,,,,,,,,,
French Guiana,GUF,Americas,Not classified,1994,,,,,,,,,,,,
French Guiana,GUF,Americas,Not classified,1995,,,,,,,,,,,,
French Guiana,GUF,Americas,Not classified,1996,,,,,,,,,,,,
French Guiana,GUF,Americas,Not classified,1997,,,,,,,,,,,,
French Guiana,GUF,Americas,Not classified,1998,,,,,,,,,,,,
French Guiana,GUF,Americas,Not classified,1999,,,,,,,,,,,,
French Guiana,GUF,Americas,Not classified,2000,,,,,,,,,,,,
French Guiana,GUF,Americas,Not classified,2001,,,,,,,,,,,,
French Guiana,GUF,Americas,Not classified,2002,,,,,,,,,,,,
French Guiana,GUF,Americas,Not classified,2003,,,,,,,,,,,,
French Guiana,GUF,Americas,Not classified,2004,,,,,,,,,,,,
French Guiana,GUF,Americas,Not classified,2005,,,,,,,,,,,,
French Guiana,GUF,Americas,Not classified,2006,,,,,,,,,,,,
French Guiana,GUF,Americas,Not classified,2007,,,,,,,,,,,,
French Guiana,GUF,Americas,Not classified,2008,,,,,,,,,,,,
French Guiana,GUF,Americas,Not classified,2009,,,,,,,,,,,,
French Guiana,GUF,Americas,Not classified,2010,,,,,,,,,,,,
French Guiana,GUF,Americas,Not classified,2011,,,,,,,,,,,,
French Guiana,GUF,Americas,Not classified,2012,,,,,,,,,,,,
French Guiana,GUF,Americas,Not classified,2013,,,,,,,,,,,,
French Guiana,GUF,Americas,Not classified,2014,,,,,,,,,,,,
French Guiana,GUF,Americas,Not classified,2015,,,,,,,,,,,,
French Guiana,GUF,Americas,Not classified,2016,,,,,,,,,,,,
French Guiana,GUF,Americas,Not classified,2017,,,,,,,,,,,,
French Guiana,GUF,Americas,Not classified,2018,,,,,,,,,,,,
French Guiana,GUF,Americas,Not classified,2019,,,,,,,,,,,,
French Guiana,GUF,Americas,Not classified,2020,,,,,,,,,,,,
French Guiana,GUF,Americas,Not classified,2021,,,,,,,,,,,,
French Guiana,GUF,Americas,Not classified,2022,,,,,,,,,,,,
French Guiana,GUF,Americas,Not classified,2023,,,,,,,,,,,,
French Polynesia,PYF,Oceania,Not classified,1990,203780.0,,,68.82860976,,,,0.524,,,,
French Polynesia,PYF,Oceania,Not classified,1991,207755.0,,,69.12078049,,,,0.528,,,,
French Polynesia,PYF,Oceania,Not classified,1992,211570.0,,,69.44034146,,,,0.498,,,,
French Polynesia,PYF,Oceania,Not classified,1993,215229.0,,,69.78456098,,,,0.52,,,,
French Polynesia,PYF,Oceania,Not classified,1994,218747.0,,,70.15492683,,,,0.535,,,,
French Polynesia,PYF,Oceania,Not classified,1995,222128.0,,,70.54421951,,,,0.524,,,,
French Polynesia,PYF,Oceania,Not classified,1996,225500.0,,,70.94336585,,,,0.524,,,,
French Polynesia,PYF,Oceania,Not classified,1997,229132.0,,,71.33904878,,,,0.542,,,,
French Polynesia,PYF,Oceania,Not classified,1998,232898.0,,,71.72380488,,,,0.535,,,,
French Polynesia,PYF,Oceania,Not classified,1999,236606.0,,,72.09339024,,,,0.594,,,,
French Polynesia,PYF,Oceania,Not classified,2000,240346.0,,,72.45,,,,0.685,,,,
French Polynesia,PYF,Oceania,Not classified,2001,244107.0,,,72.80068293,,,,0.769,,,,
French Polynesia,PYF,Oceania,Not classified,2002,247785.0,,,73.15263415,,,,0.806,,,,
French Polynesia,PYF,Oceania,Not classified,2003,251650.0,,,73.51056098,,,,0.835,,,,
French Polynesia,PYF,Oceania,Not classified,2004,255663.0,,,73.87031707,,,,0.843,,,,
French Polynesia,PYF,Oceania,Not classified,2005,259517.0,,,74.22668293,,,,0.832,,,,
French Polynesia,PYF,Oceania,Not classified,2006,263234.0,,,74.56995122,,,,0.839,,,,
French Polynesia,PYF,Oceania,Not classified,2007,266448.0,,,74.89097561,,,,0.857,,,,
French Polynesia,PYF,Oceania,Not classified,2008,268390.0,,,75.18517073,,,,0.868,,,,
French Polynesia,PYF,Oceania,Not classified,2009,269494.0,,,75.45197561,,,,0.861,,,,
French Polynesia,PYF,Oceania,Not classified,2010,270590.0,,,75.69339024,,,,0.923,,,,
French Polynesia,PYF,Oceania,Not classified,2011,271734.0,,,75.91602439,,,,0.883,,,,
French Polynesia,PYF,Oceania,Not classified,2012,273092.0,,,76.12902439,,,,0.876,,,,
French Polynesia,PYF,Oceania,Not classified,2013,274736.0,,,76.33904878,,,,0.883,,,,
French Polynesia,PYF,Oceania,Not classified,2014,276391.0,,,,,,,0.85,,,,
French Polynesia,PYF,Oceania,Not classified,2015,277877.0,,,,,,,0.846,,,,
French Polynesia,PYF,Oceania,Not classified,2016,279180.0,,,,,,,0.868,,,,
French Polynesia,PYF,Oceania,Not classified,2017,280096.0,,,,,,,0.876,,,,
French Polynesia,PYF,Oceania,Not classified,2018,279823.0,,,,,,,0.879,,,,
French Polynesia,PYF,Oceania,Not classified,2019,279040.0,,,,,,,0.89,,,,
French Polynesia,PYF,Oceania,Not classified,2020,279218.0,,,,,,,0.832,,,,
French Polynesia,PYF,Oceania,Not classified,2021,279808.0,,,,,,,0.868,,,,
French Polynesia,PYF,Oceania,Not classified,2022,280388.0,,,,,,,0.887,,,,
French Polynesia,PYF,Oceania,Not classified,2023,281125.0,,,,,,,0.882,,,,
Gabon,GAB,Africa,Upper middle income,1990,983740.0,7172590144.0,7291.144147843943,61.289,5286.607629,,,4.485,,,,
Gabon,GAB,Africa,Upper middle income,1991,1010821.0,7974667240.0,7889.297155480545,61.39643902,5179.990638,,,4.522,,,,
Gabon,GAB,Africa,Upper middle income,1992,1038386.0,7946205803.0,7652.458529872321,61.41243902,5116.565571,,,4.917,,,,
Gabon,GAB,Africa,Upper middle income,1993,1066404.0,8684711681.0,8143.922641888065,61.35946341,5041.367378,,72.233673,4.975,,,,
Gabon,GAB,Africa,Upper middle income,1994,1094724.0,9485805468.0,8665.02010369737,61.25353659,4979.7205,,,4.542,,,,
Gabon,GAB,Africa,Upper middle income,1995,1123212.0,10240919781.0,9117.530600634609,61.09470732,4898.672353,,,5.22,,,,
Gabon,GAB,Africa,Upper middle income,1996,1152018.0,11022743781.0,9568.204473367603,60.87553659,4834.143047,,,5.886,,,,
Gabon,GAB,Africa,Upper middle income,1997,1181445.0,12164042989.0,10295.902889258492,60.60056098,4733.475702,,,5.527,,,,
Gabon,GAB,Africa,Upper middle income,1998,1211744.0,13062140404.0,10779.620451184408,60.28826829,4674.977338,,,6.453,,,,
Gabon,GAB,Africa,Upper middle income,1999,1243023.0,12170660106.0,9791.178526865553,59.96812195,4659.294016,,,6.014,,,,
Gabon,GAB,Africa,Upper middle income,2000,1275578.0,12538030035.0,9829.293100853103,59.68802439,4628.743561,,,6.128,,,,
Gabon,GAB,Africa,Upper middle income,2001,1309594.0,13408080502.0,10238.349062381165,59.49631707,4598.270872,,,6.48,,,,
Gabon,GAB,Africa,Upper middle income,2002,1345142.0,13745891364.0,10218.914704915913,59.42292683,4556.269517,,,6.25,,,,
Gabon,GAB,Africa,Upper middle income,2003,1382354.0,14717147740.0,10646.43914655725,59.48429268,4493.639044,,,6.746,,,,
Gabon,GAB,Africa,Upper middle income,2004,1421620.0,15597639635.0,10971.73621291203,59.68385366,4450.778502,,81.84552,6.386,,,,
Gabon,GAB,Africa,Upper middle income,2005,1463503.0,16662264363.0,11385.193172135623,60.00914634,4393.261327,,,6.223,,,,
Gabon,GAB,Africa,Upper middle income,2006,1508338.0,17083887620.0,11326.29929100772,60.4312439,4376.343433,,,5.543,,,,
Gabon,GAB,Africa,Upper middle income,2007,1556242.0,19294943982.0,12398.421313651734,60.90373171,4340.711313,,,5.038,,,,
Gabon,GAB,Africa,Upper middle income,2008,1607182.0,19821156608.0,12332.863737896518,61.38570732,4272.618852,,,5.379,,,,
Gabon,GAB,Africa,Upper middle income,2009,1661567.0,21001791917.0,12639.75025803955,61.85270732,4261.706823,,,5.304,,,4.25540065765381,
Gabon,GAB,Africa,Upper middle income,2010,1719883.0,23885406357.0,13887.808855020952,62.2897561,4268.71004,,,5.528,,,3.97205924987793,
Gabon,GAB,Africa,Upper middle income,2011,1781987.0,27165828850.0,15244.684080186893,62.69334146,4233.62229,,,5.447,,,3.80028700828552,
Gabon,GAB,Africa,Upper middle income,2012,1846893.0,28592310064.0,15481.30295799486,63.07392683,4103.482993,,82.283798,5.016,,,3.91807317733765,
Gabon,GAB,Africa,Upper middle income,2013,1913061.0,30169739768.0,15770.401345278588,63.441,3865.574045,,,5.19,,,4.66101264953613,
Gabon,GAB,Africa,Upper middle income,2014,1978400.0,31507773384.0,15925.886263647391,,3686.286176,,,5.663,,,4.83176422119141,
Gabon,GAB,Africa,Upper middle income,2015,2040990.0,32729961516.0,16036.316452309908,,3565.645208,,83.237877,5.772,,,4.78238296508789,
Gabon,GAB,Africa,Upper middle income,2016,2100310.0,33414337569.0,15909.240811594478,,3457.699588,,,5.613,,,4.78300905227661,
Gabon,GAB,Africa,Upper middle income,2017,2156902.0,33572391290.0,15565.098131486735,,3404.89869,,,5.501,,,4.91439342498779,
Gabon,GAB,Africa,Upper middle income,2018,2212320.0,33855404131.0,15303.122573135894,,,,,5.563,,,,
Gabon,GAB,Africa,Upper middle income,2019,2267711.0,35180839675.0,15513.810919909989,,,,,5.607,,46.73,4.85179996490479,
Gabon,GAB,Africa,Upper middle income,2020,2322538.0,34525072669.0,14865.234785824818,,,,,5.636,,,4.95830011367798,
Gabon,GAB,Africa,Upper middle income,2021,2376729.0,35037430976.0,14741.870434534185,,,,,5.545,,,,
Gabon,GAB,Africa,Upper middle income,2022,2430750.0,36035291983.0,14824.762720559498,,,,,5.783,,,,
Gabon,GAB,Africa,Upper middle income,2023,2484790.0,,,,,,,5.321,,,,
Gambia,GMB,Africa,Low income,1990,1054703.0,1331400000.0,1262.345892635178,52.217,6328.684154,,,0.198,,,,
Gambia,GMB,Africa,Low income,1991,1099960.0,1378188611.0,1252.9442988835958,52.48604878,6207.97133,,,0.198,,,,
Gambia,GMB,Africa,Low income,1992,1145583.0,1438713178.0,1255.8786032963128,52.73909756,6103.384099,,,0.198,,,,
Gambia,GMB,Africa,Low income,1993,1188372.0,1492281313.0,1255.735841133921,52.99512195,5983.604533,,,0.209,,,,
Gambia,GMB,Africa,Low income,1994,1227233.0,1506439238.0,1227.5087436534056,53.26514634,5873.564748,,,0.209,,,,
Gambia,GMB,Africa,Low income,1995,1264320.0,1529318604.0,1209.59773158694,53.55617073,5765.713599,,,0.216,,,,
Gambia,GMB,Africa,Low income,1996,1301421.0,1606890442.0,1234.7199269106616,53.86765854,5655.810105,,,0.22,,,,
Gambia,GMB,Africa,Low income,1997,1338898.0,1625140474.0,1213.7896045852633,54.19068293,5674.611749,,,0.224,,,,
Gambia,GMB,Africa,Low income,1998,1376994.0,1698553130.0,1233.522535319689,54.51668293,5455.081698,,,0.242,,,,
Gambia,GMB,Africa,Low income,1999,1415786.0,1829034023.0,1291.8859368576889,54.84419512,5344.807211,,,0.275,,,,
Gambia,GMB,Africa,Low income,2000,1455095.0,1955249650.0,1343.7264577226917,55.17121951,5261.352134,,36.81773,0.275,,,,
Gambia,GMB,Africa,Low income,2001,1495023.0,2082662873.0,1393.0641020238484,55.4977561,5150.89882,,,0.3,,,,
Gambia,GMB,Africa,Low income,2002,1535700.0,2108436308.0,1372.9480419352737,55.82129268,5065.172175,,,0.3,,,,
Gambia,GMB,Africa,Low income,2003,1577619.0,2172586623.0,1377.1301074594055,56.14185366,4959.992856,,,0.3,,,,
Gambia,GMB,Africa,Low income,2004,1621309.0,2391385185.0,1474.9718807457432,56.45590244,4821.274089,,,0.319,,,,
Gambia,GMB,Africa,Low income,2005,1667035.0,2386414713.0,1431.532459126533,56.76192683,4710.720012,,,0.319,,,,
Gambia,GMB,Africa,Low income,2006,1715285.0,2432257588.0,1417.9903561215774,57.05792683,4581.365936,,,0.348,,,,
Gambia,GMB,Africa,Low income,2007,1765778.0,2539291281.0,1438.0580576946818,57.34387805,4482.175227,,,0.348,,,,
Gambia,GMB,Africa,Low income,2008,1817859.0,2704420689.0,1487.6955192894497,57.61880488,4352.679918,,,0.363,,,,
Gambia,GMB,Africa,Low income,2009,1871428.0,2899496318.0,1549.3496506411147,57.88168293,4227.888327,,,0.374,,,,
Gambia,GMB,Africa,Low income,2010,1926634.0,3111135545.0,1614.8036134522697,58.1335122,4072.866857,,,0.432,,,,
Gambia,GMB,Africa,Low income,2011,1983785.0,3000862000.0,1512.6951761405596,58.37480488,3960.007262,,,0.443,,,,
Gambia,GMB,Africa,Low income,2012,2043097.0,3174000000.0,1553.5238904467092,58.60707317,3865.893026,,,0.451,,,,
Gambia,GMB,Africa,Low income,2013,2103825.0,3327261000.0,1581.529357242166,58.83134146,3810.140038,,,0.429,,,,
Gambia,GMB,Africa,Low income,2014,2164535.0,3357018000.0,1550.9187885619774,,3738.387579,,54.387562,0.506,,,,
Gambia,GMB,Africa,Low income,2015,2224530.0,3514848000.0,1580.040727704279,,3618.188936,,55.572762,0.583,,,4.11793899536133,
Gambia,GMB,Africa,Low income,2016,2283775.0,3558432648.0,1558.136264737113,,3532.271565,,,0.59,,,4.92209911346436,
Gambia,GMB,Africa,Low income,2017,2342191.0,3704517995.0,1581.6464135503893,,3450.537925,,,0.597,,,5.16362714767456,
Gambia,GMB,Africa,Low income,2018,2399633.0,3947001965.0,1644.835674871949,,,,,0.649,,,,
Gambia,GMB,Africa,Low income,2019,2456847.0,4192588256.0,1706.4913916088385,,,,,0.711,,17.61,5.05100011825562,
Gambia,GMB,Africa,Low income,2020,2515744.0,4217390293.0,1676.3988279411578,,,,,0.7,,,5.16359996795654,
Gambia,GMB,Africa,Low income,2021,2576015.0,4439051582.0,1723.2242754797624,,,,,0.725,,,,
Gambia,GMB,Africa,Low income,2022,2636472.0,4656793663.0,1766.29740918925,,,,,0.808,,,,
Gambia,GMB,Africa,Low income,2023,2697846.0,,,,,,,0.773,,,,
Georgia,GEO,Asia,Upper middle income,1990,5448865.0,65874153359.0,12089.518341709696,69.99960976,3771.89569,,,14.85,,,,
Georgia,GEO,Asia,Upper middle income,1991,5379509.0,51732418013.0,9616.568726439533,69.96082927,3622.73965,,,14.602,,,,
Georgia,GEO,Asia,Upper middle income,1992,5294186.0,28371171916.0,5358.929949948869,69.94773171,3673.322703,,,14.127,,,,
Georgia,GEO,Asia,Upper middle income,1993,5178784.0,19963504254.0,3854.863275626093,69.98234146,3876.635881,,,9.884,,,,
Georgia,GEO,Asia,Upper middle income,1994,5046267.0,17806249680.0,3528.59840353275,70.07568293,3913.775853,,,5.897,,,,
Georgia,GEO,Asia,Upper middle income,1995,4925742.0,18187119363.0,3692.2598388222527,70.23373171,3894.286045,,,2.266,,,,
Georgia,GEO,Asia,Upper middle income,1996,4812774.0,19998469132.0,4155.289471726701,70.45443902,3858.087028,,,4.046,,,,
Georgia,GEO,Asia,Upper middle income,1997,4695359.0,22010932129.0,4687.806007804728,70.72073171,3834.614575,,,4.412,,,,
Georgia,GEO,Asia,Upper middle income,1998,4576447.0,22536773053.0,4924.513067233162,71.01402439,3808.450092,,,4.864,,,,
Georgia,GEO,Asia,Upper middle income,1999,4455581.0,23091342082.0,5182.565883551438,71.32173171,3687.821688,,,4.246,,,,
Georgia,GEO,Asia,Upper middle income,2000,4328361.0,23550477143.0,5440.9687969649485,71.63034146,3483.845804,,,4.497,,,,
Georgia,GEO,Asia,Upper middle income,2001,4209641.0,24543619701.0,5830.335579922374,71.92978049,3235.025794,,,3.723,,,,
Georgia,GEO,Asia,Upper middle income,2002,4127854.0,25794086372.0,6248.7884435835185,72.21207317,2972.520533,,99.652351,3.347,,,,
Georgia,GEO,Asia,Upper middle income,2003,4085489.0,28539726793.0,6985.633003295322,72.47173171,2704.431535,,,3.731,,,,
Georgia,GEO,Asia,Upper middle income,2004,4056076.0,30055110813.0,7409.898338443362,72.7057561,2434.596096,,,4.278,,,3.67510843276978,
Georgia,GEO,Asia,Upper middle income,2005,4026135.0,32780625465.0,8141.958842661758,72.91070732,2151.640357,,,5.046,,,3.70719456672668,
Georgia,GEO,Asia,Upper middle income,2006,3996584.0,35705812889.0,8934.082929071426,73.08907317,1892.608629,,,6.273,,,4.156090259552,
Georgia,GEO,Asia,Upper middle income,2007,3967592.0,40006939154.0,10083.430744391057,73.24843902,1746.484293,,,6.609,,,3.80063915252686,
Georgia,GEO,Asia,Upper middle income,2008,3941192.0,40781279289.0,10347.448002786974,73.39680488,1639.873328,,,5.747,,,4.10183715820312,
Georgia,GEO,Asia,Upper middle income,2009,3918935.0,39112877651.0,9980.4864461901,73.53773171,1494.829808,,,6.171,,,4.20303058624268,
Georgia,GEO,Asia,Upper middle income,2010,3895932.0,41359835742.0,10616.159558739731,73.67473171,1366.15325,,,6.29,,,4.25444555282593,
Georgia,GEO,Asia,Upper middle income,2011,3868724.0,44138043878.0,11408.941004320804,73.80978049,1295.19538,,,7.814,,,4.34892082214355,
Georgia,GEO,Asia,Upper middle income,2012,3839208.0,46970386649.0,12234.394867118426,73.94487805,1256.190978,,,8.294,,,4.28750801086426,
Georgia,GEO,Asia,Upper middle income,2013,3809128.0,48668828674.0,12776.895046320313,74.0795122,1183.778356,,,8.028,,,4.12194061279297,
Georgia,GEO,Asia,Upper middle income,2014,3792921.0,50830708616.0,13401.467791182575,,1100.514366,,99.752243,9.058,,,4.44838619232178,
Georgia,GEO,Asia,Upper middle income,2015,3791570.0,52369351007.0,13812.049100240798,,1030.527728,,99.759621,9.791,,,4.45077466964722,
Georgia,GEO,Asia,Upper middle income,2016,3792061.0,53891203471.0,14211.586646681053,,982.7314166,,,10.043,,,4.65909719467163,
Georgia,GEO,Asia,Upper middle income,2017,3792860.0,56501161966.0,14896.716980326191,,943.1186411,,,10.06,,,4.89183568954468,
Georgia,GEO,Asia,Upper middle income,2018,3794881.0,59237502380.0,15609.844519498767,,,,,9.888,,,5.12314319610596,
Georgia,GEO,Asia,Upper middle income,2019,3796722.0,62188716739.0,16379.581317515478,,,,,10.517,,,4.89139986038208,
Georgia,GEO,Asia,Upper middle income,2020,3795680.0,57984758412.0,15276.513934789024,,,,,10.378,,,4.97319984436035,
Georgia,GEO,Asia,Upper middle income,2021,3788450.0,64053441556.0,16907.558910900236,,,,,10.75,,,,
Georgia,GEO,Asia,Upper middle income,2022,3794782.0,70528605169.0,18585.680328672373,,,,,12.0,,,,
Georgia,GEO,Asia,Upper middle income,2023,3807494.0,,,,,,,11.922,,,,
Germany,DEU,Europe,High income,1990,79707963.0,2015547498359.0,25286.651703280888,75.17736585,690.5236664,,,1054.796,1.264,,,
Germany,DEU,Europe,High income,1991,80303190.0,2141316417831.0,26665.39670255939,75.3195122,640.1981482,,,1016.93,1.202,,,
Germany,DEU,Europe,High income,1992,80934901.0,2204952392823.0,27243.52986881395,75.8195122,606.0282463,,,969.464,1.438,,,
Germany,DEU,Europe,High income,1993,81486771.0,2206290854718.0,27075.44829231238,75.87073171,576.438079,,,959.386,1.498,,,
Germany,DEU,Europe,High income,1994,81773613.0,2283952742009.0,27930.19237157835,76.27073171,553.576387,,,943.228,1.646,,,
Germany,DEU,Europe,High income,1995,82019890.0,2347761113534.0,28624.289956180142,76.42195122,542.1777456,,,939.934,1.788,,,
Germany,DEU,Europe,High income,1996,82263195.0,2391519573153.0,29071.56199261407,76.67317073,516.9319969,,,959.69,1.593,,,
Germany,DEU,Europe,High income,1997,82389631.0,2461046373781.0,29870.826509479088,77.07317073,482.6140471,,,931.508,1.709,,,
Germany,DEU,Europe,High income,1998,82011933.0,2535903706522.0,30921.15517533284,77.47560976,442.4459779,,,923.499,1.868,,,
Germany,DEU,Europe,High income,1999,81678279.0,2613176576967.0,31993.531315308443,77.72682927,441.8645486,,,895.442,2.112,,,
Germany,DEU,Europe,High income,2000,81797255.0,2718560455818.0,33235.35069505694,77.92682927,432.9910834,,,898.976,2.738,,,
Germany,DEU,Europe,High income,2001,81933882.0,2793373055251.0,34093.01484398115,78.32926829,418.5479498,,,915.255,2.798,,,
Germany,DEU,Europe,High income,2002,82068328.0,2822441773260.0,34391.3643916323,78.22926829,413.36084,,,898.834,3.365,,,
Germany,DEU,Europe,High income,2003,82111619.0,2831676106520.0,34485.693267355986,78.3804878,423.4508905,,99.0,894.501,3.477,,6.61954975128174,
Germany,DEU,Europe,High income,2004,82092706.0,2894624877966.0,35260.43931315895,78.6804878,407.3327512,,,876.57,4.316,,,
Germany,DEU,Europe,High income,2005,82046733.0,2945460930734.0,35899.79543407292,78.93170732,383.0697987,,,867.88,4.992,,6.41681957244873,
Germany,DEU,Europe,High income,2006,81701971.0,3086359147617.0,37775.8224170259,79.13170732,381.1853541,,,886.434,5.797,,6.52179002761841,
Germany,DEU,Europe,High income,2007,81298546.0,3220275669650.0,39610.495243666475,79.53414634,390.071379,,,846.153,7.37,,6.64149332046509,
Germany,DEU,Europe,High income,2008,81110780.0,3289020399474.0,40549.73210064063,79.73658537,355.1964788,,,856.643,7.523,,6.72453117370605,
Germany,DEU,Europe,High income,2009,80935276.0,3136502162046.0,38753.21512520696,79.83658537,348.8933766,,,789.984,8.147,,6.62131214141846,
Germany,DEU,Europe,High income,2010,80830916.0,3301123203586.0,40839.8588924317,79.98780488,346.2110891,,,826.705,8.465,,6.70236206054688,
Germany,DEU,Europe,High income,2011,80857877.0,3467712967640.0,42886.52010539431,80.74146341,349.4711023,,,804.542,10.168,,6.96512508392334,
Germany,DEU,Europe,High income,2012,80916391.0,3482225441398.0,43034.8585541587,80.89268293,328.2364855,,,814.093,11.46,,6.98421430587769,
Germany,DEU,Europe,High income,2013,81041581.0,3497463140441.0,43156.403136323315,81.04390244,337.251284,,,831.746,11.603,,7.03713750839233,
Germany,DEU,Europe,High income,2014,81376078.0,3574741315261.0,43928.6508162878,,340.2016986,,,792.584,12.84,,6.87376308441162,
Germany,DEU,Europe,High income,2015,82077546.0,3628073946157.0,44203.00219693459,,349.498106,,,800.823,14.318,,7.07432460784912,
Germany,DEU,Europe,High income,2016,82760102.0,3708979940863.0,44816.03878234708,,326.2715911,,,797.988,14.101,,7.11836433410645,
Germany,DEU,Europe,High income,2017,83104010.0,3808389445530.0,45826.783154386896,,325.4044188,,,784.595,15.388,,7.03547239303589,
Germany,DEU,Europe,High income,2018,83368507.0,3845758522294.0,46129.631688066576,,,,,758.771,16.263,,7.31189775466919,
Germany,DEU,Europe,High income,2019,83559184.0,3886392581475.0,46510.65742186999,,,,,708.649,17.811,,7.15450000762939,
Germany,DEU,Europe,High income,2020,83628711.0,3742721113842.0,44754.021305458125,,,,,647.177,20.017,,7.03410005569458,
Germany,DEU,Europe,High income,2021,83697080.0,3841041747482.0,45892.18342482199,,,,,677.998,18.082,,,
Germany,DEU,Europe,High income,2022,84086227.0,3909612753939.0,46495.281015986126,,,,,667.843,20.329,,,
Germany,DEU,Europe,High income,2023,84548233.0,,,,,,,593.766,23.603,,,
Ghana,GHA,Africa,Lower middle income,1990,15394650.0,26095563069.0,1695.1059666182732,56.75163415,6904.356947,,,3.514,,,,
Ghana,GHA,Africa,Lower middle income,1991,15787495.0,27591405114.0,1747.67466998406,57.15726829,6793.230149,,,3.902,,,,
Ghana,GHA,Africa,Lower middle income,1992,16184863.0,28798780490.0,1779.3651073845976,57.43678049,6657.592232,,,3.243,,,,
Ghana,GHA,Africa,Lower middle income,1993,16589521.0,30003484574.0,1808.5805234521238,57.57980488,6601.504848,,,3.818,,,,
Ghana,GHA,Africa,Lower middle income,1994,16993190.0,31249854280.0,1838.9633894518922,57.59482927,6541.976774,,,4.54,,,,
Ghana,GHA,Africa,Lower middle income,1995,17399023.0,32723356676.0,1880.7582860256005,57.50270732,6430.980014,,,4.624,,,,
Ghana,GHA,Africa,Lower middle income,1996,17810184.0,34380471108.0,1930.3827017171748,57.34078049,6373.247939,,,4.858,,,,
Ghana,GHA,Africa,Lower middle income,1997,18238961.0,36217443285.0,1985.7185551852433,57.1642439,6469.195806,,,5.514,,,,
Ghana,GHA,Africa,Lower middle income,1998,18688041.0,38085090200.0,2037.9391397953375,57.02392683,6346.81884,,,5.584,,,,
Ghana,GHA,Africa,Lower middle income,1999,19149875.0,39944569386.0,2085.891912401517,56.95370732,6255.816394,,,5.613,,,,
Ghana,GHA,Africa,Lower middle income,2000,19637085.0,41569375833.0,2116.8811884757843,56.98758537,6108.422529,,57.897469,5.313,,,,
Ghana,GHA,Africa,Lower middle income,2001,20167073.0,43462708607.0,2155.1322101625756,57.14760976,5983.409893,,,5.969,,,,
Ghana,GHA,Africa,Lower middle income,2002,20729392.0,45606385848.0,2200.0831403062857,57.42192683,5815.603874,,,6.483,,,,
Ghana,GHA,Africa,Lower middle income,2003,21296710.0,48182826322.0,2262.453981013969,57.78665854,5669.724803,,,6.685,,,,
Ghana,GHA,Africa,Lower middle income,2004,21868298.0,51015950853.0,2332.872492088776,58.22485366,5521.700728,,,6.451,,,4.53501987457275,
Ghana,GHA,Africa,Lower middle income,2005,22449446.0,54178109578.0,2413.3383771697527,58.70453659,5366.818771,,,6.113,,,5.22014808654785,
Ghana,GHA,Africa,Lower middle income,2006,23040704.0,57735681030.0,2505.812367104755,59.18670732,5199.01323,,,8.523,,,4.9651346206665,
Ghana,GHA,Africa,Lower middle income,2007,23642284.0,60409358255.0,2555.1405378177506,59.63785366,5111.698828,,,8.982,,,4.1976957321167,
Ghana,GHA,Africa,Lower middle income,2008,24249945.0,66155974151.0,2728.087595703825,60.02995122,5008.881167,,,8.324,,,4.60625171661377,
Ghana,GHA,Africa,Lower middle income,2009,24862667.0,69564814012.0,2797.9626647454998,60.35102439,4938.293353,,,6.868,,,5.60819959640503,
Ghana,GHA,Africa,Lower middle income,2010,25475000.0,75296610301.0,2955.7059980765457,60.59956098,4859.087586,,71.49707,8.943,,,5.05726194381714,
Ghana,GHA,Africa,Lower middle income,2011,26095091.0,86160263888.0,3301.780548992912,60.78858537,4733.109592,,,10.329,,,4.96505308151245,
Ghana,GHA,Africa,Lower middle income,2012,26734273.0,93421855305.0,3494.4602871751927,60.94712195,4527.227205,,,12.641,,,3.86035108566284,
Ghana,GHA,Africa,Lower middle income,2013,27386193.0,100187456075.0,3658.319945200123,61.09863415,4311.700116,,,12.61,,,3.98591613769531,
Ghana,GHA,Africa,Lower middle income,2014,28041592.0,103048820009.0,3674.8562638312405,,4165.833291,,,13.257,,,4.51441144943237,
Ghana,GHA,Africa,Lower middle income,2015,28696071.0,105234477793.0,3667.208580331433,,4059.294534,,76.575897,14.568,,,5.48131084442139,
Ghana,GHA,Africa,Lower middle income,2016,29356736.0,108784039058.0,3705.590398673749,,3971.48056,,,13.914,,,5.00369310379028,
Ghana,GHA,Africa,Lower middle income,2017,30008364.0,117627099029.0,3919.8104578110288,,3779.929326,,,12.437,,,4.96680974960327,
Ghana,GHA,Africa,Lower middle income,2018,30637592.0,124919973796.0,4077.343082184788,,,,,15.19,,,5.31948328018188,
Ghana,GHA,Africa,Lower middle income,2019,31258943.0,133049773378.0,4256.374675816774,,,,,16.415,,33.59,5.08839988708496,
Ghana,GHA,Africa,Lower middle income,2020,31887802.0,133733644694.0,4193.880929579279,,,,,19.164,,,4.87200021743774,
Ghana,GHA,Africa,Lower middle income,2021,32518662.0,140896419821.0,4332.786503362285,,,,,20.556,,,,
Ghana,GHA,Africa,Lower middle income,2022,33149152.0,145431875240.0,4387.197453497453,,,,,20.745,,,,
Ghana,GHA,Africa,Lower middle income,2023,33787916.0,,,,,,,20.136,,,,
Gibraltar,GIB,Europe,Not classified,1990,,,,,,,,,,,,
Gibraltar,GIB,Europe,Not classified,1991,,,,,,,,,,,,
Gibraltar,GIB,Europe,Not classified,1992,,,,,,,,,,,,
Gibraltar,GIB,Europe,Not classified,1993,,,,,,,,,,,,
Gibraltar,GIB,Europe,Not classified,1994,,,,,,,,,,,,
Gibraltar,GIB,Europe,Not classified,1995,,,,,,,,,,,,
Gibraltar,GIB,Europe,Not classified,1996,,,,,,,,,,,,
Gibraltar,GIB,Europe,Not classified,1997,,,,,,,,,,,,
Gibraltar,GIB,Europe,Not classified,1998,,,,,,,,,,,,
Gibraltar,GIB,Europe,Not classified,1999,,,,,,,,,,,,
Gibraltar,GIB,Europe,Not classified,2000,,,,,,,,,,,,
Gibraltar,GIB,Europe,Not classified,2001,,,,,,,,,,,,
Gibraltar,GIB,Europe,Not classified,2002,,,,,,,,,,,,
Gibraltar,GIB,Europe,Not classified,2003,,,,,,,,,,,,
Gibraltar,GIB,Europe,Not classified,2004,,,,,,,,,,,,
Gibraltar,GIB,Europe,Not classified,2005,,,,,,,,,,,,
Gibraltar,GIB,Europe,Not classified,2006,,,,,,,,,,,,
Gibraltar,GIB,Europe,Not classified,2007,,,,,,,,,,,,
Gibraltar,GIB,Europe,Not classified,2008,,,,,,,,,,,,
Gibraltar,GIB,Europe,Not classified,2009,,,,,,,,,,,,
Gibraltar,GIB,Europe,Not classified,2010,,,,,,,,,,,,
Gibraltar,GIB,Europe,Not classified,2011,,,,,,,80.0,,,,,
Gibraltar,GIB,Europe,Not classified,2012,,,,,,,,,,,,
Gibraltar,GIB,Europe,Not classified,2013,,,,,,,,,,,,
Gibraltar,GIB,Europe,Not classified,2014,,,,,,,,,,,,
Gibraltar,GIB,Europe,Not classified,2015,,,,,,,,,,,,
Gibraltar,GIB,Europe,Not classified,2016,,,,,,,,,,,,
Gibraltar,GIB,Europe,Not classified,2017,,,,,,,,,,,,
Gibraltar,GIB,Europe,Not classified,2018,,,,,,,,,,,,
Gibraltar,GIB,Europe,Not classified,2019,,,,,,,,,,,,
Gibraltar,GIB,Europe,Not classified,2020,,,,,,,,,,,,
Gibraltar,GIB,Europe,Not classified,2021,,,,,,,,,,,,
Gibraltar,GIB,Europe,Not classified,2022,,,,,,,,,,,,
Gibraltar,GIB,Europe,Not classified,2023,,,,,,,,,,,,
Greece,GRC,Europe,High income,1990,10258494.0,161708974933.0,15763.422480239302,76.93902439,933.2843229,,,83.437,1.714,,,
Greece,GRC,Europe,High income,1991,10306645.0,167630714744.0,16264.333810274828,77.13658537,850.8274326,,92.610451,83.406,2.961,,,
Greece,GRC,Europe,High income,1992,10359895.0,170259945599.0,16434.524249425307,77.38292683,799.4496936,,,84.974,2.074,,,
Greece,GRC,Europe,High income,1993,10412752.0,168977989489.0,16227.985597755522,77.3902439,795.854665,,,84.283,2.157,,,
Greece,GRC,Europe,High income,1994,10466266.0,173829055414.0,16608.50731426088,77.63902439,786.9641799,,,86.429,2.4,,,
Greece,GRC,Europe,High income,1995,10519233.0,178710456938.0,16988.92466190263,77.58536585,777.8165267,,,86.962,3.131,,,
Greece,GRC,Europe,High income,1996,10570083.0,185480705042.0,17547.70563693776,77.68536585,728.3830472,,,89.114,3.76,,,
Greece,GRC,Europe,High income,1997,10622327.0,195536972604.0,18408.110822044924,78.13658537,677.3988271,,,93.801,3.265,,,
Greece,GRC,Europe,High income,1998,10675411.0,204984690770.0,19201.57366962265,77.83902439,662.3398311,,,98.621,2.971,,,
Greece,GRC,Europe,High income,1999,10727953.0,213181329734.0,19871.575661638337,77.98780488,612.3990533,,,97.934,3.733,,,
Greece,GRC,Europe,High income,2000,10782638.0,223530895992.0,20730.631594235103,77.88780488,544.9515077,,,102.973,3.092,,,
Greece,GRC,Europe,High income,2001,10843166.0,234861781413.0,21659.88987100262,78.38780488,504.1556016,,95.994362,105.361,2.164,,,
Greece,GRC,Europe,High income,2002,10890287.0,246267119689.0,22613.464611997828,78.64146341,495.6942106,,,105.0,2.621,,,
Greece,GRC,Europe,High income,2003,10918467.0,262880256421.0,24076.663548188586,78.84146341,431.1933725,,,109.067,4.052,,6.0063099861145,
Greece,GRC,Europe,High income,2004,10947369.0,278667908011.0,25455.240250968065,79.03902439,426.4205049,,,109.485,4.05,,,
Greece,GRC,Europe,High income,2005,10981340.0,282859759866.0,25758.218930112354,79.23902439,403.7242567,,,113.889,4.335,,6.6469612121582,
Greece,GRC,Europe,High income,2006,11016107.0,301538680337.0,27372.526459392597,79.43902439,380.2307291,,,112.419,5.149,,,
Greece,GRC,Europe,High income,2007,11045737.0,314210147911.0,28446.281847105358,79.43902439,360.1980523,,,114.545,3.171,,6.03857469558716,
Greece,GRC,Europe,High income,2008,11076874.0,315974328109.0,28525.586560702955,79.93902439,315.7290955,,,111.08,3.908,,5.83955860137939,
Greece,GRC,Europe,High income,2009,11108067.0,305101334774.0,27466.64516643625,80.18780488,331.011361,,,104.319,5.675,,5.37203979492188,
Greece,GRC,Europe,High income,2010,11124666.0,290984350750.0,26156.681984879368,80.38780488,351.1529766,,,97.354,7.696,,5.09635400772095,
Greece,GRC,Europe,High income,2011,11108838.0,266793942822.0,24016.368122570515,80.73170732,326.2942318,,,94.505,6.058,,4.72025108337402,
Greece,GRC,Europe,High income,2012,11048291.0,247887031358.0,22436.685579516325,80.63414634,307.1481999,,,91.393,7.967,,4.7562370300293,
Greece,GRC,Europe,High income,2013,10967534.0,241650188710.0,22033.229047660123,80.63414634,341.0105309,,,81.713,11.795,,5.62251901626587,
Greece,GRC,Europe,High income,2014,10893169.0,242799798246.0,22289.179415650302,,367.8385907,,97.532379,78.636,10.745,,5.30261945724487,
Greece,GRC,Europe,High income,2015,10820902.0,242323725826.0,22394.041257004268,,374.4496043,,95.29287,74.927,12.796,,5.14824151992798,
Greece,GRC,Europe,High income,2016,10775506.0,241143085639.0,22378.817815052025,,394.1677281,,,71.36,12.975,,5.40928936004639,
Greece,GRC,Europe,High income,2017,10753532.0,243776808141.0,22669.464148244504,,352.2865839,,,74.842,11.449,,5.95215749740601,
Greece,GRC,Europe,High income,2018,10730846.0,247844015413.0,23096.409678509972,,,,,71.778,13.164,,5.78761577606201,
Greece,GRC,Europe,High income,2019,10718581.0,252514250712.0,23558.552266573344,,,,,65.736,13.476,,5.72259998321533,
Greece,GRC,Europe,High income,2020,10699370.0,229777821500.0,21475.82722160277,,,,,55.577,16.785,,5.94820022583008,
Greece,GRC,Europe,High income,2021,10579561.0,249158215293.0,23550.903037753647,,,,,57.528,19.2,,,
Greece,GRC,Europe,High income,2022,10412481.0,263892672733.0,25343.880361750482,,,,,57.609,18.783,,,
Greece,GRC,Europe,High income,2023,10242910.0,,,,,,,51.988,20.754,,,
Greenland,GRL,Americas,Not classified,1990,55650.0,,,65.06829268,2812.487458,,,0.624,,,,
Greenland,GRL,Americas,Not classified,1991,55740.0,,,64.99634146,2632.883358,,,0.609,,,,
Greenland,GRL,Americas,Not classified,1992,55769.0,,,65.1304878,2502.4339,,,0.595,,,,
Greenland,GRL,Americas,Not classified,1993,55780.0,,,65.50463415,2322.989992,,,0.545,,,,
Greenland,GRL,Americas,Not classified,1994,55766.0,,,65.8002439,2150.210114,,,0.495,,,,
Greenland,GRL,Americas,Not classified,1995,55857.0,,,65.52341463,1996.844682,,,0.534,,,,
Greenland,GRL,Americas,Not classified,1996,56020.0,,,65.66658537,1872.818316,,,0.596,,,,
Greenland,GRL,Americas,Not classified,1997,56115.0,,,65.71268293,1790.445473,,,0.617,,,,
Greenland,GRL,Americas,Not classified,1998,56175.0,,,66.08146341,1648.116837,,,0.596,,,,
Greenland,GRL,Americas,Not classified,1999,56148.0,,,66.33268293,1630.7656,,,0.594,,,,
Greenland,GRL,Americas,Not classified,2000,56228.0,,,66.89268293,1587.895711,,,0.667,,,,
Greenland,GRL,Americas,Not classified,2001,56433.0,,,67.55219512,1569.070926,,100.0,0.618,,,,
Greenland,GRL,Americas,Not classified,2002,56617.0,,,68.10707317,1473.020756,,,0.579,,,,
Greenland,GRL,Americas,Not classified,2003,56781.0,,,68.38487805,1406.640243,,,0.649,,,,
Greenland,GRL,Americas,Not classified,2004,56926.0,,,68.75609756,1400.631024,,,0.623,,,,
Greenland,GRL,Americas,Not classified,2005,56969.0,,,69.17512195,1373.612144,,,0.627,,,,
Greenland,GRL,Americas,Not classified,2006,56901.0,,,69.46878049,1338.657054,,,0.644,,,,
Greenland,GRL,Americas,Not classified,2007,56807.0,,,69.94243902,1331.222317,,,0.635,,,,
Greenland,GRL,Americas,Not classified,2008,56683.0,,,70.18317073,1294.419573,,,0.654,,,,
Greenland,GRL,Americas,Not classified,2009,56547.0,,,70.44243902,1252.730341,,,0.577,,,,
Greenland,GRL,Americas,Not classified,2010,56634.0,,,70.83682927,1198.03223,,,0.661,,,,
Greenland,GRL,Americas,Not classified,2011,56853.0,,,71.00170732,1243.700496,,,0.705,,,,
Greenland,GRL,Americas,Not classified,2012,56797.0,,,,1289.461453,,,0.547,,,,
Greenland,GRL,Americas,Not classified,2013,56532.0,,,,1306.771489,,,0.562,,,,
Greenland,GRL,Americas,Not classified,2014,56195.0,,,,1259.929459,,,0.503,,,,
Greenland,GRL,Americas,Not classified,2015,56048.0,,,,1190.347195,,,0.548,,,,
Greenland,GRL,Americas,Not classified,2016,56082.0,,,,1095.672398,,,0.509,,,,
Greenland,GRL,Americas,Not classified,2017,56094.0,,,,1065.540877,,,0.536,,,,
Greenland,GRL,Americas,Not classified,2018,56100.0,,,,,,,0.524,,,,
Greenland,GRL,Americas,Not classified,2019,56109.0,,,,,,,0.526,,,,
Greenland,GRL,Americas,Not classified,2020,56105.0,,,,,,,0.55,,,,
Greenland,GRL,Americas,Not classified,2021,56065.0,,,,,,,0.546,,,,
Greenland,GRL,Americas,Not classified,2022,56014.0,,,,,,,0.587,,,,
Greenland,GRL,Americas,Not classified,2023,55951.0,,,,,,,0.609,,,,
Grenada,GRD,Americas,Upper middle income,1990,99973.0,,,68.47502439,1593.650151,,,0.106,,,,
Grenada,GRD,Americas,Upper middle income,1991,100806.0,,,68.65380488,1502.750948,,,0.11,,,,
Grenada,GRD,Americas,Upper middle income,1992,101618.0,,,68.82560976,1464.611047,,,0.117,,,,
Grenada,GRD,Americas,Upper middle income,1993,102398.0,,,68.99139024,1460.503137,,,0.125,,,,
Grenada,GRD,Americas,Upper middle income,1994,103150.0,,,69.15419512,1475.103764,,,0.143,,,,
Grenada,GRD,Americas,Upper middle income,1995,103890.0,,,69.3175122,1488.869287,,,0.15,,,,
Grenada,GRD,Americas,Upper middle income,1996,104599.0,,,69.48631707,1507.395188,,,0.154,,,,
Grenada,GRD,Americas,Upper middle income,1997,105309.0,,,69.66163415,1547.626735,,,0.169,,,,
Grenada,GRD,Americas,Upper middle income,1998,106023.0,,,69.84746341,1570.638877,,,0.176,,,,
Grenada,GRD,Americas,Upper middle income,1999,106744.0,,,70.04429268,1567.634798,,,0.191,,,,
Grenada,GRD,Americas,Upper middle income,2000,107466.0,,,70.25312195,1555.912985,,,0.187,,,,
Grenada,GRD,Americas,Upper middle income,2001,107998.0,,,70.47446341,1546.012829,,,0.194,,,,
Grenada,GRD,Americas,Upper middle income,2002,108414.0,,,70.70580488,1527.803245,,,0.202,,,,
Grenada,GRD,Americas,Upper middle income,2003,108895.0,,,70.94114634,1474.251472,,96.0,0.213,,,,
Grenada,GRD,Americas,Upper middle income,2004,109338.0,,,71.17646341,1464.957858,,,0.205,,,,
Grenada,GRD,Americas,Upper middle income,2005,109744.0,,,71.4067561,1343.202989,,,0.216,,,,
Grenada,GRD,Americas,Upper middle income,2006,110149.0,,,71.625,1291.24642,,,0.224,,,,
Grenada,GRD,Americas,Upper middle income,2007,110532.0,,,71.82868293,1236.54614,,,0.238,,,,
Grenada,GRD,Americas,Upper middle income,2008,110911.0,,,72.01480488,1203.53914,,,0.26,,,,
Grenada,GRD,Americas,Upper middle income,2009,111266.0,,,72.18336585,1169.759184,,,0.249,,,,
Grenada,GRD,Americas,Upper middle income,2010,111600.0,,,72.33687805,1158.133611,,,0.256,,,,
Grenada,GRD,Americas,Upper middle income,2011,112093.0,,,72.47636585,1156.945822,,,0.249,,,,
Grenada,GRD,Americas,Upper middle income,2012,112792.0,,,72.61034146,1148.124058,,,0.267,,,,
Grenada,GRD,Americas,Upper middle income,2013,113499.0,,,72.74134146,1145.891486,,,0.3,,,,
Grenada,GRD,Americas,Upper middle income,2014,114148.0,,,,1137.197543,,,0.242,,,,
Grenada,GRD,Americas,Upper middle income,2015,114691.0,,,,1118.610379,,,0.26,,,,
Grenada,GRD,Americas,Upper middle income,2016,115147.0,,,,1089.838735,,,0.275,,,,
Grenada,GRD,Americas,Upper middle income,2017,115448.0,,,,1052.882554,,,0.293,,,,
Grenada,GRD,Americas,Upper middle income,2018,115703.0,,,,,,,0.308,,,,
Grenada,GRD,Americas,Upper middle income,2019,115995.0,,,,,,,0.333,,,,
Grenada,GRD,Americas,Upper middle income,2020,116353.0,,,,,,,0.289,,,,
Grenada,GRD,Americas,Upper middle income,2021,116696.0,,,,,,,0.311,,,,
Grenada,GRD,Americas,Upper middle income,2022,116928.0,,,,,,,0.342,,,,
Grenada,GRD,Americas,Upper middle income,2023,117094.0,,,,,,,0.363,,,,
Guadeloupe,GLP,Americas,Not classified,1990,,,,,,,,,,,,
Guadeloupe,GLP,Americas,Not classified,1991,,,,,,,,,,,,
Guadeloupe,GLP,Americas,Not classified,1992,,,,,,,,,,,,
Guadeloupe,GLP,Americas,Not classified,1993,,,,,,,,,,,,
Guadeloupe,GLP,Americas,Not classified,1994,,,,,,,,,,,,
Guadeloupe,GLP,Americas,Not classified,1995,,,,,,,,,,,,
Guadeloupe,GLP,Americas,Not classified,1996,,,,,,,,,,,,
Guadeloupe,GLP,Americas,Not classified,1997,,,,,,,,,,,,
Guadeloupe,GLP,Americas,Not classified,1998,,,,,,,,,,,,
Guadeloupe,GLP,Americas,Not classified,1999,,,,,,,,,,,,
Guadeloupe,GLP,Americas,Not classified,2000,,,,,,,,,,,,
Guadeloupe,GLP,Americas,Not classified,2001,,,,,,,,,,,,
Guadeloupe,GLP,Americas,Not classified,2002,,,,,,,,,,,,
Guadeloupe,GLP,Americas,Not classified,2003,,,,,,,,,,,,
Guadeloupe,GLP,Americas,Not classified,2004,,,,,,,,,,,,
Guadeloupe,GLP,Americas,Not classified,2005,,,,,,,,,,,,
Guadeloupe,GLP,Americas,Not classified,2006,,,,,,,,,,,,
Guadeloupe,GLP,Americas,Not classified,2007,,,,,,,,,,,,
Guadeloupe,GLP,Americas,Not classified,2008,,,,,,,,,,,,
Guadeloupe,GLP,Americas,Not classified,2009,,,,,,,,,,,,
Guadeloupe,GLP,Americas,Not classified,2010,,,,,,,,,,,,
Guadeloupe,GLP,Americas,Not classified,2011,,,,,,,,,,,,
Guadeloupe,GLP,Americas,Not classified,2012,,,,,,,,,,,,
Guadeloupe,GLP,Americas,Not classified,2013,,,,,,,,,,,,
Guadeloupe,GLP,Americas,Not classified,2014,,,,,,,,,,,,
Guadeloupe,GLP,Americas,Not classified,2015,,,,,,,,,,,,
Guadeloupe,GLP,Americas,Not classified,2016,,,,,,,,,,,,
Guadeloupe,GLP,Americas,Not classified,2017,,,,,,,,,,,,
Guadeloupe,GLP,Americas,Not classified,2018,,,,,,,,,,,,
Guadeloupe,GLP,Americas,Not classified,2019,,,,,,,,,,,,
Guadeloupe,GLP,Americas,Not classified,2020,,,,,,,,,,,,
Guadeloupe,GLP,Americas,Not classified,2021,,,,,,,,,,,,
Guadeloupe,GLP,Americas,Not classified,2022,,,,,,,,,,,,
Guadeloupe,GLP,Americas,Not classified,2023,,,,,,,,,,,,
Guam,GUM,Oceania,Not classified,1990,,,,72.04409756,1037.443021,,99.369148,,,,,
Guam,GUM,Oceania,Not classified,1991,,,,72.28760976,1008.394483,,,,,,,
Guam,GUM,Oceania,Not classified,1992,,,,72.54007317,966.082229,,,,,,,
Guam,GUM,Oceania,Not classified,1993,,,,72.80453659,923.4659577,,,,,,,
Guam,GUM,Oceania,Not classified,1994,,,,73.08395122,893.0576853,,,,,,,
Guam,GUM,Oceania,Not classified,1995,,,,73.38131707,861.8148888,,,,,,,
Guam,GUM,Oceania,Not classified,1996,,,,73.69917073,835.8926648,,,,,,,
Guam,GUM,Oceania,Not classified,1997,,,,74.034,819.9884693,,,,,,,
Guam,GUM,Oceania,Not classified,1998,,,,74.38229268,820.3421035,,,,,,,
Guam,GUM,Oceania,Not classified,1999,,,,74.7384878,836.8807993,,,,,,,
Guam,GUM,Oceania,Not classified,2000,,,,75.09802439,866.1435029,,,,,,,
Guam,GUM,Oceania,Not classified,2001,,,,75.4527561,918.6097042,,,,,,,
Guam,GUM,Oceania,Not classified,2002,,,,75.79865854,976.6906691,,,,,,,
Guam,GUM,Oceania,Not classified,2003,,,,76.13126829,1039.415003,,,,,,,
Guam,GUM,Oceania,Not classified,2004,,,,76.44768293,1075.811048,,,,,,,
Guam,GUM,Oceania,Not classified,2005,,,,76.74753659,1092.080731,,,,,,,
Guam,GUM,Oceania,Not classified,2006,,,,77.03256098,1102.425935,,,,,,,
Guam,GUM,Oceania,Not classified,2007,,,,77.30741463,1101.377659,,,,,,,
Guam,GUM,Oceania,Not classified,2008,,,,77.57573171,1104.292888,,,,,,,
Guam,GUM,Oceania,Not classified,2009,,,,77.83904878,1114.498542,,,,,,,
Guam,GUM,Oceania,Not classified,2010,,,,78.10085366,1130.333096,,,,,,,
Guam,GUM,Oceania,Not classified,2011,,,,78.36058537,1133.173073,,,,,,,
Guam,GUM,Oceania,Not classified,2012,,,,78.61856098,1129.675584,,,,,,,
Guam,GUM,Oceania,Not classified,2013,,,,78.87512195,1131.983163,,,,,,,
Guam,GUM,Oceania,Not classified,2014,,,,,1145.641532,,,,,,,
Guam,GUM,Oceania,Not classified,2015,,,,,1170.672743,,99.78904,,,,,
Guam,GUM,Oceania,Not classified,2016,,,,,1170.73613,,,,,,,
Guam,GUM,Oceania,Not classified,2017,,,,,1165.799169,,,,,,,
Guam,GUM,Oceania,Not classified,2018,,,,,,,,,,,,
Guam,GUM,Oceania,Not classified,2019,,,,,,,,,,,,
Guam,GUM,Oceania,Not classified,2020,,,,,,,,,,,,
Guam,GUM,Oceania,Not classified,2021,,,,,,,,,,,,
Guam,GUM,Oceania,Not classified,2022,,,,,,,,,,,,
Guam,GUM,Oceania,Not classified,2023,,,,,,,,,,,,
Guatemala,GTM,Americas,Upper middle income,1990,9024775.0,46309390000.0,5131.362277729916,62.23841463,5212.645705,,,4.658,,,,
Guatemala,GTM,Americas,Upper middle income,1991,9272592.0,47626497282.0,5136.265812407146,62.77312195,5090.880889,,,4.756,,,,
Guatemala,GTM,Americas,Upper middle income,1992,9522265.0,50269786731.0,5279.183758381016,63.3117561,4912.786766,,,5.791,,,,
Guatemala,GTM,Americas,Upper middle income,1993,9779760.0,52486732016.0,5366.873217338667,63.85639024,4698.925407,,,5.572,,,,
Guatemala,GTM,Americas,Upper middle income,1994,10043713.0,54315587488.0,5407.919111985777,64.40658537,4575.298359,,64.211639,6.639,,,,
Guatemala,GTM,Americas,Upper middle income,1995,10312999.0,56765526295.0,5504.269543224042,64.96297561,4465.490208,,,7.085,,,,
Guatemala,GTM,Americas,Upper middle income,1996,10583528.0,58480373177.0,5525.602915870776,65.52721951,4322.493822,,,6.54,,,,
Guatemala,GTM,Americas,Upper middle income,1997,10857754.0,61054671663.0,5623.14007694409,66.09590244,4114.5844,,,7.46,,,,
Guatemala,GTM,Americas,Upper middle income,1998,11139147.0,64142605771.0,5758.304991486332,66.66156098,3897.583976,,,8.62,,,,
Guatemala,GTM,Americas,Upper middle income,1999,11422977.0,66910781466.0,5857.560727470606,67.21519512,3741.136847,,,8.874,,,,
Guatemala,GTM,Americas,Upper middle income,2000,11697592.0,68731616093.0,5875.706392649017,67.74121951,3698.949235,,,9.742,,,,
Guatemala,GTM,Americas,Upper middle income,2001,11969423.0,70402333033.0,5881.848526282344,68.2204878,3619.779684,,,10.147,,,,
Guatemala,GTM,Americas,Upper middle income,2002,12246923.0,73303957428.0,5985.499984608378,68.64585366,3506.979952,,69.10173,10.694,,,,
Guatemala,GTM,Americas,Upper middle income,2003,12525843.0,75388396403.0,6018.628558812369,69.01519512,3282.15485,,,10.411,,,,
Guatemala,GTM,Americas,Upper middle income,2004,12807409.0,78142886190.0,6101.381332477163,69.33190244,3076.569065,,,11.056,,,5.90142917633057,
Guatemala,GTM,Americas,Upper middle income,2005,13087637.0,80920955084.0,6183.007297956079,69.60897561,2938.417065,,,12.038,,,6.32958126068115,
Guatemala,GTM,Americas,Upper middle income,2006,13367455.0,85238080655.0,6376.537692103695,69.86441463,2848.324143,,,12.176,,,6.41449451446533,
Guatemala,GTM,Americas,Upper middle income,2007,13652042.0,90511916055.0,6629.917784826622,70.11926829,2742.621486,,,12.117,,,6.45191621780396,
Guatemala,GTM,Americas,Upper middle income,2008,13935172.0,93386251977.0,6701.478243469115,70.38914634,2616.474926,,,10.735,,,6.28974866867065,
Guatemala,GTM,Americas,Upper middle income,2009,14215614.0,93773785204.0,6596.534289971576,70.68104878,2482.863335,,,11.725,,,5.74335384368896,
Guatemala,GTM,Americas,Upper middle income,2010,14500118.0,96390296358.0,6647.552548055126,70.99597561,2396.770618,,,10.817,,,5.85571718215942,
Guatemala,GTM,Americas,Upper middle income,2011,14792123.0,100335200000.0,6783.015527926586,71.32790244,2411.058855,,,10.979,,,5.98460149765015,
Guatemala,GTM,Americas,Upper middle income,2012,15089639.0,103492749162.0,6858.530489828153,71.66385366,2467.073952,,78.264862,11.347,,,6.53603076934814,
Guatemala,GTM,Americas,Upper middle income,2013,15387339.0,107099471666.0,6960.2334533605845,71.99282927,2458.435374,,77.038673,12.493,,,6.46498680114746,
Guatemala,GTM,Americas,Upper middle income,2014,15681725.0,111858970345.0,7133.078175073214,,2445.534541,,81.285896,13.425,,,6.35891628265381,
Guatemala,GTM,Americas,Upper middle income,2015,15971745.0,116436247567.0,7290.1394034903515,,2420.145741,,79.074211,15.449,,,6.32511854171753,
Guatemala,GTM,Americas,Upper middle income,2016,16268761.0,119554400888.0,7348.709645928168,,2306.610041,,,16.524,,,6.62659168243408,
Guatemala,GTM,Americas,Upper middle income,2017,16567363.0,123236680953.0,7438.521202982031,,2194.79736,,,16.993,,,6.2621750831604,
Guatemala,GTM,Americas,Upper middle income,2018,16845688.0,127435350812.0,7564.864718615233,,,,,18.338,,,,
Guatemala,GTM,Americas,Upper middle income,2019,17103803.0,132535316516.0,7748.879972249447,,,,,19.259,,,6.43450021743774,
Guatemala,GTM,Americas,Upper middle income,2020,17357331.0,130197392340.0,7501.003025177085,,,,,17.157,,,6.26219987869263,
Guatemala,GTM,Americas,Upper middle income,2021,17598652.0,140588440273.0,7988.591414444697,,,,,19.984,,,,
Guatemala,GTM,Americas,Upper middle income,2022,17847877.0,146224632616.0,8192.830587974133,,,,,18.913,,,,
Guatemala,GTM,Americas,Upper middle income,2023,18124841.0,,,,,,,19.736,,,,
Guinea,GIN,Africa,Low income,1990,6434383.0,4999407010.0,776.9831248777077,49.91885366,13439.42487,,,0.967,,,,
Guinea,GIN,Africa,Low income,1991,6697167.0,5139871689.0,767.4695418226842,50.52734146,12884.15291,,,0.989,,,,
Guinea,GIN,Africa,Low income,1992,6914370.0,5362577356.0,775.569915408056,51.00409756,12762.82251,,,1.015,,,,
Guinea,GIN,Africa,Low income,1993,7128174.0,5695353285.0,798.9918996085113,51.35553659,12628.1343,,,1.044,,,,
Guinea,GIN,Africa,Low income,1994,7345106.0,5997837304.0,816.5760036682929,51.58758537,12383.43929,,,1.085,,,,
Guinea,GIN,Africa,Low income,1995,7553252.0,6351702761.0,840.9229244569094,51.69968293,11887.18438,,,1.121,,,,
Guinea,GIN,Africa,Low income,1996,7770035.0,6708782077.0,863.4172274642264,51.69780488,11789.522,,20.553749,1.183,,,,
Guinea,GIN,Africa,Low income,1997,7931371.0,7124296839.0,898.2427929547111,51.60934146,11297.94587,,,1.238,,,,
Guinea,GIN,Africa,Low income,1998,8081993.0,7467530405.0,923.9714022271487,51.47517073,10766.35013,,,1.312,,,,
Guinea,GIN,Africa,Low income,1999,8265121.0,7849296748.0,949.6892723046644,51.33563415,10666.90097,,,1.385,,,,
Guinea,GIN,Africa,Low income,2000,8428837.0,8142368042.0,966.0132283967528,51.24992683,10536.75609,,,1.444,,,,
Guinea,GIN,Africa,Low income,2001,8539963.0,8530150477.0,998.8509876447943,51.27629268,10284.88869,,,1.517,,,,
Guinea,GIN,Africa,Low income,2002,8674072.0,9080053247.0,1046.803997822476,51.44063415,9823.819495,,,1.579,,,,
Guinea,GIN,Africa,Low income,2003,8870790.0,9309105966.0,1049.4111534598385,51.74902439,9437.591842,,29.70402,1.652,,,,
Guinea,GIN,Africa,Low income,2004,9062724.0,9645747516.0,1064.3320392411817,52.19458537,9186.533556,,,1.722,,,,
Guinea,GIN,Africa,Low income,2005,9245844.0,10059820577.0,1088.0370225800912,52.74512195,8924.243957,,,1.784,,,,
Guinea,GIN,Africa,Low income,2006,9441174.0,10279820925.0,1088.8286695065676,53.34953659,8669.748099,,,1.847,,,,
Guinea,GIN,Africa,Low income,2007,9662278.0,11105668501.0,1149.3840790960476,53.94370732,8411.700459,,,1.927,,,,
Guinea,GIN,Africa,Low income,2008,9898870.0,11730748654.0,1185.0593708170732,54.47843902,8066.844576,,,1.964,,,,
Guinea,GIN,Africa,Low income,2009,10143540.0,11707653951.0,1154.1980364843043,54.93187805,7811.225805,,,2.092,,,4.04456949234009,
Guinea,GIN,Africa,Low income,2010,10396090.0,12362234837.0,1189.1234913318372,55.298,7578.996424,,25.307739,2.459,,,3.65155482292175,
Guinea,GIN,Africa,Low income,2011,10656812.0,13233698841.0,1241.8065403612263,55.59019512,7331.129555,,,2.557,,,3.90179300308228,
Guinea,GIN,Africa,Low income,2012,10921580.0,14087313893.0,1289.8604316408432,55.84465854,7152.095805,,,2.393,,,3.41248250007629,
Guinea,GIN,Africa,Low income,2013,11191874.0,14709018009.0,1314.2587210149077,56.09165854,6932.815657,,,2.077,,,3.50469350814819,
Guinea,GIN,Africa,Low income,2014,11472921.0,14874105154.0,1296.453200889294,,6713.905912,,,2.371,,,3.60285472869873,
Guinea,GIN,Africa,Low income,2015,11767077.0,14900874140.0,1266.3190816206948,,6486.425871,,30.47279,2.454,,,4.87372255325317,
Guinea,GIN,Africa,Low income,2016,12073031.0,16533568057.0,1369.4629009898176,,6301.687126,,,2.7,,,5.25222682952881,
Guinea,GIN,Africa,Low income,2017,12385668.0,18265129177.0,1474.6987548027284,,6132.247871,,,4.847,,,4.76768445968628,
Guinea,GIN,Africa,Low income,2018,12704776.0,19467826772.0,1532.3234956680858,,,,,3.77,,,,
Guinea,GIN,Africa,Low income,2019,13034349.0,20561330331.0,1577.4727476608152,,,,,4.104,,11.96,4.98430013656616,
Guinea,GIN,Africa,Low income,2020,13371185.0,21528646361.0,1610.0776678357229,,,,,4.43,,,4.89050006866455,
Guinea,GIN,Africa,Low income,2021,13710515.0,22615336825.0,1649.488500249626,,,,,4.068,,,,
Guinea,GIN,Africa,Low income,2022,14055136.0,23678257190.0,1684.6693756645257,,,,,4.052,,,,
Guinea,GIN,Africa,Low income,2023,14405469.0,,,,,,,3.875,,,,
Guinea-Bissau,GNB,Africa,Low income,1990,973678.0,1261819956.0,1295.9314639952838,49.07382927,11738.36443,,,0.095,,,,
Guinea-Bissau,GNB,Africa,Low income,1991,994640.0,1300711311.0,1307.720693919408,49.42353659,11378.96232,,,0.095,,,,
Guinea-Bissau,GNB,Africa,Low income,1992,1024365.0,1333901605.0,1302.174132267307,49.75173171,11114.8522,,,0.095,,,,
Guinea-Bissau,GNB,Africa,Low income,1993,1058755.0,1360698820.0,1285.1876213099347,50.05404878,10875.75604,,,0.099,,,,
Guinea-Bissau,GNB,Africa,Low income,1994,1092037.0,1398135470.0,1280.3004568526524,50.32702439,11054.97242,,,0.099,,,,
Guinea-Bissau,GNB,Africa,Low income,1995,1119950.0,1448758085.0,1293.591754096165,50.56785366,10367.30488,,,0.103,,,,
Guinea-Bissau,GNB,Africa,Low income,1996,1143544.0,1501514648.0,1313.036182254465,50.7772439,10219.90538,,,0.099,,,,
Guinea-Bissau,GNB,Africa,Low income,1997,1165550.0,1589254020.0,1363.5228175539444,50.96209756,11099.88167,,,0.117,,,,
Guinea-Bissau,GNB,Africa,Low income,1998,1187478.0,1315465409.0,1107.7808675192298,51.13063415,9805.24582,,,0.088,,,,
Guinea-Bissau,GNB,Africa,Low income,1999,1210211.0,1485364038.0,1227.3595579613802,51.29046341,9900.095398,,,0.099,,,,
Guinea-Bissau,GNB,Africa,Low income,2000,1234747.0,1486201658.0,1203.6487296587884,51.44692683,9251.70185,,41.357769,0.051,,,,
Guinea-Bissau,GNB,Africa,Low income,2001,1261281.0,1520990575.0,1205.9093691255162,51.6097561,9010.352292,,,0.048,,,,
Guinea-Bissau,GNB,Africa,Low income,2002,1289317.0,1507700424.0,1169.3791550099781,51.7815122,8812.917504,,,0.062,,,,
Guinea-Bissau,GNB,Africa,Low income,2003,1318809.0,1522869105.0,1154.7305978348647,51.96643902,8590.106682,,,0.073,,,,
Guinea-Bissau,GNB,Africa,Low income,2004,1349569.0,1573921435.0,1166.2400625681237,52.16609756,8313.173144,,,0.044,,,,
Guinea-Bissau,GNB,Africa,Low income,2005,1381590.0,1653070519.0,1196.4986131920468,52.38085366,8505.674721,,,0.092,,,,
Guinea-Bissau,GNB,Africa,Low income,2006,1415315.0,1701901067.0,1202.4892458569293,52.60829268,7749.510108,,,0.117,,,,
Guinea-Bissau,GNB,Africa,Low income,2007,1450989.0,1768965179.0,1219.144444926874,52.84370732,7449.236677,,,0.084,,,,
Guinea-Bissau,GNB,Africa,Low income,2008,1488059.0,1837842538.0,1235.0602617234936,53.08173171,7406.601269,,,0.117,,,,
Guinea-Bissau,GNB,Africa,Low income,2009,1526384.0,1913611627.0,1253.6895217717167,53.32060976,6882.238563,,,0.099,,,,
Guinea-Bissau,GNB,Africa,Low income,2010,1566352.0,2015432308.0,1286.7045900282951,53.55843902,6605.999539,,,0.103,,,,
Guinea-Bissau,GNB,Africa,Low income,2011,1608084.0,2192198781.0,1363.2364857805935,53.79609756,6325.446043,,,0.11,,,,
Guinea-Bissau,GNB,Africa,Low income,2012,1651425.0,2160239109.0,1308.1060956446704,54.03363415,6115.44194,,,0.114,,,,
Guinea-Bissau,GNB,Africa,Low income,2013,1695980.0,2238347369.0,1319.7958519558013,54.27170732,5924.161641,,,0.143,,,,
Guinea-Bissau,GNB,Africa,Low income,2014,1741126.0,2253617077.0,1294.3446235367228,,5726.184154,,58.729321,0.143,,,,
Guinea-Bissau,GNB,Africa,Low income,2015,1786461.0,2372699688.0,1328.1564433816354,,5547.764098,,59.77285,0.154,,,,
Guinea-Bissau,GNB,Africa,Low income,2016,1831898.0,2519068025.0,1375.113693557174,,5379.890129,,,0.169,,,,
Guinea-Bissau,GNB,Africa,Low income,2017,1877074.0,2668676184.0,1421.72135142248,,5215.989147,,,0.183,,,,
Guinea-Bissau,GNB,Africa,Low income,2018,1922167.0,2771625236.0,1441.9273850815252,,,,,0.198,,,,
Guinea-Bissau,GNB,Africa,Low income,2019,1967704.0,2896348420.0,1471.9431479531474,,,,,0.256,,6.14,,
Guinea-Bissau,GNB,Africa,Low income,2020,2013259.0,2939793794.0,1460.2163924264091,,,,,0.311,,,,
Guinea-Bissau,GNB,Africa,Low income,2021,2058841.0,3127940606.0,1519.2725450872604,,,,,0.341,,,,
Guinea-Bissau,GNB,Africa,Low income,2022,2105535.0,3259313986.0,1547.974261173526,,,,,0.344,,,,
Guinea-Bissau,GNB,Africa,Low income,2023,2153343.0,,,,,,,0.329,,,,
Guyana,GUY,Americas,High income,1990,749891.0,,,62.12219512,3794.808946,,,1.129,,,,
Guyana,GUY,Americas,High income,1991,747870.0,,,62.27502439,3684.498187,,,1.107,,,,
Guyana,GUY,Americas,High income,1992,749919.0,,,62.42482927,3563.944782,,,1.041,,,,
Guyana,GUY,Americas,High income,1993,752969.0,,,62.57117073,3475.582638,,,1.044,,,,
Guyana,GUY,Americas,High income,1994,755821.0,,,62.71456098,3344.459721,,,1.458,,,,
Guyana,GUY,Americas,High income,1995,758395.0,,,62.8525122,3230.520381,,,1.565,,,,
Guyana,GUY,Americas,High income,1996,760535.0,,,62.983,3119.369616,,,1.656,,,,
Guyana,GUY,Americas,High income,1997,762250.0,,,63.10707317,3021.372259,,,1.806,,,,
Guyana,GUY,Americas,High income,1998,763596.0,,,63.22829268,2958.272075,,,1.828,,,,
Guyana,GUY,Americas,High income,1999,764490.0,,,63.35126829,2908.645599,,,1.836,,,,
Guyana,GUY,Americas,High income,2000,764836.0,,,63.4847561,2866.715881,,,1.748,,,,
Guyana,GUY,Americas,High income,2001,764484.0,,,63.64104878,2869.658439,,,1.74,,,,
Guyana,GUY,Americas,High income,2002,763657.0,,,63.82421951,2941.940828,,,1.711,,,,
Guyana,GUY,Americas,High income,2003,763107.0,,,64.03570732,2985.023431,,,1.869,,,,
Guyana,GUY,Americas,High income,2004,762424.0,,,64.27331707,3023.418633,,,1.927,,,,
Guyana,GUY,Americas,High income,2005,760922.0,,,64.52917073,3008.057404,,,1.616,,,5.99282646179199,
Guyana,GUY,Americas,High income,2006,758976.0,,,64.79126829,2905.280636,,,1.51,,,,
Guyana,GUY,Americas,High income,2007,756874.0,,,65.04721951,2825.657487,,,1.781,,,,
Guyana,GUY,Americas,High income,2008,754614.0,,,65.28719512,2787.366374,,,1.704,,,,
Guyana,GUY,Americas,High income,2009,752097.0,,,65.50560976,2700.19029,,84.994011,1.905,,,,
Guyana,GUY,Americas,High income,2010,749259.0,,,65.7024878,2559.689308,,,1.883,,,,
Guyana,GUY,Americas,High income,2011,746161.0,,,65.88007317,2472.618394,,,1.957,,,,
Guyana,GUY,Americas,High income,2012,746296.0,,,66.04626829,2408.996371,,,1.957,,,,
Guyana,GUY,Americas,High income,2013,750020.0,,,66.20790244,2339.108556,,,1.902,,,,
Guyana,GUY,Americas,High income,2014,754231.0,,,,2248.414567,,,1.975,,,,
Guyana,GUY,Americas,High income,2015,758783.0,,,,2161.388171,,87.535316,1.964,,,,
Guyana,GUY,Americas,High income,2016,763553.0,,,,2077.564075,,,2.209,,,,
Guyana,GUY,Americas,High income,2017,768483.0,,,,2003.709588,,,2.158,,,,
Guyana,GUY,Americas,High income,2018,791563.0,,,,,,,2.319,,,,
Guyana,GUY,Americas,High income,2019,807668.0,,,,,,,2.645,,,,
Guyana,GUY,Americas,High income,2020,807486.0,,,,,,,3.1,,,,
Guyana,GUY,Americas,High income,2021,815484.0,,,,,,,2.933,,,,
Guyana,GUY,Americas,High income,2022,821638.0,,,,,,,4.397,,,,
Guyana,GUY,Americas,High income,2023,826357.0,,,,,,,4.379,,,,
Haiti,HTI,Americas,Lower middle income,1990,6854444.0,10773450000.0,1571.746738320424,54.42860976,9965.398485,,,0.994,,,,
Haiti,HTI,Americas,Lower middle income,1991,6995455.0,11156723437.0,1594.8531492233171,54.76678049,9653.281221,,,0.974,,,,
Haiti,HTI,Americas,Lower middle income,1992,7136577.0,10725683419.0,1502.917073409283,55.10039024,9377.743257,,,0.887,,,,
Haiti,HTI,Americas,Lower middle income,1993,7278182.0,10302867632.0,1415.5825770776273,55.43397561,9185.357808,,,0.683,,,,
Haiti,HTI,Americas,Lower middle income,1994,7419776.0,9215060363.0,1241.959374919135,55.76709756,9019.121711,,,0.183,,,,
Haiti,HTI,Americas,Lower middle income,1995,7562551.0,10289435607.0,1360.5773510816655,56.09226829,8802.080833,,,0.876,,,,
Haiti,HTI,Americas,Lower middle income,1996,7707560.0,10882101707.0,1411.8737586214054,56.39753659,8546.878523,,,1.019,,,,
Haiti,HTI,Americas,Lower middle income,1997,7854304.0,11346974445.0,1444.6823607795166,56.67790244,8309.031481,,,1.348,,,,
Haiti,HTI,Americas,Lower middle income,1998,8002144.0,11780950427.0,1472.2242472767298,56.93490244,8056.752206,,,1.235,,,,
Haiti,HTI,Americas,Lower middle income,1999,8151301.0,12289767443.0,1507.7062475057662,57.1775122,7775.406787,,,1.271,,,,
Haiti,HTI,Americas,Lower middle income,2000,8303151.0,12590117444.0,1516.3059715522456,57.42278049,7454.026364,,,1.634,,,,
Haiti,HTI,Americas,Lower middle income,2001,8455917.0,12654293375.0,1496.5016065082002,57.69521951,7211.396442,,,1.466,,,,
Haiti,HTI,Americas,Lower middle income,2002,8607648.0,12820096281.0,1489.3843569114351,58.01126829,7025.800793,,,1.778,,,,
Haiti,HTI,Americas,Lower middle income,2003,8759913.0,13072600973.0,1492.320868141042,58.38192683,6870.964733,,58.7439,1.692,,,,
Haiti,HTI,Americas,Lower middle income,2004,8910267.0,12808948010.0,1437.5492911716337,58.80712195,6766.412627,,,1.643,,,3.7541561126709,
Haiti,HTI,Americas,Lower middle income,2005,9061274.0,13245370242.0,1461.7558460322466,59.28378049,6645.188455,,,1.715,,,,
Haiti,HTI,Americas,Lower middle income,2006,9216569.0,13759840125.0,1492.9460328458454,59.80182927,6533.19283,,48.68502,1.746,,,3.84632921218872,
Haiti,HTI,Americas,Lower middle income,2007,9373300.0,14437110458.0,1540.237745297814,60.33721951,6417.722528,,,1.766,,,,
Haiti,HTI,Americas,Lower middle income,2008,9530782.0,14789629003.0,1551.7749753378055,60.87041463,6300.76762,,,1.754,,,3.76599884033203,
Haiti,HTI,Americas,Lower middle income,2009,9689585.0,15482895499.0,1597.8904668259786,61.38492683,6170.202764,,,1.881,,,4.84457397460938,
Haiti,HTI,Americas,Lower middle income,2010,9803299.0,14869726114.0,1516.8083839940005,61.8667561,8695.037333,,,2.129,,,4.41347503662109,
Haiti,HTI,Americas,Lower middle income,2011,9914904.0,15936160000.0,1607.2934241219077,62.30597561,6599.50406,,,2.272,,,4.62196207046509,
Haiti,HTI,Americas,Lower middle income,2012,10069770.0,16393482000.0,1627.98971575319,62.70265854,5947.383611,,,2.262,,,3.88877844810486,
Haiti,HTI,Americas,Lower middle income,2013,10222365.0,17085684000.0,1671.40226356621,63.05885366,5707.605481,,,2.703,,,3.56976246833801,
Haiti,HTI,Americas,Lower middle income,2014,10373241.0,17572203000.0,1693.9935165875352,,5536.233241,,,2.698,,,3.35230016708374,
Haiti,HTI,Americas,Lower middle income,2015,10523249.0,17862468000.0,1697.4289974512624,,5316.818343,,60.68935,2.654,,,3.82386565208435,
Haiti,HTI,Americas,Lower middle income,2016,10671462.0,18337150574.0,1718.335367168997,,5171.400062,,,2.977,,,3.61492800712585,
Haiti,HTI,Americas,Lower middle income,2017,10817759.0,18822570039.0,1739.9694372004406,,4916.711501,,,3.133,,,,
Haiti,HTI,Americas,Lower middle income,2018,10962373.0,19129086184.0,1744.9767658881885,,,,,3.401,,,,
Haiti,HTI,Americas,Lower middle income,2019,11105165.0,18799472313.0,1692.8584413648964,,,,,3.119,,,3.6149001121521,
Haiti,HTI,Americas,Lower middle income,2020,11243846.0,18185520397.0,1617.3754422641505,,,,,3.265,,,,
Haiti,HTI,Americas,Lower middle income,2021,11374592.0,17851170361.0,1569.3899491955403,,,,,3.507,,,,
Haiti,HTI,Americas,Lower middle income,2022,11503603.0,17550916862.0,1525.6886787556907,,,,,2.87,,,,
Haiti,HTI,Americas,Lower middle income,2023,11637402.0,,,,,,,2.865,,,,
Honduras,HND,Americas,Lower middle income,1990,4980493.0,14201085625.0,2851.3413481356165,66.68904878,3666.970015,,,2.505,,,,
Honduras,HND,Americas,Lower middle income,1991,5123797.0,14777670050.0,2884.1248101749543,67.14363415,3590.303988,,,2.527,,,,
Honduras,HND,Americas,Lower middle income,1992,5271437.0,15733343099.0,2984.6402601415894,67.57919512,3470.55405,,,2.803,,,,
Honduras,HND,Americas,Lower middle income,1993,5423253.0,16847892598.0,3106.6027341892404,68.0087561,3396.658689,,,2.941,,,,
Honduras,HND,Americas,Lower middle income,1994,5579247.0,16756478908.0,3003.3585012457775,68.43680488,3290.072159,,,3.231,,,,
Honduras,HND,Americas,Lower middle income,1995,5739636.0,17579243982.0,3062.7802846731047,68.85787805,3184.972618,,,3.836,,,,
Honduras,HND,Americas,Lower middle income,1996,5903962.0,18358896091.0,3109.5891353975517,69.26,3045.832519,,,3.876,,,,
Honduras,HND,Americas,Lower middle income,1997,6071458.0,19427979548.0,3199.8870037476995,69.62768293,2929.452361,,,4.01,,,,
Honduras,HND,Americas,Lower middle income,1998,6234436.0,20150664632.0,3232.1551832435202,69.95443902,3046.446229,,,4.811,,,,
Honduras,HND,Americas,Lower middle income,1999,6400470.0,19928432930.0,3113.5889911209647,70.2387561,2758.176857,,,4.705,,,,
Honduras,HND,Americas,Lower middle income,2000,6577781.0,21239307387.0,3228.9471764110117,70.48414634,2620.647074,,,5.032,,,,
Honduras,HND,Americas,Lower middle income,2001,6757992.0,21992955509.0,3254.362465803452,70.69707317,2523.601835,,80.011032,5.665,,,,
Honduras,HND,Americas,Lower middle income,2002,6938866.0,22983633152.0,3312.303934389279,70.8905122,2401.440551,,,5.945,,,,
Honduras,HND,Americas,Lower middle income,2003,7119213.0,24205428089.0,3400.0145927646777,71.07746341,2333.632378,,,6.687,,,,
Honduras,HND,Americas,Lower middle income,2004,7299003.0,25910108120.0,3549.8146966099343,71.26790244,2272.618469,,,7.194,,,5.39651966094971,
Honduras,HND,Americas,Lower middle income,2005,7478362.0,27704981594.0,3704.6858114116435,71.47331707,2198.823586,,,6.835,,,5.09715414047241,
Honduras,HND,Americas,Lower middle income,2006,7656832.0,29769398424.0,3887.9524095605075,71.70268293,2135.566129,,,7.698,,,5.42033100128174,
Honduras,HND,Americas,Lower middle income,2007,7834806.0,31871721735.0,4067.9656567118573,71.9565122,2043.576013,,83.588989,8.216,,,6.03318929672241,
Honduras,HND,Americas,Lower middle income,2008,8012590.0,33484306097.0,4178.961621273521,72.23434146,1871.121458,,,8.533,,,5.86613130569458,
Honduras,HND,Americas,Lower middle income,2009,8189904.0,32923391943.0,4019.997297037914,72.5342439,1767.206177,,,8.03,,,4.96103143692017,
Honduras,HND,Americas,Lower middle income,2010,8365881.0,34409603132.0,4113.08780653227,72.85031707,1685.652148,,84.755363,8.107,,,4.60221815109253,
Honduras,HND,Americas,Lower middle income,2011,8540587.0,35990758725.0,4214.084901307135,73.17319512,1575.964801,,85.123306,8.857,,,4.7133584022522,
Honduras,HND,Americas,Lower middle income,2012,8715081.0,37443688294.0,4296.424587906871,73.49343902,1370.10812,,85.355553,9.108,,,5.05572605133057,
Honduras,HND,Americas,Lower middle income,2013,8889276.0,38446700070.0,4325.0654012767745,73.80304878,1297.703411,,85.464417,9.328,,,4.84543657302856,
Honduras,HND,Americas,Lower middle income,2014,9063127.0,39484545761.0,4356.61397672128,,1273.928314,,87.197533,9.503,,,5.64815473556519,
Honduras,HND,Americas,Lower middle income,2015,9237306.0,40757802007.0,4412.303977696528,,1220.852656,,88.424583,10.898,,,6.01998567581177,
Honduras,HND,Americas,Lower middle income,2016,9412380.0,42125312119.0,4475.521825404414,,1145.751739,,,9.939,,,5.90842390060425,
Honduras,HND,Americas,Lower middle income,2017,9588144.0,43936103834.0,4582.336668493924,,1091.73737,,,10.198,,,5.93005132675171,
Honduras,HND,Americas,Lower middle income,2018,9765209.0,45477892182.0,4657.134545917041,,,,,9.876,,,,
Honduras,HND,Americas,Lower middle income,2019,9943637.0,46684518271.0,4694.913769579481,,,,,10.963,,,5.91919994354248,
Honduras,HND,Americas,Lower middle income,2020,10119638.0,42499283305.0,4199.6841492749045,,,,,9.977,,,6.02209997177124,
Honduras,HND,Americas,Lower middle income,2021,10289881.0,47826185166.0,4647.885156883738,,,,,11.06,,,,
Honduras,HND,Americas,Lower middle income,2022,10463880.0,49738252980.0,4753.327922338559,,,,,11.742,,,,
Honduras,HND,Americas,Lower middle income,2023,10644853.0,,,,,,,12.404,,,,
Hong Kong,HKG,Asia,High income,1990,5560599.0,159035333203.0,28600.395965074986,77.3804878,,,,27.148,0.0,,,
Hong Kong,HKG,Asia,High income,1991,5628091.0,166388672053.0,29563.962639019162,77.88292683,,,,28.463,0.0,,,
Hong Kong,HKG,Asia,High income,1992,5759558.0,174712323919.0,30334.32841877797,77.67804878,,,,32.922,0.0,,,
Hong Kong,HKG,Asia,High income,1993,5902506.0,183841594031.0,31146.362922968652,78.03170732,,,,34.778,0.0,,,
Hong Kong,HKG,Asia,High income,1994,6042259.0,193897052623.0,32090.159098277647,78.52926829,,,,31.079,0.0,,,
Hong Kong,HKG,Asia,High income,1995,6177105.0,196081470595.0,31743.263324000483,78.68292683,,,,31.271,0.0,,,
Hong Kong,HKG,Asia,High income,1996,6302469.0,207053020618.0,32852.6837050686,79.62682927,,,,28.909,0.0,,,
Hong Kong,HKG,Asia,High income,1997,6416674.0,216031296787.0,33667.17660691505,80.12682927,,,,30.497,0.0,,,
Hong Kong,HKG,Asia,High income,1998,6521331.0,201421963837.0,30886.634007229506,80.13170732,,,,38.925,0.0,,,
Hong Kong,HKG,Asia,High income,1999,6616524.0,205093825462.0,30997.216281842248,80.38292683,,,,42.549,0.0,,,
Hong Kong,HKG,Asia,High income,2000,6704665.0,218622146616.0,32607.46757906622,80.87804878,,,,39.765,0.0,,,
Hong Kong,HKG,Asia,High income,2001,6774243.0,219159408785.0,32351.867032965896,81.42439024,,,,37.289,0.0,,,
Hong Kong,HKG,Asia,High income,2002,6821412.0,222182532288.0,32571.340404010196,81.47804878,,,93.5,39.003,0.0,,,
Hong Kong,HKG,Asia,High income,2003,6858906.0,225487397415.0,32875.12577297312,81.32926829,,,,42.733,0.0,,,
Hong Kong,HKG,Asia,High income,2004,6888164.0,243895605092.0,35407.92656678906,81.7804878,,,,41.158,0.0,,5.5111870765686,
Hong Kong,HKG,Asia,High income,2005,6908483.0,259469641313.0,37558.121126302256,81.5804878,,,,43.334,0.0,,,
Hong Kong,HKG,Asia,High income,2006,6931089.0,274690745926.0,39631.68643859572,82.37560976,,,,41.915,0.001,,5.13726186752319,
Hong Kong,HKG,Asia,High income,2007,6971344.0,291247413551.0,41777.799740050126,82.32682927,,,,43.572,0.001,,5.39705562591553,
Hong Kong,HKG,Asia,High income,2008,7020689.0,295823304243.0,42135.93626537224,82.37560976,,,,42.794,0.001,,5.64283466339111,
Hong Kong,HKG,Asia,High income,2009,7064464.0,285619082956.0,40430.39683633464,82.77560976,,,,41.583,0.001,,5.47401094436646,
Hong Kong,HKG,Asia,High income,2010,7101614.0,302377330309.0,42578.67722872575,82.97804878,,,,40.063,0.053,,5.4837646484375,
Hong Kong,HKG,Asia,High income,2011,7142969.0,314044556431.0,43965.549399836396,83.42195122,,,,43.15,0.137,,,
Hong Kong,HKG,Asia,High income,2012,7201059.0,319384208506.0,44352.39435005323,83.4804878,,,,42.738,0.061,,5.45805072784424,
Hong Kong,HKG,Asia,High income,2013,7264330.0,329290162080.0,45329.73613258208,83.83170732,,,,44.31,0.16,,,
Hong Kong,HKG,Asia,High income,2014,7319502.0,338386398632.0,46230.79529618272,,,,,45.492,0.151,,5.49842071533203,
Hong Kong,HKG,Asia,High income,2015,7366411.0,346466191769.0,47033.24207256424,,,,,42.404,0.205,,5.36247491836548,
Hong Kong,HKG,Asia,High income,2016,7408006.0,354003396927.0,47786.59695024545,,,,,43.366,0.206,,,
Hong Kong,HKG,Asia,High income,2017,7444889.0,367441685993.0,49354.89111966612,,,,,42.431,0.209,,5.65931701660156,
Hong Kong,HKG,Asia,High income,2018,7471190.0,377902310676.0,50581.27429177949,,,,,42.597,0.24,,5.29534149169922,
Hong Kong,HKG,Asia,High income,2019,7485817.0,371582312306.0,49638.17741016111,,,,,41.897,0.253,,5.47669982910156,
Hong Kong,HKG,Asia,High income,2020,7490240.0,347263059452.0,46362.07377226898,,,,,33.513,0.462,,5.42479991912842,
Hong Kong,HKG,Asia,High income,2021,7484604.0,369654417943.0,49388.64072741858,,,,,33.637,0.654,,,
Hong Kong,HKG,Asia,High income,2022,7465913.0,356690492875.0,47775.87052983339,,,,,30.764,0.927,,,
Hong Kong,HKG,Asia,High income,2023,7442738.0,,,,,,,32.957,1.048,,,
Hungary,HUN,Europe,High income,1990,10381280.0,106788855164.0,10286.675165682844,69.31560976,1551.776578,,,73.427,0.17,,,
Hungary,HUN,Europe,High income,1991,10378174.0,95825225553.0,9233.34158330743,69.37707317,1555.526458,,,69.825,0.204,,,
Hungary,HUN,Europe,High income,1992,10371477.0,94567780137.0,9118.06294677219,69.11707317,1347.432495,,,62.281,0.202,,,
Hungary,HUN,Europe,High income,1993,10356869.0,95740692963.0,9244.173404433328,69.10121951,1216.939329,,,62.991,0.21,,,
Hungary,HUN,Europe,High income,1994,10339936.0,100339331340.0,9704.057292037398,69.4697561,1126.069087,,98.982071,61.88,0.208,,,
Hungary,HUN,Europe,High income,1995,10322792.0,104751822959.0,10147.625076529683,69.79170732,1022.743955,,,61.464,0.22,,,
Hungary,HUN,Europe,High income,1996,10302238.0,106886865711.0,10375.111282713524,70.32878049,987.7843963,,,63.083,0.251,,,
Hungary,HUN,Europe,High income,1997,10278600.0,112676520011.0,10962.243886424221,70.70243902,935.4417486,,,61.676,0.269,,,
Hungary,HUN,Europe,High income,1998,10251717.0,119818720518.0,11687.673442214607,70.55780488,921.5668636,,,61.255,0.214,,,
Hungary,HUN,Europe,High income,1999,10219797.0,126176462095.0,12346.27870739507,70.67707317,847.1723826,,,61.575,0.245,,,
Hungary,HUN,Europe,High income,2000,10190598.0,134151505450.0,13164.242711762352,71.24634146,881.4406912,,,58.244,0.249,,,
Hungary,HUN,Europe,High income,2001,10166693.0,142043461403.0,13971.451818501848,72.24878049,793.6700286,,,59.828,0.256,,,
Hungary,HUN,Europe,High income,2002,10138461.0,151456660939.0,14938.821675104338,72.34878049,734.5906238,,,58.842,0.238,,,
Hungary,HUN,Europe,High income,2003,10108970.0,160456137012.0,15872.649440249601,72.3,710.05445,,,61.611,0.345,,5.19393348693848,
Hungary,HUN,Europe,High income,2004,10085788.0,171925388770.0,17046.30206088012,72.64878049,660.6621694,,99.029221,59.985,0.985,,,
Hungary,HUN,Europe,High income,2005,10065703.0,183107031890.0,18191.181668086174,72.64878049,632.3533214,,,60.142,1.882,,4.95391702651978,
Hungary,HUN,Europe,High income,2006,10049946.0,194033322767.0,19306.90202385167,73.09756098,596.9469348,,,59.529,1.557,,,
Hungary,HUN,Europe,High income,2007,10034084.0,198872162765.0,19819.662937344354,73.15121951,577.5864599,,,58.449,2.042,,4.89460039138794,
Hungary,HUN,Europe,High income,2008,10016653.0,204720371926.0,20438.001788222075,73.70243902,545.2377866,,,57.184,3.095,,4.72513246536255,
Hungary,HUN,Europe,High income,2009,10001381.0,195180908684.0,19515.395792241092,73.90487805,504.4391516,,,51.458,3.947,,4.9176025390625,
Hungary,HUN,Europe,High income,2010,9979128.0,200496589291.0,20091.594104314525,74.20731707,496.7658365,,,51.993,3.999,,4.68335819244385,
Hungary,HUN,Europe,High income,2011,9946675.0,208407605976.0,20952.48974918754,74.85853659,490.7876856,,,50.156,3.672,,4.91446685791016,
Hungary,HUN,Europe,High income,2012,9916621.0,205802052322.0,20753.24370287016,75.06341463,493.6472887,,,46.72,3.807,,5.18056344985962,
Hungary,HUN,Europe,High income,2013,9889344.0,209511661762.0,21185.597524163382,75.26829268,504.8515138,,,43.487,4.115,,5.34438323974609,
Hungary,HUN,Europe,High income,2014,9862843.0,218378634753.0,22141.550337260767,,486.9420831,,99.050117,43.639,4.82,,5.44890165328979,
Hungary,HUN,Europe,High income,2015,9839211.0,226474616785.0,23017.558703131785,,478.9208945,,99.380882,46.567,4.593,,6.06503868103027,
Hungary,HUN,Europe,High income,2016,9810529.0,231459349147.0,23592.95295360729,,415.368339,,,47.039,4.567,,5.93577098846436,
Hungary,HUN,Europe,High income,2017,9785608.0,241347220007.0,24663.487440637313,,394.3886029,,,49.424,4.454,,6.00025987625122,
Hungary,HUN,Europe,High income,2018,9774395.0,254289117363.0,26015.842142966394,,,,,49.366,4.84,,6.03804969787598,
Hungary,HUN,Europe,High income,2019,9770346.0,266658311342.0,27292.61700066712,,,,,49.159,5.632,,5.99160003662109,
Hungary,HUN,Europe,High income,2020,9749459.0,254563881936.0,26110.564897600983,,,,,47.105,6.807,,6.0858998298645,
Hungary,HUN,Europe,High income,2021,9707848.0,272892486007.0,28110.502554943178,,,,,48.326,7.724,,,
Hungary,HUN,Europe,High income,2022,9684308.0,285385229433.0,29468.830342136993,,,,,45.267,8.957,,,
Hungary,HUN,Europe,High income,2023,9686465.0,,,,,,,40.344,10.886,,,
Iceland,ISL,Europe,High income,1990,254842.0,7325718271.0,28746.118265435052,78.03634146,527.5723195,,,2.222,59.083,,,
Iceland,ISL,Europe,High income,1991,257817.0,7288590266.0,28270.40213019312,77.99195122,504.4770179,,,2.103,60.295,,,
Iceland,ISL,Europe,High income,1992,261087.0,7011078151.0,26853.41725555083,78.7602439,471.2387869,,,2.249,59.704,,,
Iceland,ISL,Europe,High income,1993,263760.0,7076878574.0,26830.74982559903,78.93463415,445.9506971,,,2.4,59.777,,,
Iceland,ISL,Europe,High income,1994,266063.0,7301854318.0,27444.080229118666,79.24707317,422.1813331,,,2.349,59.774,,,
Iceland,ISL,Europe,High income,1995,267516.0,7280955133.0,27216.8959351964,77.98439024,407.5134665,,,2.469,60.333,,,
Iceland,ISL,Europe,High income,1996,268967.0,7601917128.0,28263.382229046685,78.77780488,387.0932633,,,2.523,58.579,,,
Iceland,ISL,Europe,High income,1997,271194.0,8108417582.0,29898.956400215346,78.88536585,362.2062832,,,2.618,61.043,,,
Iceland,ISL,Europe,High income,1998,274121.0,8607334873.0,31399.76460395227,79.60243902,338.5767455,,,2.638,63.559,,,
Iceland,ISL,Europe,High income,1999,277450.0,8919642339.0,32148.647824833304,79.35121951,313.2115694,,,2.841,66.566,,,
Iceland,ISL,Europe,High income,2000,281293.0,9307402059.0,33087.9263223756,79.65365854,294.6982592,,,2.933,67.054,,,
Iceland,ISL,Europe,High income,2001,285058.0,9632094658.0,33789.94681082446,80.6902439,274.1374571,,,2.865,68.986,,,
Iceland,ISL,Europe,High income,2002,287609.0,9623436669.0,33460.1374400662,80.50243902,261.8418371,,,2.992,69.06,,,
Iceland,ISL,Europe,High income,2003,289616.0,9810546928.0,33874.326446052706,80.96341463,249.2948209,,99.0,2.985,69.009,,,
Iceland,ISL,Europe,High income,2004,292172.0,10591927126.0,36252.3688991416,80.99756098,236.2658555,,,3.107,68.283,,,
Iceland,ISL,Europe,High income,2005,296852.0,11206862490.0,37752.35635939795,81.50243902,224.2823193,,,2.976,68.112,,,
Iceland,ISL,Europe,High income,2006,303883.0,11775508947.0,38750.14050473373,81.15853659,215.5643396,,,3.154,70.76,,6.88828420639038,
Iceland,ISL,Europe,High income,2007,311662.0,12798725464.0,41066.04418889694,81.45365854,207.3906701,,,3.494,74.337,,,
Iceland,ISL,Europe,High income,2008,317519.0,13031114591.0,41040.424639155455,81.6097561,197.531854,,,3.811,81.016,,,
Iceland,ISL,Europe,High income,2009,318619.0,12031037299.0,37759.949340748666,81.75121951,185.259465,,,3.73,82.491,,,
Iceland,ISL,Europe,High income,2010,318163.0,11531450215.0,36243.844240216495,81.89756098,174.1572175,,,3.627,83.047,,7.59066009521484,
Iceland,ISL,Europe,High income,2011,319139.0,11716753534.0,36713.63742444515,82.35853659,163.7943845,,,3.503,83.32,,7.50139427185059,
Iceland,ISL,Europe,High income,2012,320851.0,11841375384.0,36906.15078026872,82.91707317,159.3245018,,,3.499,83.699,,,
Iceland,ISL,Europe,High income,2013,323891.0,12380449213.0,38224.12235289032,83.11707317,155.9938102,,,3.489,83.281,,7.49807071685791,
Iceland,ISL,Europe,High income,2014,327517.0,12589333385.0,38438.71733375672,,154.1856509,,,3.445,83.012,,7.51003456115723,
Iceland,ISL,Europe,High income,2015,330962.0,13147880818.0,39726.25503229978,,153.2337051,,,3.541,82.168,,7.47621393203735,
Iceland,ISL,Europe,High income,2016,335571.0,13976682094.0,41650.446832414,,151.5918691,,,3.494,80.357,,,
Iceland,ISL,Europe,High income,2017,343537.0,14562998209.0,42391.35292268373,,150.2604665,,,3.611,79.303,,7.53250455856323,
Iceland,ISL,Europe,High income,2018,352860.0,15275006901.0,43289.142722326134,,,,,3.665,78.7,,7.57548952102661,
Iceland,ISL,Europe,High income,2019,360709.0,15550746271.0,43111.61149569321,,,,,3.553,80.843,,7.55389976501465,
Iceland,ISL,Europe,High income,2020,366626.0,14424580947.0,39344.12984076416,,,,,3.339,86.126,,7.55749988555908,
Iceland,ISL,Europe,High income,2021,372647.0,15049658393.0,40385.83000265667,,,,,3.491,84.494,,,
Iceland,ISL,Europe,High income,2022,380368.0,16019540441.0,42115.89944737728,,,,,3.598,82.075,,,
Iceland,ISL,Europe,High income,2023,387559.0,,,,,,,3.508,81.843,,,
India,IND,Asia,Lower middle income,1990,864972221.0,1750993000000.0,2024.3343745486595,58.52919512,8271.299126,,,577.987,8.068,,,
India,IND,Asia,Lower middle income,1991,883927605.0,1768493598375.0,2000.7222179411401,58.82482927,8074.657934,,48.222069,615.388,8.531,,,
India,IND,Asia,Lower middle income,1992,902957075.0,1851711465033.0,2050.719260417778,59.13697561,7913.13602,,,655.424,7.687,,,
India,IND,Asia,Lower middle income,1993,922118380.0,1944353884791.0,2108.572963040819,59.46778049,7727.296406,,,677.262,7.588,,,
India,IND,Asia,Lower middle income,1994,941163772.0,2055026658036.0,2183.4952844275012,59.81880488,7525.585712,,,714.043,8.187,,,
India,IND,Asia,Lower middle income,1995,960301046.0,2189535837458.0,2280.051496953175,60.18856098,7306.173633,,,760.48,7.258,,,
India,IND,Asia,Lower middle income,1996,979678460.0,2345228680352.0,2393.8759257317956,60.574,7061.429013,,,823.602,6.408,,,
India,IND,Asia,Lower middle income,1997,999133764.0,2426804815330.0,2428.9088235937147,60.9685122,6874.565764,,,857.976,6.202,,,
India,IND,Asia,Lower middle income,1998,1018665080.0,2567853125008.0,2520.8021511918323,61.367,6600.130132,,,875.783,6.971,,,
India,IND,Asia,Lower middle income,1999,1038225822.0,2710353015518.0,2610.5621321350645,61.76546341,6290.755633,,,961.194,6.735,,,
India,IND,Asia,Lower middle income,2000,1057922731.0,2804478499774.0,2650.9294276369983,62.16185366,6160.72039,,,987.065,6.042,,,
India,IND,Asia,Lower middle income,2001,1077898579.0,2940745466088.0,2728.2209322663925,62.55663415,6055.191706,,61.014561,1001.198,5.693,,,
India,IND,Asia,Lower middle income,2002,1097600380.0,3024984520809.0,2755.9980626182,62.94934146,5883.241272,,,1032.75,5.218,,,
India,IND,Asia,Lower middle income,2003,1116803000.0,3251114494190.0,2911.090401968834,63.34004878,5718.851034,,,1068.398,5.144,,,
India,IND,Asia,Lower middle income,2004,1135991509.0,3495022816540.0,3076.62758819089,63.72426829,5592.005872,,,1134.611,6.887,,5.34825897216797,
India,IND,Asia,Lower middle income,2005,1154676321.0,3752627653422.0,3249.939039342264,64.09758537,5460.870558,,,1195.393,6.359,,5.02679347991943,
India,IND,Asia,Lower middle income,2006,1172878888.0,4069856052453.0,3469.9712767385067,64.45509756,5278.714264,,62.754471,1293.321,7.134,,5.14583301544189,
India,IND,Asia,Lower middle income,2007,1190676028.0,4403215224414.0,3698.0800157790695,64.79385366,5081.277064,,,1393.485,7.276,,4.52151775360107,
India,IND,Asia,Lower middle income,2008,1207930960.0,4649548164533.0,3849.183702132281,65.11339024,4884.694661,,,1490.366,6.712,,4.98927736282349,
India,IND,Asia,Lower middle income,2009,1225524764.0,4993478894185.0,4074.5638447049773,65.41319512,4738.216557,,,1613.328,5.965,,4.63487148284912,
India,IND,Asia,Lower middle income,2010,1243481565.0,5361371354007.0,4311.580891033957,65.6942439,4618.492017,,,1678.53,6.057,,4.72014665603638,
India,IND,Asia,Lower middle income,2011,1261224956.0,5720692888000.0,4535.822781483243,65.9584878,4448.23005,,69.302559,1765.695,6.967,,4.42778873443604,
India,IND,Asia,Lower middle income,2012,1278674501.0,6052427493607.0,4733.360592452293,66.21085366,4230.323851,,,1926.986,6.208,,4.42437934875488,
India,IND,Asia,Lower middle income,2013,1295829507.0,6424470752490.0,4957.805573792973,66.4562439,4020.677254,,,1995.337,6.75,,4.34207916259766,
India,IND,Asia,Lower middle income,2014,1312277184.0,6875186158349.0,5239.12649109123,,3886.506075,,,2148.052,6.829,,4.17917728424072,
India,IND,Asia,Lower middle income,2015,1328024494.0,7391521519812.0,5565.802101698284,,3932.820855,,72.225304,2231.817,6.357,,4.04611110687256,
India,IND,Asia,Lower middle income,2016,1343944296.0,8057465593010.0,5995.386577398741,,3791.481755,,,2352.54,6.37,,3.81806874275208,
India,IND,Asia,Lower middle income,2017,1359657398.0,8550029645172.0,6288.370627592467,,3622.58324,,,2425.722,6.793,,3.24876976013184,
India,IND,Asia,Lower middle income,2018,1374659067.0,9173201683791.0,6673.074003585647,,,,,2595.227,7.307,,4.22528123855591,
India,IND,Asia,Lower middle income,2019,1389030307.0,9595463242427.0,6908.030151733039,,,,,2611.175,8.108,,3.8189001083374,
India,IND,Asia,Lower middle income,2020,1402617694.0,8945313249462.0,6377.584774331244,,,,,2422.732,8.893,,3.77710008621216,
India,IND,Asia,Lower middle income,2021,1414203896.0,9801621018003.0,6930.840061837165,,,,,2675.778,8.657,,,
India,IND,Asia,Lower middle income,2022,1425423209.0,10476248645535.0,7349.570695488093,,,,,2831.132,9.421,,,
India,IND,Asia,Lower middle income,2023,1438069597.0,,,,,,,3062.756,8.861,,,
Indonesia,IDN,Asia,Upper middle income,1990,183501097.0,718548888843.0,3915.7743500737765,63.44934146,6306.1208,,81.519852,154.991,3.597,,,
Indonesia,IDN,Asia,Upper middle income,1991,186778239.0,786440054225.0,4210.5550327251985,63.87365854,6132.339381,,,174.754,3.661,,,
Indonesia,IDN,Asia,Upper middle income,1992,190043742.0,841780430872.0,4429.4035784245925,64.287,5962.812183,,,199.298,4.219,,,
Indonesia,IDN,Asia,Upper middle income,1993,193305169.0,912702668892.0,4721.563699582188,64.69034146,5881.743208,,,214.963,3.686,,,
Indonesia,IDN,Asia,Upper middle income,1994,196591829.0,986200274496.0,5016.4865931228505,65.08270732,5822.639427,,,219.2,3.404,,,
Indonesia,IDN,Asia,Upper middle income,1995,199888055.0,1072204353033.0,5364.024143578765,65.46607317,5698.966765,,,222.225,3.445,,,
Indonesia,IDN,Asia,Upper middle income,1996,203204353.0,1161281457768.0,5714.845379163703,65.84046341,5497.526351,,,252.856,3.415,,,
Indonesia,IDN,Asia,Upper middle income,1997,206536089.0,1221454544616.0,5914.000553268926,66.20536585,5309.97382,,,279.696,2.451,,,
Indonesia,IDN,Asia,Upper middle income,1998,209826791.0,1066065643776.0,5080.693645912928,66.56180488,5164.868187,,,244.315,3.927,,,
Indonesia,IDN,Asia,Upper middle income,1999,213004667.0,1079382527522.0,5067.412572335797,66.9102439,4951.387183,,,291.771,3.788,,,
Indonesia,IDN,Asia,Upper middle income,2000,216077789.0,1138300071768.0,5268.01054858998,67.25121951,4655.766231,,,281.054,3.699,,,
Indonesia,IDN,Asia,Upper middle income,2001,219097905.0,1185220908414.0,5409.54925339884,67.58573171,4423.79943,,,316.759,4.096,,,
Indonesia,IDN,Asia,Upper middle income,2002,222088499.0,1244249942443.0,5602.49606821378,67.91426829,4227.42126,,,308.201,3.647,,,
Indonesia,IDN,Asia,Upper middle income,2003,225048005.0,1309811268640.0,5820.141656621217,68.23631707,4041.243161,,,339.024,3.195,,,
Indonesia,IDN,Asia,Upper middle income,2004,227926649.0,1387446383159.0,6087.249513149294,68.55039024,3884.295616,,90.384789,342.709,3.415,,4.9469780921936,
Indonesia,IDN,Asia,Upper middle income,2005,230871648.0,1474875329634.0,6388.2912536493,68.85443902,3641.337348,,,347.361,3.494,,5.10121393203735,
Indonesia,IDN,Asia,Upper middle income,2006,233951650.0,1565012923832.0,6689.471623012703,69.14595122,3500.763265,,91.982269,346.366,3.234,,4.81530952453613,
Indonesia,IDN,Asia,Upper middle income,2007,237062338.0,1674227359084.0,7062.39284235862,69.42290244,3365.997412,,,387.577,3.374,,5.47236108779907,
Indonesia,IDN,Asia,Upper middle income,2008,240157902.0,1809491142510.0,7534.589232504205,69.68529268,3267.68137,,92.192299,365.384,3.62,,5.45729923248291,
Indonesia,IDN,Asia,Upper middle income,2009,243220024.0,1905717479305.0,7835.364243303421,69.93309756,3139.78957,,92.581703,398.624,3.736,,5.17260837554932,
Indonesia,IDN,Asia,Upper middle income,2010,246305327.0,2039334560589.0,8279.701399186548,70.16785366,2963.739897,,,445.37,4.417,,5.36777400970459,
Indonesia,IDN,Asia,Upper middle income,2011,249470029.0,2178184530109.0,8731.247351997543,70.39156098,2815.912225,,92.811913,500.458,3.554,,5.29223775863647,
Indonesia,IDN,Asia,Upper middle income,2012,252698525.0,2309530044109.0,9139.467846553516,70.6072439,2696.493062,,,515.77,3.577,,5.59737539291382,
Indonesia,IDN,Asia,Upper middle income,2013,255852464.0,2437876929100.0,9528.448118052911,70.81743902,2624.7997,,,493.435,4.534,,5.042799949646,
Indonesia,IDN,Asia,Upper middle income,2014,258877395.0,2559933272409.0,9888.5932949418,,2501.537892,,95.116219,498.029,4.708,,5.13632535934448,
Indonesia,IDN,Asia,Upper middle income,2015,261799249.0,2684763880628.0,10255.04806023336,,2413.573163,,95.437683,551.16,4.003,,5.09840154647827,
Indonesia,IDN,Asia,Upper middle income,2016,264627429.0,2819889903036.0,10656.075652067042,,2325.516447,,,547.969,5.81,,5.34029579162598,
Indonesia,IDN,Asia,Upper middle income,2017,267346654.0,2962852274581.0,11082.436343418758,,2249.603275,,,570.928,5.518,,5.34651279449463,
Indonesia,IDN,Asia,Upper middle income,2018,269951847.0,3116158974437.0,11543.388234113472,,,,,607.378,8.029,,,
Indonesia,IDN,Asia,Upper middle income,2019,272489381.0,3272568062078.0,12009.892092191292,,,,,665.049,8.613,,5.34450006484985,
Indonesia,IDN,Asia,Upper middle income,2020,274814861.0,3204972631957.0,11662.297374656897,,,,,623.304,10.644,,5.23960018157959,
Indonesia,IDN,Asia,Upper middle income,2021,276758056.0,3323654666991.0,12009.242711948375,,,,,632.946,11.076,,,
Indonesia,IDN,Asia,Upper middle income,2022,278830527.0,3500093638879.0,12552.763417037906,,,,,758.021,10.208,,,
Indonesia,IDN,Asia,Upper middle income,2023,281190068.0,,,,,,,762.358,10.695,,,
Iran,IRN,Asia,Upper middle income,1990,58380098.0,318478243281.0,5455.253659920201,63.44595122,5034.345347,,,211.075,2.531,,,
Iran,IRN,Asia,Upper middle income,1991,59986931.0,376283104666.0,6272.751387564735,64.68682927,4801.550758,,65.531403,223.042,1.771,,,
Iran,IRN,Asia,Upper middle income,1992,61184982.0,424984709524.0,6945.8990692193065,65.72936585,4801.780009,,,228.194,2.631,,,
Iran,IRN,Asia,Upper middle income,1993,61403548.0,419990120256.0,6839.834731634725,66.59046341,4766.420235,,,236.993,3.255,,,
Iran,IRN,Asia,Upper middle income,1994,61520598.0,419488447798.0,6818.666616309549,67.27202439,4665.910199,,,264.822,1.901,,,
Iran,IRN,Asia,Upper middle income,1995,62205571.0,437566117340.0,7034.195013498068,67.79543902,4556.626296,,,270.875,2.188,,,
Iran,IRN,Asia,Upper middle income,1996,62881298.0,483475486274.0,7688.700800578258,68.20204878,4323.186143,,73.060249,276.62,2.13,,,
Iran,IRN,Asia,Upper middle income,1997,63639637.0,512736336735.0,8056.870857622899,68.54812195,4059.614737,,,269.263,1.393,,,
Iran,IRN,Asia,Upper middle income,1998,64519866.0,541099749969.0,8386.560349784359,68.8837561,3768.994205,,,305.642,1.685,,,
Iran,IRN,Asia,Upper middle income,1999,65445389.0,563869043718.0,8615.871222310254,69.23253659,3553.193279,,,374.452,1.081,,,
Iran,IRN,Asia,Upper middle income,2000,66418661.0,595554549032.0,8966.675028754344,69.60770732,3529.402661,,,367.213,0.76,,,
Iran,IRN,Asia,Upper middle income,2001,67452005.0,636570203280.0,9437.380004938326,70.0042439,3658.521056,,,389.912,0.77,,,
Iran,IRN,Asia,Upper middle income,2002,68011318.0,698059655739.0,10263.874841228631,70.40119512,3753.821037,,77.0,397.031,1.356,,,
Iran,IRN,Asia,Upper middle income,2003,68769343.0,779969698412.0,11341.82274232284,70.78136585,3750.738822,,,410.967,1.584,,5.30819034576416,
Iran,IRN,Asia,Upper middle income,2004,70256316.0,849441950372.0,12090.613324672475,71.14534146,3605.312966,,,442.119,1.774,,,
Iran,IRN,Asia,Upper middle income,2005,71828455.0,908856025194.0,12653.14735217401,71.49331707,3463.047448,,82.4412,466.795,2.014,,5.33637142181396,
Iran,IRN,Asia,Upper middle income,2006,73392747.0,995245162302.0,13560.538377205039,71.8295122,3316.025144,,82.331322,501.015,2.353,,5.12898826599121,
Iran,IRN,Asia,Upper middle income,2007,74602648.0,1098784519617.0,14728.492206027326,72.15860976,3177.554302,,,507.771,2.139,,,
Iran,IRN,Asia,Upper middle income,2008,75514201.0,1132365762681.0,14995.401496481436,72.4842439,3043.945011,,82.962303,528.528,0.867,,,
Iran,IRN,Asia,Upper middle income,2009,76457831.0,1208128386676.0,15801.238027220521,72.80792683,2881.508409,,,543.406,0.767,,4.76750707626343,
Iran,IRN,Asia,Upper middle income,2010,77420851.0,1310507059384.0,16927.055727971783,73.13014634,2721.029654,,,561.496,1.106,,4.60892772674561,
Iran,IRN,Asia,Upper middle income,2011,78383602.0,1345049307937.0,17159.830291251477,73.44931707,2559.624816,,,576.366,1.109,,5.13957929611206,
Iran,IRN,Asia,Upper middle income,2012,79370583.0,1324570752684.0,16688.43421099729,73.76273171,2430.270241,,83.625992,599.278,1.284,,4.68222427368164,
Iran,IRN,Asia,Upper middle income,2013,80414689.0,1287095594893.0,16005.727447295109,74.0687561,2291.132324,,84.626801,609.997,1.423,,4.74995565414429,
Iran,IRN,Asia,Upper middle income,2014,81502045.0,1352737013920.0,16597.583703819946,,2113.454713,,,644.228,1.349,,4.65273094177246,
Iran,IRN,Asia,Upper middle income,2015,82619365.0,1331012211481.0,16110.17237279662,,1892.368859,,87.172531,641.959,1.23,,4.71678304672241,
Iran,IRN,Asia,Upper middle income,2016,83812230.0,1413723685657.0,16867.749320797215,,1562.852152,,,644.68,1.344,,4.27811765670776,
Iran,IRN,Asia,Upper middle income,2017,85026761.0,1486668357750.0,17484.71116934585,,1392.306919,,,696.407,1.462,,5.00614595413208,
Iran,IRN,Asia,Upper middle income,2018,86117999.0,1483607175221.0,17227.608542332713,,,,,664.523,0.864,,4.8645281791687,
Iran,IRN,Asia,Upper middle income,2019,87051649.0,1438754460224.0,16527.595706130734,,,,,727.269,2.641,,4.72119998931885,
Iran,IRN,Asia,Upper middle income,2020,87723448.0,1446203709942.0,16485.94238956499,,,,,745.596,1.802,,4.88789987564087,
Iran,IRN,Asia,Upper middle income,2021,88455490.0,1525523070071.0,17246.22259252648,,,,,779.525,1.14,,,
Iran,IRN,Asia,Upper middle income,2022,89524247.0,1572209055082.0,17561.823838428933,,,,,767.178,1.112,,,
Iran,IRN,Asia,Upper middle income,2023,90608708.0,,,,,,,789.676,1.68,,,
Iraq,IRQ,Asia,Upper middle income,1990,17581208.0,71051759191.0,4041.346828443188,68.40256098,4248.760064,,,49.683,5.453,,,
Iraq,IRQ,Asia,Upper middle income,1991,17767257.0,26538332738.0,1493.665158217726,69.25097561,3969.380183,,,45.505,3.982,,,
Iraq,IRQ,Asia,Upper middle income,1992,18300849.0,36550621836.0,1997.2090822671669,69.91170732,3775.784307,,,59.02,6.114,,,
Iraq,IRQ,Asia,Upper middle income,1993,19201195.0,39244447591.0,2043.8544367160482,70.40931707,3982.220993,,,63.263,5.43,,,
Iraq,IRQ,Asia,Upper middle income,1994,20139818.0,39993906175.0,1985.8126908098177,70.74865854,4014.193826,,,76.573,4.862,,,
Iraq,IRQ,Asia,Upper middle income,1995,20825859.0,39049963235.0,1875.0709507348533,70.94656098,4029.231273,,,79.841,5.564,,,
Iraq,IRQ,Asia,Upper middle income,1996,21501321.0,47130675910.0,2191.9897809999675,71.03129268,3985.760834,,,74.823,5.065,,,
Iraq,IRQ,Asia,Upper middle income,1997,22176604.0,48594367863.0,2191.24478495445,71.04034146,3905.923622,,,76.296,4.349,,,
Iraq,IRQ,Asia,Upper middle income,1998,22884402.0,59869187777.0,2616.1569691443106,71.00292683,3794.276538,,,80.984,5.437,,,
Iraq,IRQ,Asia,Upper middle income,1999,23636530.0,69697267568.0,2948.709796573355,70.93470732,3650.030699,,,82.416,4.325,,,
Iraq,IRQ,Asia,Upper middle income,2000,24424060.0,83019213791.0,3399.075083790328,70.82992683,3530.413177,,74.0522,83.722,2.757,,,
Iraq,IRQ,Asia,Upper middle income,2001,25197842.0,97219510326.0,3858.2474771450666,70.66741463,3412.54217,,,96.802,2.842,,,
Iraq,IRQ,Asia,Upper middle income,2002,26006558.0,112141846978.0,4312.060326399211,70.43104878,3368.717053,,,97.09,3.656,,,
Iraq,IRQ,Asia,Upper middle income,2003,26802660.0,94480598969.0,3525.045609987964,70.12356098,3389.38022,,,101.424,4.274,,,
Iraq,IRQ,Asia,Upper middle income,2004,27577876.0,155937247290.0,5654.432824703396,69.76865854,3285.197386,,,113.016,4.794,,,
Iraq,IRQ,Asia,Upper middle income,2005,28407450.0,170895694120.0,6015.875910016563,69.40790244,3337.314347,,,114.282,4.279,,,
Iraq,IRQ,Asia,Upper middle income,2006,28616518.0,190082841273.0,6642.41684725584,69.09156098,3334.608682,,,98.838,4.466,,4.58984470367432,
Iraq,IRQ,Asia,Upper middle income,2007,28391606.0,200529416438.0,7062.982503983748,68.85946341,3100.568651,,,61.361,4.029,,4.77531671524048,
Iraq,IRQ,Asia,Upper middle income,2008,28971042.0,231588128927.0,7993.779751760396,68.73468293,2905.539897,,,94.335,2.24,,5.06546211242676,
Iraq,IRQ,Asia,Upper middle income,2009,30058207.0,259745648872.0,8641.421920875055,68.72795122,2791.844498,,,105.211,2.191,,4.72536611557007,
Iraq,IRQ,Asia,Upper middle income,2010,31045367.0,297507194079.0,9582.982030104524,68.8297561,2657.423408,,,113.983,2.404,,4.65950870513916,
Iraq,IRQ,Asia,Upper middle income,2011,32161425.0,344220720679.0,10702.906375541506,69.01578049,2465.949799,,,123.526,2.177,,4.72501707077026,
Iraq,IRQ,Asia,Upper middle income,2012,33654843.0,392191319237.0,11653.339735888829,69.24192683,2314.247463,,,134.04,2.572,,4.54150247573853,
Iraq,IRQ,Asia,Upper middle income,2013,35281987.0,422107689937.0,11963.829869814304,69.47168293,2237.620709,,,141.704,2.456,,4.49337720870972,
Iraq,IRQ,Asia,Upper middle income,2014,36550058.0,425222855485.0,11633.985792443886,,2192.596078,,79.5187,137.513,1.544,,4.41253709793091,
Iraq,IRQ,Asia,Upper middle income,2015,37560535.0,436010743372.0,11608.214403016358,,2080.319577,,79.721764,142.53,1.4,,4.46239900588989,
Iraq,IRQ,Asia,Upper middle income,2016,38469628.0,502280002568.0,13056.533912103336,,1982.443057,,,153.132,1.709,,4.88640069961548,
Iraq,IRQ,Asia,Upper middle income,2017,39337358.0,485207548291.0,12334.523032558516,,1913.346863,,,167.472,0.934,,,
Iraq,IRQ,Asia,Upper middle income,2018,40265629.0,508026800522.0,12616.884751061507,,,,,186.156,0.877,,4.78516530990601,
Iraq,IRQ,Asia,Upper middle income,2019,41192172.0,537548265143.0,13049.767444722263,,,,,191.778,1.982,,4.85410022735596,
Iraq,IRQ,Asia,Upper middle income,2020,42116602.0,453147782672.0,10759.362369072414,,,,,172.098,1.887,,4.94089984893799,
Iraq,IRQ,Asia,Upper middle income,2021,43071208.0,487935979007.0,11328.588206929326,,,,,193.115,1.484,,,
Iraq,IRQ,Asia,Upper middle income,2022,44070556.0,527639326800.0,11972.604266667297,,,,,217.644,1.095,,,
Iraq,IRQ,Asia,Upper middle income,2023,45074055.0,,,,,,,227.91,0.598,,,
Ireland,IRL,Europe,High income,1990,3514015.0,66087470680.0,18806.826573022598,74.74131707,769.5032399,,,32.945,1.644,,,
Ireland,IRL,Europe,High income,1991,3534258.0,67931954747.0,19220.99483031516,74.95053659,707.3747842,,,33.675,1.694,,,
Ireland,IRL,Europe,High income,1992,3558417.0,71260987727.0,20026.03621975727,75.1362439,618.5486008,,,33.496,1.858,,,
Ireland,IRL,Europe,High income,1993,3576118.0,73767381672.0,20627.78176559051,75.29643902,582.7462221,,,33.717,1.727,,,
Ireland,IRL,Europe,High income,1994,3590162.0,78958775461.0,21993.095426055985,75.43763415,572.9986779,,,34.839,1.995,,,
Ireland,IRL,Europe,High income,1995,3610695.0,87444502170.0,24218.19128173385,75.57134146,612.1154434,,,35.853,1.517,,,
Ireland,IRL,Europe,High income,1996,3638507.0,96380321753.0,26488.975217857216,75.83170732,608.3282719,,,37.469,1.511,,,
Ireland,IRL,Europe,High income,1997,3672287.0,108003078862.0,29410.304494719505,75.98536585,603.2420085,,,38.805,1.563,,,
Ireland,IRL,Europe,High income,1998,3711075.0,118588811316.0,31955.379860552534,76.1804878,587.1719973,,,40.708,2.094,,,
Ireland,IRL,Europe,High income,1999,3752938.0,132916954385.0,35416.77330800562,76.08292683,601.565849,,,42.44,1.907,,,
Ireland,IRL,Europe,High income,2000,3802589.0,147722370991.0,38847.84050840099,76.53658537,602.6818779,,,45.25,1.92,,,
Ireland,IRL,Europe,High income,2001,3862981.0,158384851025.0,41000.680827837365,77.13414634,606.8963943,,,47.608,1.57,,,
Ireland,IRL,Europe,High income,2002,3928441.0,169226186783.0,43077.18679827443,77.63414634,549.7046029,,,46.081,2.106,,,
Ireland,IRL,Europe,High income,2003,3992935.0,177468844871.0,44445.71345914722,78.13902439,520.9445694,,99.0,45.684,1.775,,,
Ireland,IRL,Europe,High income,2004,4066066.0,191402766075.0,47073.20689703512,78.53902439,466.359091,,,46.167,2.123,,7.14424657821655,
Ireland,IRL,Europe,High income,2005,4155283.0,204898243531.0,49310.29812674612,78.94390244,418.8658306,,,48.153,2.716,,,
Ireland,IRL,Europe,High income,2006,4268775.0,219162994472.0,51340.957176707605,79.24146341,408.1879767,,,47.597,3.451,,7.56802988052368,
Ireland,IRL,Europe,High income,2007,4393518.0,230371638354.0,52434.43599275114,79.64146341,389.633983,,,47.658,3.934,,7.04591131210327,
Ireland,IRL,Europe,High income,2008,4485992.0,223067117042.0,49725.25966207697,80.09512195,394.0583458,,,47.361,5.203,,7.25738954544067,
Ireland,IRL,Europe,High income,2009,4533750.0,215181048184.0,47462.0453673008,80.1902439,367.7345503,,,42.177,6.704,,7.00690412521362,
Ireland,IRL,Europe,High income,2010,4559084.0,221852442105.0,48661.62634972289,80.74390244,372.4495095,,,41.791,6.149,,6.96464538574219,
Ireland,IRL,Europe,High income,2011,4579603.0,224397469453.0,48999.32798825575,80.74634146,351.62941,,,38.054,9.032,,6.760085105896,
Ireland,IRL,Europe,High income,2012,4600135.0,217871560184.0,47361.99267717143,80.89512195,336.9705824,,,38.224,8.861,,7.01837921142578,
Ireland,IRL,Europe,High income,2013,4624686.0,222738952818.0,48163.043462410205,81.04390244,346.3422979,,,37.279,9.648,,6.83012533187866,
Ireland,IRL,Europe,High income,2014,4658236.0,236178350686.0,50701.241990744995,,339.4228171,,,36.85,10.938,,7.04073143005371,
Ireland,IRL,Europe,High income,2015,4702497.0,249955928768.0,53153.87309508119,,340.2255567,,,38.715,12.506,,7.06015539169312,
Ireland,IRL,Europe,High income,2016,4753506.0,255118282428.0,53669.49835090142,,314.2036072,,,40.369,11.537,,6.96233558654785,
Ireland,IRL,Europe,High income,2017,4810258.0,266528546717.0,55408.368265693854,,310.7764911,,,39.04,13.692,,7.25484132766724,
Ireland,IRL,Europe,High income,2018,4872559.0,282500483309.0,57977.847637966006,,,,,38.922,15.142,,7.03493070602417,
Ireland,IRL,Europe,High income,2019,4933493.0,294503693886.0,59694.7626936939,,,,,37.2,17.39,,7.08529996871948,
Ireland,IRL,Europe,High income,2020,4982602.0,274762344680.0,55144.349213523376,,,,,35.053,20.819,,7.04080009460449,
Ireland,IRL,Europe,High income,2021,5028428.0,287639621097.0,57202.692590407976,,,,,37.474,17.799,,,
Ireland,IRL,Europe,High income,2022,5110015.0,308390920561.0,60350.2965374857,,,,,36.676,19.42,,,
Ireland,IRL,Europe,High income,2023,5196629.0,,,,,,,33.568,21.82,,,
Israel,ISR,Asia,High income,1990,4544995.0,93268265028.0,20521.092988661152,76.60731707,987.9685911,,,35.824,0.006,,,
Israel,ISR,Asia,High income,1991,4779892.0,97235343963.0,20342.581791178545,76.75853659,944.5735298,,,36.148,0.013,,,
Israel,ISR,Asia,High income,1992,4957240.0,103860017405.0,20951.177954870047,76.50487805,925.9175915,,,42.082,0.053,,,
Israel,ISR,Asia,High income,1993,5086041.0,107424032339.0,21121.34611950631,77.15365854,817.2967984,,,44.235,0.043,,,
Israel,ISR,Asia,High income,1994,5216697.0,114572102371.0,21962.575624192858,77.40243902,734.6397573,,,47.475,0.037,,,
Israel,ISR,Asia,High income,1995,5354734.0,125219738356.0,23384.866242842316,77.45121951,680.5493742,,,49.866,0.036,,,
Israel,ISR,Asia,High income,1996,5499555.0,131748252991.0,23956.166088165315,78.10487805,641.9558573,,,51.936,0.033,,,
Israel,ISR,Asia,High income,1997,5646476.0,136529502967.0,24179.595019442215,78.0,634.3086824,,,54.866,0.031,,,
Israel,ISR,Asia,High income,1998,5790143.0,141524295423.0,24442.279823313518,78.14878049,605.1213241,,,56.01,0.03,,,
Israel,ISR,Asia,High income,1999,5946079.0,146070391087.0,24565.834239168365,78.65853659,579.2830916,,,54.756,0.038,,,
Israel,ISR,Asia,High income,2000,6111194.0,158656383479.0,25961.601526477476,78.95365854,537.4726242,,,59.519,0.038,,,
Israel,ISR,Asia,High income,2001,6259977.0,158567053954.0,25330.293378713694,79.40731707,512.0391705,,,63.024,0.024,,,
Israel,ISR,Asia,High income,2002,6387714.0,158018046039.0,24737.80855545505,79.45121951,528.937402,,,59.305,0.088,,,
Israel,ISR,Asia,High income,2003,6502821.0,159162904545.0,24475.97812472464,79.64878049,494.4605105,,,62.415,0.099,,,
Israel,ISR,Asia,High income,2004,6615084.0,166466423998.0,25164.672738547237,80.14634146,453.6929821,,97.099998,58.679,0.094,,7.17341709136963,
Israel,ISR,Asia,High income,2005,6728212.0,172697410123.0,25667.652880586997,80.15121951,430.8739566,,,56.528,0.117,,6.84111499786377,
Israel,ISR,Asia,High income,2006,6844029.0,181910800706.0,26579.49004979377,80.55365854,424.5698426,,,62.149,0.068,,7.26126146316528,
Israel,ISR,Asia,High income,2007,6962456.0,192596811708.0,27662.19444805109,80.50487805,402.3473464,,,62.8,0.06,,7.35297918319702,
Israel,ISR,Asia,High income,2008,7082621.0,197785749719.0,27925.502397911732,80.95121951,401.8243273,,,67.98,0.069,,7.35891628265381,
Israel,ISR,Asia,High income,2009,7206096.0,199771084186.0,27722.512187736604,81.40487805,387.6054031,,,63.861,0.149,,7.43314790725708,
Israel,ISR,Asia,High income,2010,7336735.0,210327630432.0,28667.74259013035,81.60243902,365.2750069,,,68.287,0.222,,7.1108546257019,
Israel,ISR,Asia,High income,2011,7471023.0,220210380263.0,29475.264667636548,81.65609756,352.6702064,,,68.595,0.353,,7.32056331634521,
Israel,ISR,Asia,High income,2012,7607781.0,225909436249.0,29694.52409960276,81.70487805,346.6863407,,,74.781,0.502,,7.40057039260864,
Israel,ISR,Asia,High income,2013,7749369.0,235885601546.0,30439.33016301069,82.05609756,321.3390472,,,63.095,0.583,,7.07941102981567,
Israel,ISR,Asia,High income,2014,7897173.0,245129958334.0,31040.21633235083,,335.0986592,,,60.279,0.987,,7.159010887146,
Israel,ISR,Asia,High income,2015,8052916.0,251223879854.0,31196.63484059687,,308.4185381,,,62.936,1.269,,7.33103609085083,
Israel,ISR,Asia,High income,2016,8210006.0,262584215516.0,31983.437711982184,,301.2479004,,,61.164,1.746,,6.92717885971069,
Israel,ISR,Asia,High income,2017,8361796.0,273812314306.0,32745.63434769277,,285.1116599,,,58.849,1.75,,7.33177995681763,
Israel,ISR,Asia,High income,2018,8510067.0,284956472967.0,33484.63331334524,,,,,59.986,1.89,,7.19492816925049,
Israel,ISR,Asia,High income,2019,8657466.0,296799271432.0,34282.464572428005,,,,,58.95,2.903,,7.15710020065308,
Israel,ISR,Asia,High income,2020,8800380.0,291287719910.0,33099.447968155924,,,,,59.285,4.024,,7.36380004882812,
Israel,ISR,Asia,High income,2021,8942925.0,316373426613.0,35376.951792953645,,,,,58.95,4.889,,,
Israel,ISR,Asia,High income,2022,9103143.0,336722563455.0,36989.70382592035,,,,,62.267,5.387,,,
Israel,ISR,Asia,High income,2023,9256311.0,,,,,,,55.382,7.83,,,
Italy,ITA,Europe,High income,1990,57031457.0,1475485283347.0,25871.428873840625,76.97073171,838.2180852,,,438.208,4.568,,,
Italy,ITA,Europe,High income,1991,57075394.0,1509175668697.0,26441.79151346726,77.0195122,818.6276864,,,437.742,6.125,,,
Italy,ITA,Europe,High income,1992,57124993.0,1531924051790.0,26817.054520951977,77.4195122,780.7879608,,,437.937,6.129,,,
Italy,ITA,Europe,High income,1993,57170762.0,1529550155063.0,26754.062768360513,77.72195122,703.1753393,,,430.268,6.154,,,
Italy,ITA,Europe,High income,1994,57420136.0,1573414707872.0,27401.793473146772,77.92195122,653.4056847,,,424.507,6.574,,,
Italy,ITA,Europe,High income,1995,57403342.0,1630199200435.0,28399.029457814493,78.17073171,630.4806219,,,448.596,5.386,,,
Italy,ITA,Europe,High income,1996,57162098.0,1662793011167.0,29089.08296485199,78.52195122,619.5171297,,,442.843,5.983,,,
Italy,ITA,Europe,High income,1997,57189272.0,1705188033729.0,29816.571781662125,78.82439024,573.1202678,,,448.571,5.928,,,
Italy,ITA,Europe,High income,1998,57215190.0,1744897501196.0,30497.102276440924,78.97560976,524.3605356,,,460.824,5.959,,,
Italy,ITA,Europe,High income,1999,57240796.0,1784529161518.0,31175.827141152964,79.42439024,507.5514209,,,465.508,6.543,,,
Italy,ITA,Europe,High income,2000,57272200.0,1863751547560.0,32541.993280509567,79.77804878,462.9694527,,,469.598,6.853,,,
Italy,ITA,Europe,High income,2001,57305760.0,1910272015654.0,33334.72962672513,80.12682927,464.267314,,98.416618,469.679,7.295,,,
Italy,ITA,Europe,High income,2002,57420636.0,1929301903714.0,33599.45201084154,80.22926829,442.8190483,,,477.136,6.453,,,
Italy,ITA,Europe,High income,2003,57739697.0,1947667703883.0,33731.8656847645,79.98292683,413.2124382,,,495.094,6.06,,6.85378360748291,
Italy,ITA,Europe,High income,2004,58176736.0,1994293720592.0,34279.91767348378,80.7804878,401.2986464,,,500.687,6.893,,,
Italy,ITA,Europe,High income,2005,58519696.0,2029243417217.0,34676.246732672706,80.78292683,383.808789,,,501.365,6.161,,6.57441234588623,
Italy,ITA,Europe,High income,2006,58754434.0,2086553648584.0,35513.126525633794,81.28292683,382.7959932,,,496.075,6.427,,6.77977418899536,
Italy,ITA,Europe,High income,2007,59108723.0,2134371774096.0,36109.25199815263,81.43414634,366.0467285,,,489.794,6.173,,6.33380031585693,
Italy,ITA,Europe,High income,2008,59561687.0,2129113318512.0,35746.35685708499,81.48536585,363.8101783,,,478.132,7.803,,6.35423803329468,
Italy,ITA,Europe,High income,2009,59904016.0,2029023036275.0,33871.23554913246,81.63658537,359.0759831,,,424.032,10.127,,6.05708646774292,
Italy,ITA,Europe,High income,2010,60164212.0,2080545936781.0,34581.12169375708,82.03658537,334.157555,,,435.672,10.921,,5.83931398391724,
Italy,ITA,Europe,High income,2011,60367882.0,2110883320816.0,34966.99322358204,82.18780488,314.358643,,98.848282,423.897,11.912,,6.00937366485596,
Italy,ITA,Europe,High income,2012,60531522.0,2047959835066.0,33832.9479814831,82.23902439,309.2466804,,,403.444,13.499,,6.0265851020813,
Italy,ITA,Europe,High income,2013,60653864.0,2010255414011.0,33143.07253386198,82.2902439,302.0070667,,,369.461,16.96,,5.84768390655518,
Italy,ITA,Europe,High income,2014,60664169.0,2010164047423.0,33135.936427695895,,293.9562461,,,349.389,18.517,,5.95452404022217,
Italy,ITA,Europe,High income,2015,60575314.0,2025809415322.0,33442.82153158959,,286.5738401,,99.015793,361.244,16.66,,6.19887018203735,
Italy,ITA,Europe,High income,2016,60478103.0,2052012434345.0,33929.84125750439,,273.5599692,,,358.133,16.412,,6.51652669906616,
Italy,ITA,Europe,High income,2017,60390317.0,2086237040647.0,34545.886564016546,,265.355629,,,352.666,15.675,,6.44541692733765,
Italy,ITA,Europe,High income,2018,60277496.0,2105551772855.0,34930.97611179801,,,,,349.048,17.059,,6.48835611343384,
Italy,ITA,Europe,High income,2019,60130136.0,2115725732767.0,35185.77993515597,,,,,339.638,17.412,,6.48309993743896,
Italy,ITA,Europe,High income,2020,59912763.0,1925751927111.0,32142.59918393348,,,,,302.6,19.399,,6.46670007705688,
Italy,ITA,Europe,High income,2021,59729353.0,2060299944789.0,34493.92704436293,,,,,335.93,18.014,,,
Italy,ITA,Europe,High income,2022,59619106.0,2136009300257.0,35827.59694949132,,,,,340.115,15.951,,,
Italy,ITA,Europe,High income,2023,59499452.0,,,,,,,312.291,18.854,,,
Jamaica,JAM,Americas,Upper middle income,1990,2379880.0,14169709989.0,5953.959858900449,70.65370732,2082.565685,,,7.527,,,,
Jamaica,JAM,Americas,Upper middle income,1991,2400873.0,14561139268.0,6064.935241472581,70.54834146,2038.546035,,,7.751,,,,
Jamaica,JAM,Americas,Upper middle income,1992,2424698.0,15185307675.0,6262.7624862972625,70.45060976,2048.935823,,,7.709,,,,
Jamaica,JAM,Americas,Upper middle income,1993,2449913.0,15692820704.0,6405.4603996141905,70.36760976,2017.94727,,,8.001,,,,
Jamaica,JAM,Americas,Upper middle income,1994,2475225.0,16160332925.0,6528.833914088618,70.30539024,1966.889398,,,8.189,,,,
Jamaica,JAM,Americas,Upper middle income,1995,2500152.0,16727506200.0,6690.595691781939,70.26895122,1902.202193,,,9.173,,,,
Jamaica,JAM,Americas,Upper middle income,1996,2524470.0,16930975718.0,6706.744670366453,70.25826829,1877.060618,,,9.688,,,,
Jamaica,JAM,Americas,Upper middle income,1997,2547853.0,16827001355.0,6604.384693700932,70.27278049,1834.539998,,,10.068,,,,
Jamaica,JAM,Americas,Upper middle income,1998,2569740.0,16799001649.0,6537.237871924786,70.31143902,1779.816964,,,9.694,,,,
Jamaica,JAM,Americas,Upper middle income,1999,2589796.0,17139281457.0,6618.004451701987,70.37526829,1708.27156,,79.92012,9.958,,,,
Jamaica,JAM,Americas,Upper middle income,2000,2607827.0,17441468822.0,6688.12341539527,70.47129268,1641.802614,,,10.314,,,,
Jamaica,JAM,Americas,Upper middle income,2001,2624410.0,17823908809.0,6791.586988694602,70.60460976,1629.520721,,,10.576,,,,
Jamaica,JAM,Americas,Upper middle income,2002,2640582.0,18032751164.0,6829.082059939817,70.77573171,1630.734446,,,10.203,,,,
Jamaica,JAM,Americas,Upper middle income,2003,2656629.0,18718066744.0,7045.79628694861,70.98168293,1608.182881,,,10.667,,,,
Jamaica,JAM,Americas,Upper middle income,2004,2672227.0,18987080266.0,7105.339578561253,71.21843902,1577.180183,,,10.574,,,6.20788192749023,
Jamaica,JAM,Americas,Upper middle income,2005,2687070.0,19174940176.0,7136.003221352626,71.47841463,1523.082408,,,10.413,,,,
Jamaica,JAM,Americas,Upper middle income,2006,2700973.0,19747242374.0,7311.1587468664075,71.75607317,1530.043768,,,11.574,,,,
Jamaica,JAM,Americas,Upper middle income,2007,2713808.0,20046356418.0,7386.799809713878,72.04080488,1550.252935,,,10.749,,,,
Jamaica,JAM,Americas,Upper middle income,2008,2725633.0,19893168382.0,7298.549871534429,72.32302439,1554.698919,,,10.776,,,,
Jamaica,JAM,Americas,Upper middle income,2009,2737001.0,19223460566.0,7023.548974223977,72.59414634,1581.086768,,,7.937,,,5.37444639205933,
Jamaica,JAM,Americas,Upper middle income,2010,2748573.0,18949004011.0,6894.124336883176,72.84712195,1591.496993,,,7.677,,,,
Jamaica,JAM,Americas,Upper middle income,2011,2760493.0,19220287418.0,6962.62856598441,73.07639024,1637.498541,,,8.226,,,5.70888662338257,
Jamaica,JAM,Americas,Upper middle income,2012,2772432.0,19123987392.0,6897.910351633512,73.2824878,1664.081346,,,7.887,,,5.31053876876831,
Jamaica,JAM,Americas,Upper middle income,2013,2783689.0,19166827044.0,6885.405317907281,73.46892683,1700.327616,,,8.467,,,,
Jamaica,JAM,Americas,Upper middle income,2014,2793756.0,19277035737.0,6900.04271561296,,1711.551383,,88.132248,7.675,,,,
Jamaica,JAM,Americas,Upper middle income,2015,2802536.0,19444553127.0,6938.1992334799625,,1716.874689,,88.499901,7.966,,,5.8897590637207,
Jamaica,JAM,Americas,Upper middle income,2016,2809919.0,19735837824.0,7023.632291179923,,1702.543053,,,8.134,,,,
Jamaica,JAM,Americas,Upper middle income,2017,2815765.0,19869841700.0,7056.640628745652,,1665.110074,,,7.768,,,6.30923891067505,
Jamaica,JAM,Americas,Upper middle income,2018,2820103.0,20232863013.0,7174.512070303816,,,,,8.061,,,,
Jamaica,JAM,Americas,Upper middle income,2019,2823275.0,20429119874.0,7235.9652793298565,,,,,9.439,,,6.30919981002808,
Jamaica,JAM,Americas,Upper middle income,2020,2830745.0,18402554628.0,6500.958096896753,,,,,6.866,,,5.84959983825684,
Jamaica,JAM,Americas,Upper middle income,2021,2837680.0,19249256856.0,6783.448752502044,,,,,7.313,,,,
Jamaica,JAM,Americas,Upper middle income,2022,2839150.0,20019224153.0,7051.132963386929,,,,,7.908,,,,
Jamaica,JAM,Americas,Upper middle income,2023,2839785.0,,,,,,,8.069,,,,
Japan,JPN,Asia,High income,1990,123399767.0,3699821545804.0,29982.40301218721,78.83682927,460.931532,,,1154.853,5.368,,,
Japan,JPN,Asia,High income,1991,123889870.0,3824677506935.0,30871.59189798972,79.10073171,442.1700698,,,1166.552,5.6,,,
Japan,JPN,Asia,High income,1992,124383707.0,3856515730401.0,31004.9911151225,79.15390244,440.2875537,,,1175.454,4.805,,,
Japan,JPN,Asia,High income,1993,124839955.0,3860865231367.0,30926.518928711565,79.29365854,444.8121364,,,1169.328,5.348,,,
Japan,JPN,Asia,High income,1994,125286861.0,3893220587047.0,31074.45230866627,79.68707317,429.022377,,,1223.158,3.887,,,
Japan,JPN,Asia,High income,1995,125672659.0,3997430939864.0,31808.27852034228,79.53634146,409.6455808,,,1235.873,4.483,,,
Japan,JPN,Asia,High income,1996,125975304.0,4118875121023.0,32695.893482606716,80.2002439,384.3574561,,,1248.69,4.371,,,
Japan,JPN,Asia,High income,1997,126265926.0,4160709430865.0,32951.957528628904,80.42414634,373.2336638,,,1240.98,4.773,,,
Japan,JPN,Asia,High income,1998,126549182.0,4111245191910.0,32487.331225183265,80.50146341,368.3976434,,,1201.334,4.961,,,
Japan,JPN,Asia,High income,1999,126801566.0,4098283065888.0,32320.44520560574,80.57073171,336.4611847,,,1238.121,4.664,,,
Japan,JPN,Asia,High income,2000,127027794.0,4209651870326.0,33139.612503433695,81.07609756,321.3836299,,,1260.203,4.603,,,
Japan,JPN,Asia,High income,2001,127260144.0,4224163277272.0,33193.13607936826,81.41707317,302.6191941,,,1245.935,4.508,,,
Japan,JPN,Asia,High income,2002,127484599.0,4226576076119.0,33153.62098067234,81.56341463,294.1042863,,99.0,1275.42,4.514,,,
Japan,JPN,Asia,High income,2003,127671254.0,4288493482445.0,33590.12579640676,81.76,284.9497438,,,1283.845,5.098,,6.51581716537476,
Japan,JPN,Asia,High income,2004,127815769.0,4380398118363.0,34271.18697977712,82.0302439,274.8266887,,,1279.122,5.023,,,
Japan,JPN,Asia,High income,2005,127913331.0,4450600710060.0,34793.87703585016,81.92512195,275.3552092,,,1286.412,4.52,,6.23819780349731,
Japan,JPN,Asia,High income,2006,127997247.0,4514225078439.0,35268.141965889314,82.32195122,271.4951305,,,1263.44,5.011,,5.91067934036255,
Japan,JPN,Asia,High income,2007,128087683.0,4590814009043.0,35841.18239567969,82.50707317,259.5836779,,,1298.974,4.499,,5.84499931335449,
Japan,JPN,Asia,High income,2008,128155992.0,4542408020234.0,35444.36705100765,82.58756098,254.450164,,,1228.687,4.561,,6.05675268173218,
Japan,JPN,Asia,High income,2009,128192471.0,4298103109270.0,33528.51439512388,82.93146341,238.011021,,,1160.253,4.756,,6.26279354095459,
Japan,JPN,Asia,High income,2010,128185273.0,4480295644398.0,34951.71902000006,82.84268293,234.1702311,,,1211.09,5.404,,5.96821641921997,
Japan,JPN,Asia,High income,2011,128096430.0,4468738319171.0,34885.73662178563,82.59121951,235.7640293,,,1261.181,5.447,,5.95936155319214,
Japan,JPN,Asia,High income,2012,127928283.0,4530172048567.0,35411.80997924439,83.09609756,225.0078075,,,1302.113,5.379,,5.92262077331543,
Japan,JPN,Asia,High income,2013,127723642.0,4621006950566.0,36179.73053544777,83.33195122,211.0468647,,,1311.876,5.829,,5.87968444824219,
Japan,JPN,Asia,High income,2014,127486601.0,4634693421103.0,36354.357122620284,,208.47689,,,1260.272,6.604,,5.95465087890625,
Japan,JPN,Asia,High income,2015,127275868.0,4707025000790.0,36982.85523214817,,195.6088218,,,1219.982,7.685,,5.9106764793396,
Japan,JPN,Asia,High income,2016,127159950.0,4742508721138.0,37295.616435347765,,186.1606017,,,1199.933,7.593,,5.79357528686523,
Japan,JPN,Asia,High income,2017,127064686.0,4821960242931.0,37948.86206959973,,182.5704198,,,1184.392,8.029,,5.90803909301758,
Japan,JPN,Asia,High income,2018,126913432.0,4852985093686.0,38238.54589076119,,,,,1138.55,8.65,,6.1179633140564,
Japan,JPN,Asia,High income,2019,126699421.0,4833467877373.0,38149.09207338051,,,,,1102.063,8.871,,5.94049978256226,
Japan,JPN,Asia,High income,2020,126304533.0,4626661481209.0,36631.001052107924,,,,,1037.285,10.457,,6.03889989852905,
Japan,JPN,Asia,High income,2021,125679342.0,4725883595048.0,37602.70796968367,,,,,1058.502,10.814,,,
Japan,JPN,Asia,High income,2022,124997585.0,4774494846664.0,38196.69673349289,,,,,1029.645,11.154,,,
Japan,JPN,Asia,High income,2023,124370947.0,,,,,,,986.91,11.965,,,
Jordan,JOR,Asia,Upper middle income,1990,3621915.0,19715854104.0,5443.488901313255,69.92085366,3740.684415,,,10.59,,,,
Jordan,JOR,Asia,Upper middle income,1991,3915152.0,21426578689.0,5472.732269143063,70.15731707,3687.614886,,,9.991,,,,
Jordan,JOR,Asia,Upper middle income,1992,4127699.0,24977190661.0,6051.117259519166,70.37226829,3596.956454,,,12.189,,,,
Jordan,JOR,Asia,Upper middle income,1993,4348018.0,25755431445.0,5923.48776959985,70.5687561,3490.640619,,,12.008,,,,
Jordan,JOR,Asia,Upper middle income,1994,4561409.0,26713865287.0,5856.494185678153,70.7512439,3393.936558,,,13.521,,,,
Jordan,JOR,Asia,Upper middle income,1995,4752097.0,28214801077.0,5937.336943458856,70.92573171,3331.591505,,,13.451,,,,
Jordan,JOR,Asia,Upper middle income,1996,4912518.0,29005289260.0,5904.362947881311,71.09568293,3293.261692,,,14.074,,,,
Jordan,JOR,Asia,Upper middle income,1997,5046287.0,30403319446.0,6024.889081021353,71.26356098,3251.110829,,,14.308,,,,
Jordan,JOR,Asia,Upper middle income,1998,5164290.0,31929861575.0,6182.817304024367,71.43287805,3213.696986,,,14.447,,,,
Jordan,JOR,Asia,Upper middle income,1999,5276450.0,33702407072.0,6387.326151484426,71.60509756,3156.955932,,,14.467,,,,
Jordan,JOR,Asia,Upper middle income,2000,5386945.0,35825242090.0,6650.382005013974,71.7797561,3086.439281,,,15.401,,,,
Jordan,JOR,Asia,Upper middle income,2001,5498900.0,38405924481.0,6984.292218625544,71.95636585,2989.299405,,,15.858,,,,
Jordan,JOR,Asia,Upper middle income,2002,5616077.0,41327374100.0,7358.762014837047,72.1324878,2873.18407,,,16.707,,,,
Jordan,JOR,Asia,Upper middle income,2003,5741837.0,43669159351.0,7605.433479041638,72.30460976,2747.325966,,89.892319,17.273,,,6.29466009140015,
Jordan,JOR,Asia,Upper middle income,2004,5882066.0,47936969925.0,8149.682428758875,72.4737561,2606.097083,,,19.003,,,,
Jordan,JOR,Asia,Upper middle income,2005,6029597.0,52217618202.0,8660.216960105294,72.63890244,2285.629281,,91.130753,20.79,,,5.59805727005005,
Jordan,JOR,Asia,Upper middle income,2006,6427377.0,59977821392.0,9331.617142109448,72.80104878,2272.448183,,,20.829,,,4.93005800247192,
Jordan,JOR,Asia,Upper middle income,2007,6827235.0,68285595085.0,10001.94003648622,72.96119512,2220.044252,,92.199577,21.7,,,5.99985933303833,
Jordan,JOR,Asia,Upper middle income,2008,6989874.0,72788636146.0,10413.440377609095,73.11978049,2126.542057,,,20.987,,,5.56994247436523,
Jordan,JOR,Asia,Upper middle income,2009,7141763.0,76172493182.0,10665.782830093915,73.27834146,2020.644001,,,21.545,,,5.53932762145996,
Jordan,JOR,Asia,Upper middle income,2010,7297046.0,77493873619.0,10619.89654704109,73.43587805,1919.401705,,92.551041,20.838,,,5.13199615478516,
Jordan,JOR,Asia,Upper middle income,2011,7480431.0,79441955134.0,10619.970311068975,73.59187805,1898.516238,,95.904449,21.409,,,5.17195272445679,
Jordan,JOR,Asia,Upper middle income,2012,7587133.0,81371594307.0,10724.946340995999,73.74739024,1762.616846,,97.89032,24.069,,,5.33302164077759,
Jordan,JOR,Asia,Upper middle income,2013,7991812.0,83495396478.0,10447.61769646233,73.90141463,1722.276633,,,24.061,,,5.4045934677124,
Jordan,JOR,Asia,Upper middle income,2014,8791715.0,86320876820.0,9818.434380550325,,1730.954099,,,26.165,,,5.27128458023071,
Jordan,JOR,Asia,Upper middle income,2015,9544730.0,88475445240.0,9269.559771727434,,1677.663765,,98.014351,25.799,,,4.80808258056641,
Jordan,JOR,Asia,Upper middle income,2016,10006369.0,90239641982.0,9018.220493567647,,1624.166581,,,24.949,,,4.63893365859985,
Jordan,JOR,Asia,Upper middle income,2017,10234227.0,92472176531.0,9035.579974042006,,1573.533901,,,26.08,,,4.45254802703857,
Jordan,JOR,Asia,Upper middle income,2018,10462310.0,94246709824.0,9008.212318694437,,,,,25.419,,,4.09399175643921,
Jordan,JOR,Asia,Upper middle income,2019,10671893.0,96062846478.0,9001.481412716563,,,,,24.57,,,4.39459991455078,
Jordan,JOR,Asia,Upper middle income,2020,10865232.0,94554674762.0,8702.49938169751,,,,,20.622,,,4.15210008621216,
Jordan,JOR,Asia,Upper middle income,2021,11066356.0,96661338596.0,8734.7035099901,,,,,21.19,,,,
Jordan,JOR,Asia,Upper middle income,2022,11256269.0,99281825499.0,8820.136183579123,,,,,22.428,,,,
Jordan,JOR,Asia,Upper middle income,2023,11439220.0,,,,,,,23.119,,,,
Kazakhstan,KAZ,Asia,Upper middle income,1990,17154060.0,194940979656.0,11364.130687195917,68.33658537,2974.988393,,,267.405,2.384,,,
Kazakhstan,KAZ,Asia,Upper middle income,1991,17278604.0,174429524072.0,10095.116716142114,67.98292683,3007.1648,,,260.421,2.333,,,
Kazakhstan,KAZ,Asia,Upper middle income,1992,17332624.0,166043944401.0,9579.850367780435,67.73170732,3060.81921,,,233.523,2.254,,,
Kazakhstan,KAZ,Asia,Upper middle income,1993,17274487.0,151572718863.0,8774.368747563965,66.72682927,3057.395628,,,207.559,2.838,,,
Kazakhstan,KAZ,Asia,Upper middle income,1994,17043775.0,133221794942.0,7816.448817354137,65.67317073,3019.603004,,,174.671,3.836,,,
Kazakhstan,KAZ,Asia,Upper middle income,1995,16730541.0,122950929776.0,7348.891454018134,64.9195122,2959.343186,,,168.468,3.875,,,
Kazakhstan,KAZ,Asia,Upper middle income,1996,16416036.0,124225924285.0,7567.352087008094,64.1097561,2925.284627,,,154.716,3.917,,,
Kazakhstan,KAZ,Asia,Upper middle income,1997,16043250.0,127005576762.0,7916.4493953531855,64.46341463,2909.677192,,,147.293,3.938,,,
Kazakhstan,KAZ,Asia,Upper middle income,1998,15647789.0,125251820898.0,8004.4420907004815,64.56097561,2798.845964,,,145.622,3.95,,,
Kazakhstan,KAZ,Asia,Upper middle income,1999,15455877.0,129322680226.0,8367.217222678468,65.5195122,2719.145758,,99.512657,118.762,4.197,,,
Kazakhstan,KAZ,Asia,Upper middle income,2000,15501108.0,142758090799.0,9209.54107274138,65.51707317,2701.53738,,,142.197,5.679,,,
Kazakhstan,KAZ,Asia,Upper middle income,2001,15575550.0,162896083567.0,10458.448245294709,65.76829268,2734.477297,,,138.036,5.382,,,
Kazakhstan,KAZ,Asia,Upper middle income,2002,15656680.0,179807015103.0,11484.364188512507,65.96829268,2758.898789,,,156.768,5.767,,,
Kazakhstan,KAZ,Asia,Upper middle income,2003,15747377.0,197584132991.0,12547.113909256126,65.86585366,2719.971301,,,175.022,5.074,,,
Kazakhstan,KAZ,Asia,Upper middle income,2004,15850164.0,217713169930.0,13735.704559902346,65.88780488,2636.40978,,,185.476,4.463,,5.47594833374023,
Kazakhstan,KAZ,Asia,Upper middle income,2005,15968118.0,240059743236.0,15033.690459702264,65.9097561,2546.872853,,,198.449,4.196,,5.71855354309082,
Kazakhstan,KAZ,Asia,Upper middle income,2006,16103718.0,267135182235.0,16588.416552935167,66.16097561,2458.300477,,,219.633,3.832,,5.88641977310181,
Kazakhstan,KAZ,Asia,Upper middle income,2007,16257212.0,292456722644.0,17989.352826548613,66.50487805,2343.643398,,,225.712,3.613,,5.38256311416626,
Kazakhstan,KAZ,Asia,Upper middle income,2008,16426527.0,303717015928.0,18489.4235968443,67.02195122,2279.100604,,,226.102,3.104,,5.51428651809692,
Kazakhstan,KAZ,Asia,Upper middle income,2009,16619851.0,309012285175.0,18592.963629758175,68.42926829,2198.10712,,99.732407,223.189,3.18,,5.73566293716431,
Kazakhstan,KAZ,Asia,Upper middle income,2010,16836808.0,333341740713.0,19798.392944375206,68.29536585,2055.255579,,,248.093,3.426,,5.75946950912476,
Kazakhstan,KAZ,Asia,Upper middle income,2011,17065996.0,360244945296.0,21108.931778490984,68.98,1820.298343,,,238.157,2.948,,5.83548307418823,
Kazakhstan,KAZ,Asia,Upper middle income,2012,17306115.0,378260779954.0,21857.059192892222,69.61,1610.628054,,,245.263,2.703,,5.97009754180908,
Kazakhstan,KAZ,Asia,Upper middle income,2013,17556502.0,400574375261.0,22816.297646364863,70.45,1416.111695,,,253.533,2.709,,5.94999504089355,
Kazakhstan,KAZ,Asia,Upper middle income,2014,17816285.0,417799078586.0,23450.4038628704,,1260.261324,,,299.137,2.743,,5.53355169296265,
Kazakhstan,KAZ,Asia,Upper middle income,2015,18084175.0,421977118608.0,23334.05414446609,,1170.832076,,99.787849,303.052,3.77,,5.88235139846802,
Kazakhstan,KAZ,Asia,Upper middle income,2016,18363600.0,425774884998.0,23185.80697673659,,1157.966443,,,301.739,4.246,,6.00763607025146,
Kazakhstan,KAZ,Asia,Upper middle income,2017,18651931.0,442384368842.0,23717.885769682507,,1142.521387,,,317.72,3.815,,6.27226829528809,
Kazakhstan,KAZ,Asia,Upper middle income,2018,18932725.0,460522121041.0,24324.133004678406,,,,,329.572,3.445,,6.16826915740967,
Kazakhstan,KAZ,Asia,Upper middle income,2019,19209556.0,481245619523.0,25052.407224976985,,,,,296.04,3.447,,6.15180015563965,
Kazakhstan,KAZ,Asia,Upper middle income,2020,19482116.0,468733212615.0,24059.66644562634,,,,,281.789,4.014,,6.23409986495972,
Kazakhstan,KAZ,Asia,Upper middle income,2021,19743607.0,487951301251.0,24714.394955845706,,,,,244.904,3.78,,,
Kazakhstan,KAZ,Asia,Upper middle income,2022,20034612.0,503634062609.0,25138.19896332407,,,,,274.346,3.995,,,
Kazakhstan,KAZ,Asia,Upper middle income,2023,20330109.0,,,,,,,286.175,4.179,,,
Kenya,KEN,Africa,Lower middle income,1990,22892655.0,41570971757.0,1815.9087164420205,59.11534146,6254.702007,,,5.789,,,,
Kenya,KEN,Africa,Lower middle income,1991,23646514.0,42852784377.0,1812.2241771873857,58.72453659,6268.698841,,,4.805,,,,
Kenya,KEN,Africa,Lower middle income,1992,24382466.0,43098109029.0,1767.5861428044234,58.19109756,6330.740916,,,5.505,,,,
Kenya,KEN,Africa,Lower middle income,1993,25117192.0,43754838219.0,1742.027461469419,57.5295122,6401.03985,,,6.312,,,,
Kenya,KEN,Africa,Lower middle income,1994,25857136.0,45663580409.0,1765.9952907777567,56.77078049,6470.047263,,,6.523,,,,
Kenya,KEN,Africa,Lower middle income,1995,26601753.0,48490927693.0,1822.8470767697152,55.95541463,6516.88808,,,7.515,,,,
Kenya,KEN,Africa,Lower middle income,1996,27344211.0,51489486317.0,1883.01232450993,55.12795122,6490.169791,,,9.283,,,,
Kenya,KEN,Africa,Lower middle income,1997,28101762.0,52761219815.0,1877.5057526641924,54.34726829,6463.550471,,,8.227,,,,
Kenya,KEN,Africa,Lower middle income,1998,28888063.0,55518263811.0,1921.8409974735932,53.67219512,6407.285452,,,9.999,,,,
Kenya,KEN,Africa,Lower middle income,1999,29733413.0,57993148114.0,1950.4369751968939,53.15156098,6252.560856,,,10.021,,,,
Kenya,KEN,Africa,Lower middle income,2000,30642893.0,59408907766.0,1938.7499661340723,52.84012195,6159.452476,,82.22908,10.385,,,,
Kenya,KEN,Africa,Lower middle income,2001,31619170.0,62956470966.0,1991.085501801597,52.77714634,5983.675452,,,9.224,,,,
Kenya,KEN,Africa,Lower middle income,2002,32629809.0,64478127960.0,1976.0498126115294,52.95246341,5750.142421,,,7.819,,,,
Kenya,KEN,Africa,Lower middle income,2003,33652233.0,67617075406.0,2009.2894104828051,53.34546341,5552.668567,,,6.716,,,,
Kenya,KEN,Africa,Lower middle income,2004,34713453.0,72070033430.0,2076.141299743359,53.93460976,5408.172866,,,7.621,,,4.22323417663574,
Kenya,KEN,Africa,Lower middle income,2005,35796485.0,77598831261.0,2167.7779609087315,54.69734146,5232.604713,,,8.454,,,4.57565784454346,
Kenya,KEN,Africa,Lower middle income,2006,36904010.0,83653248054.0,2266.7793568774778,55.60119512,5053.434435,,,9.567,,,4.01527452468872,
Kenya,KEN,Africa,Lower middle income,2007,38036354.0,91060343688.0,2394.0344988901934,56.59234146,4902.30913,,72.157028,9.734,,,4.27043485641479,
Kenya,KEN,Africa,Lower middle income,2008,39206349.0,92971180385.0,2371.329714608213,57.61304878,4653.410271,,,10.099,,,4.255859375,
Kenya,KEN,Africa,Lower middle income,2009,40408887.0,97792492598.0,2420.073896071426,58.61504878,4528.909774,,,12.185,,,4.40531015396118,
Kenya,KEN,Africa,Lower middle income,2010,41598570.0,108082167772.0,2598.2183467364384,59.54707317,4405.725008,,,11.857,,,4.54733514785767,
Kenya,KEN,Africa,Lower middle income,2011,42758467.0,117152107312.0,2739.8575190265824,60.37090244,4250.593198,,,12.218,,,3.79538321495056,
Kenya,KEN,Africa,Lower middle income,2012,43888306.0,122504792826.0,2791.2855152349694,61.08317073,4081.298762,,,11.246,,,4.90457963943481,
Kenya,KEN,Africa,Lower middle income,2013,44986794.0,127157517259.0,2826.5521045798464,61.68397561,3921.847525,,,12.163,,,4.35761785507202,
Kenya,KEN,Africa,Lower middle income,2014,46051441.0,133540839466.0,2899.8189104657986,,3821.655951,,,13.214,,,4.39612770080566,
Kenya,KEN,Africa,Lower middle income,2015,47088528.0,140175144054.0,2976.8427684551957,,3753.912442,,78.023399,15.212,,,4.47565412521362,
Kenya,KEN,Africa,Lower middle income,2016,48139683.0,146082118752.0,3034.546753288758,,3631.130966,,,16.289,,,4.65570259094238,
Kenya,KEN,Africa,Lower middle income,2017,49197757.0,151656608610.0,3082.5919281238776,,3504.208152,,,16.181,,,4.61885023117065,
Kenya,KEN,Africa,Lower middle income,2018,50207109.0,160257055688.0,3191.9196081973173,,,,,17.003,,,4.5465841293335,
Kenya,KEN,Africa,Lower middle income,2019,51202829.0,168452589868.0,3289.907865598598,,,,,18.159,,82.98,4.60659980773926,
Kenya,KEN,Africa,Lower middle income,2020,52217327.0,168031463891.0,3217.925419487673,,,,,19.99,,,4.54300022125244,
Kenya,KEN,Africa,Lower middle income,2021,53219167.0,180662393951.0,3394.6866164026956,,,,,20.59,,,,
Kenya,KEN,Africa,Lower middle income,2022,54252458.0,190362153076.0,3508.8207998981356,,,,,20.544,,,,
Kenya,KEN,Africa,Lower middle income,2023,55339007.0,,,,,,,21.186,,,,
Kiribati,KIR,Oceania,Lower middle income,1990,74872.0,,,60.6375122,5705.204523,,,0.022,,,,
Kiribati,KIR,Oceania,Lower middle income,1991,76385.0,,,61.00114634,5560.031131,,,0.022,,,,
Kiribati,KIR,Oceania,Lower middle income,1992,77655.0,,,61.36819512,5442.284634,,,0.026,,,,
Kiribati,KIR,Oceania,Lower middle income,1993,78853.0,,,61.75226829,5324.708068,,,0.029,,,,
Kiribati,KIR,Oceania,Lower middle income,1994,80033.0,,,62.15687805,5169.433433,,,0.029,,,,
Kiribati,KIR,Oceania,Lower middle income,1995,81251.0,,,62.57846341,5031.947858,,,0.029,,,,
Kiribati,KIR,Oceania,Lower middle income,1996,82637.0,,,63.00839024,4941.243898,,,0.033,,,,
Kiribati,KIR,Oceania,Lower middle income,1997,84161.0,,,63.4344878,4830.792996,,,0.029,,,,
Kiribati,KIR,Oceania,Lower middle income,1998,85672.0,,,63.84507317,4703.363014,,,0.029,,,,
Kiribati,KIR,Oceania,Lower middle income,1999,87139.0,,,64.23658537,4608.580776,,,0.029,,,,
Kiribati,KIR,Oceania,Lower middle income,2000,88632.0,,,64.60646341,4520.624859,,,0.037,,,,
Kiribati,KIR,Oceania,Lower middle income,2001,90350.0,,,64.9567561,4461.809734,,,0.033,,,,
Kiribati,KIR,Oceania,Lower middle income,2002,92281.0,,,65.293,4395.223639,,,0.04,,,,
Kiribati,KIR,Oceania,Lower middle income,2003,94189.0,,,65.6207561,4324.67458,,,0.04,,,,
Kiribati,KIR,Oceania,Lower middle income,2004,96096.0,,,65.94302439,4262.24636,,,0.044,,,,
Kiribati,KIR,Oceania,Lower middle income,2005,98045.0,,,66.26326829,4158.986833,,,0.048,,,,
Kiribati,KIR,Oceania,Lower middle income,2006,100028.0,,,66.58395122,4079.453814,,,0.051,,,,
Kiribati,KIR,Oceania,Lower middle income,2007,102081.0,,,66.90656098,3962.198105,,,0.051,,,,
Kiribati,KIR,Oceania,Lower middle income,2008,104235.0,,,67.23058537,3848.151474,,,0.048,,,,
Kiribati,KIR,Oceania,Lower middle income,2009,106479.0,,,67.557,3725.130279,,,0.048,,,,
Kiribati,KIR,Oceania,Lower middle income,2010,108717.0,,,67.88382927,3591.112839,,,0.059,,,,
Kiribati,KIR,Oceania,Lower middle income,2011,110660.0,,,68.20960976,3466.306299,,,0.055,,,,
Kiribati,KIR,Oceania,Lower middle income,2012,112293.0,,,68.53234146,3385.731797,,,0.055,,,,
Kiribati,KIR,Oceania,Lower middle income,2013,113847.0,,,68.84907317,3293.422713,,,0.055,,,,
Kiribati,KIR,Oceania,Lower middle income,2014,115339.0,,,,3208.42264,,,0.055,,,,
Kiribati,KIR,Oceania,Lower middle income,2015,116826.0,,,,3121.729841,,,0.059,,,,
Kiribati,KIR,Oceania,Lower middle income,2016,118488.0,,,,3033.419824,,,0.055,,,,
Kiribati,KIR,Oceania,Lower middle income,2017,120288.0,,,,2960.079696,,,0.07,,,,
Kiribati,KIR,Oceania,Lower middle income,2018,122097.0,,,,,,,0.07,,,,
Kiribati,KIR,Oceania,Lower middle income,2019,123928.0,,,,,,,0.07,,,,
Kiribati,KIR,Oceania,Lower middle income,2020,126110.0,,,,,,,0.07,,,,
Kiribati,KIR,Oceania,Lower middle income,2021,128387.0,,,,,,,0.07,,,,
Kiribati,KIR,Oceania,Lower middle income,2022,130483.0,,,,,,,0.07,,,,
Kiribati,KIR,Oceania,Lower middle income,2023,132540.0,,,,,,,0.069,,,,
Kuwait,KWT,Asia,High income,1990,1684833.0,20899601193.0,12404.553562875371,72.25953659,1560.07705,,,37.863,0.0,,,
Kuwait,KWT,Asia,High income,1991,1351403.0,5968350535.0,4416.4106006868415,72.41141463,1271.516217,,,492.979,0.0,,,
Kuwait,KWT,Asia,High income,1992,1634968.0,18278670155.0,11179.83358389889,72.54773171,1496.833804,,,29.683,0.0,,,
Kuwait,KWT,Asia,High income,1993,1672158.0,29845167808.0,17848.294125315908,72.6734878,1215.821478,,,49.163,0.0,,,
Kuwait,KWT,Asia,High income,1994,1664371.0,38842906079.0,23337.8892560613,72.78968293,1387.548696,,,57.265,0.0,,,
Kuwait,KWT,Asia,High income,1995,1681518.0,46090594401.0,27410.110626826474,72.89834146,1175.887348,,78.3955,56.263,0.0,,,
Kuwait,KWT,Asia,High income,1996,1730255.0,51809716654.0,29943.399472332112,73.00146341,962.9979328,,,51.768,0.0,,,
Kuwait,KWT,Asia,High income,1997,1787692.0,57062986447.0,31919.920460012127,73.09704878,1036.907865,,,56.765,0.0,,,
Kuwait,KWT,Asia,High income,1998,1844308.0,62305861237.0,33782.78532490235,73.18712195,932.9948923,,,52.91,0.0,,,
Kuwait,KWT,Asia,High income,1999,1900035.0,64236405197.0,33808.01153505067,73.27265854,939.9731896,,,55.085,0.0,,,
Kuwait,KWT,Asia,High income,2000,1954713.0,71053965539.0,36350.075708812496,73.35521951,978.3601443,,,54.98,0.0,,,
Kuwait,KWT,Asia,High income,2001,2008127.0,75867443155.0,37780.20172777917,73.43380488,887.6110121,,,59.119,0.0,,,
Kuwait,KWT,Asia,High income,2002,2059983.0,83636154969.0,40600.4102795994,73.51092683,989.8121872,,,60.114,0.0,,,
Kuwait,KWT,Asia,High income,2003,2109886.0,104974065782.0,49753.43017679628,73.58656098,1023.834572,,,62.491,0.0,,,
Kuwait,KWT,Asia,High income,2004,2157329.0,123477836787.0,57236.44227978208,73.66221951,971.2712038,,,65.855,0.0,,6.07554721832275,
Kuwait,KWT,Asia,High income,2005,2236797.0,142799938874.0,63841.26001331368,73.73831707,903.0316115,,93.27446,74.615,0.0,,,
Kuwait,KWT,Asia,High income,2006,2364741.0,159619963672.0,67499.97723725346,73.81682927,871.4018908,,93.28212,76.222,0.0,,,
Kuwait,KWT,Asia,High income,2007,2507890.0,174545824817.0,69598.67650375415,73.89870732,862.9343451,,93.664192,77.295,0.0,,6.58524608612061,
Kuwait,KWT,Asia,High income,2008,2651433.0,183755530386.0,69304.23298872722,73.98292683,934.8970345,,93.906212,84.442,0.0,,6.79815101623535,
Kuwait,KWT,Asia,High income,2009,2795489.0,175302339443.0,62709.00706209182,74.07,1032.557903,,,88.832,0.0,,6.37769937515259,
Kuwait,KWT,Asia,High income,2010,2943374.0,176036955078.0,59807.87867189151,74.16192683,913.5323516,,,89.721,0.0,,6.22109460830688,
Kuwait,KWT,Asia,High income,2011,3132815.0,201228682118.0,64232.54552790382,74.2582439,818.4653989,,,87.151,0.0,,6.48003101348877,
Kuwait,KWT,Asia,High income,2012,3337025.0,214560063974.0,64296.810474599384,74.359,768.1651922,,95.513168,101.201,0.0,,6.18013858795166,
Kuwait,KWT,Asia,High income,2013,3507755.0,217029672079.0,61871.38841766315,74.4627561,726.2995146,,95.585823,83.047,0.0,,6.14603185653687,
Kuwait,KWT,Asia,High income,2014,3665769.0,218112639263.0,59499.831894208284,,738.6256032,,,74.994,0.002,,5.94719457626343,
Kuwait,KWT,Asia,High income,2015,3834465.0,219406044434.0,57219.46723571607,,739.2158799,,96.117706,93.317,0.003,,6.09390544891357,
Kuwait,KWT,Asia,High income,2016,4003976.0,225825859800.0,56400.402949468225,,680.52679,,,104.019,0.026,,,
Kuwait,KWT,Asia,High income,2017,4154686.0,215180426540.0,51792.22365781674,,640.673225,,,100.01,0.028,,6.10611963272095,
Kuwait,KWT,Asia,High income,2018,4323389.0,220424403170.0,50984.17079055343,,,,,102.453,0.028,,,
Kuwait,KWT,Asia,High income,2019,4442201.0,219207651814.0,49346.63060361294,,,,,104.654,0.035,,6.10610008239746,
Kuwait,KWT,Asia,High income,2020,4400146.0,199796812404.0,45406.85977328934,,,,,90.103,0.037,,6.10610008239746,
Kuwait,KWT,Asia,High income,2021,4360748.0,202410138854.0,46416.380596631585,,,,,87.869,0.111,,,
Kuwait,KWT,Asia,High income,2022,4589514.0,218961227193.0,47709.022609583495,,,,,115.849,0.093,,,
Kuwait,KWT,Asia,High income,2023,4838781.0,,,,,,,123.169,0.084,,,
Kyrgyzstan,KGZ,Asia,Lower middle income,1990,4459545.0,25164233692.0,5642.780528506832,68.29756098,5082.302882,,,19.204,,,,
Kyrgyzstan,KGZ,Asia,Lower middle income,1991,4532124.0,22948278940.0,5063.471109793112,68.55121951,4895.042177,,,15.897,,,,
Kyrgyzstan,KGZ,Asia,Lower middle income,1992,4600308.0,19580870436.0,4256.42596886991,68.10243902,4823.817522,,,11.042,,,,
Kyrgyzstan,KGZ,Asia,Lower middle income,1993,4626809.0,16865848800.0,3645.244227717202,67.19268293,4791.540243,,,8.468,,,,
Kyrgyzstan,KGZ,Asia,Lower middle income,1994,4649190.0,13389775327.0,2880.0232571695283,66.03902439,4778.611979,,,6.144,,,,
Kyrgyzstan,KGZ,Asia,Lower middle income,1995,4713641.0,12537052888.0,2659.7385944326265,65.7902439,4676.52041,,,4.507,,,,
Kyrgyzstan,KGZ,Asia,Lower middle income,1996,4782885.0,13289582934.0,2778.5704515161874,66.54390244,4546.433525,,,5.652,,,,
Kyrgyzstan,KGZ,Asia,Lower middle income,1997,4847998.0,14463585194.0,2983.414018322615,66.89268293,4484.075522,,,5.561,,,,
Kyrgyzstan,KGZ,Asia,Lower middle income,1998,4907792.0,14624138023.0,2979.779506344197,67.05121951,4373.707542,,,5.901,,,,
Kyrgyzstan,KGZ,Asia,Lower middle income,1999,4968593.0,15009644796.0,3020.904468528616,67.00243902,4281.059049,,98.701607,4.642,,,,
Kyrgyzstan,KGZ,Asia,Lower middle income,2000,5025150.0,15667564559.0,3117.830225764405,68.55853659,4191.907585,,,4.575,,,,
Kyrgyzstan,KGZ,Asia,Lower middle income,2001,5071960.0,16336535537.0,3220.951178045568,68.70731707,4138.570921,,,3.857,,,,
Kyrgyzstan,KGZ,Asia,Lower middle income,2002,5116252.0,16170495966.0,3160.6136613286444,68.10731707,4082.022824,,,4.917,,,,
Kyrgyzstan,KGZ,Asia,Lower middle income,2003,5159422.0,17135753196.0,3321.2544343145414,68.25609756,3982.048364,,,5.376,,,,
Kyrgyzstan,KGZ,Asia,Lower middle income,2004,5203048.0,18155686902.0,3489.4329058659464,68.15365854,3900.930442,,,5.808,,,4.64139890670776,
Kyrgyzstan,KGZ,Asia,Lower middle income,2005,5246337.0,17942169018.0,3419.942145920096,67.95609756,3821.320748,,,5.519,,,4.69776153564453,
Kyrgyzstan,KGZ,Asia,Lower middle income,2006,5282451.0,18316466710.0,3467.418194697878,67.69512195,3695.28909,,,5.457,,,4.73658800125122,
Kyrgyzstan,KGZ,Asia,Lower middle income,2007,5313376.0,19684074796.0,3704.6267375017314,67.84634146,3498.246201,,,6.522,,,5.06905364990234,
Kyrgyzstan,KGZ,Asia,Lower middle income,2008,5342530.0,20960394949.0,3923.308797330104,68.45121951,3124.487741,,,7.481,,,4.99641084671021,
Kyrgyzstan,KGZ,Asia,Lower middle income,2009,5398013.0,21348199451.0,3954.8254980119536,69.10243902,2855.097942,,99.241402,6.709,,,4.92104911804199,
Kyrgyzstan,KGZ,Asia,Lower middle income,2010,5491763.0,21037148123.0,3830.6729775119575,69.3,2580.680716,,,6.356,,,5.20778560638428,
Kyrgyzstan,KGZ,Asia,Lower middle income,2011,5594537.0,22069322288.0,3944.7987005895216,69.60243902,2301.119197,,,7.62,,,5.40242671966553,
Kyrgyzstan,KGZ,Asia,Lower middle income,2012,5696521.0,22049906072.0,3870.767100130062,70.00243902,2178.636912,,,10.087,,,5.25219297409058,
Kyrgyzstan,KGZ,Asia,Lower middle income,2013,5797294.0,24456653043.0,4218.632528038082,70.20243902,2169.36355,,,9.734,,,4.90537595748901,
Kyrgyzstan,KGZ,Asia,Lower middle income,2014,5898322.0,25440781974.0,4313.223654795381,,2112.111265,,,10.236,,,4.85653400421143,
Kyrgyzstan,KGZ,Asia,Lower middle income,2015,6001876.0,26426866370.0,4403.101025412721,,1987.915274,,99.50132,10.265,,,5.62953662872314,
Kyrgyzstan,KGZ,Asia,Lower middle income,2016,6108460.0,27572739134.0,4513.86096233748,,1833.269344,,,9.622,,,5.29738330841064,
Kyrgyzstan,KGZ,Asia,Lower middle income,2017,6220148.0,28879683468.0,4642.925452577656,,1820.068974,,,9.364,,,5.68522071838379,
Kyrgyzstan,KGZ,Asia,Lower middle income,2018,6341733.0,29878637891.0,4711.431069551493,,,,,11.175,,,6.24958610534668,
Kyrgyzstan,KGZ,Asia,Lower middle income,2019,6494036.0,31253353975.0,4812.624071532711,,,,,9.047,,,5.7435998916626,
Kyrgyzstan,KGZ,Asia,Lower middle income,2020,6664143.0,28560253227.0,4285.660320764426,,,,,8.348,,,5.82849979400635,
Kyrgyzstan,KGZ,Asia,Lower middle income,2021,6820483.0,29628978769.0,4344.117384208714,,,,,10.338,,,,
Kyrgyzstan,KGZ,Asia,Lower middle income,2022,6955792.0,31703003147.0,4557.78481400824,,,,,11.513,,,,
Kyrgyzstan,KGZ,Asia,Lower middle income,2023,7073523.0,,,,,,,11.144,,,,
Laos,LAO,Asia,Lower middle income,1990,4311960.0,6235010000.0,1445.9804821937123,54.11956098,14336.25573,,,0.513,,,,
Laos,LAO,Asia,Lower middle income,1991,4435121.0,6550550266.0,1476.9721651337134,54.89780488,13928.36084,,,0.546,,,,
Laos,LAO,Asia,Lower middle income,1992,4559650.0,6965636262.0,1527.6690671433114,55.69653659,13509.85606,,,0.593,,,,
Laos,LAO,Asia,Lower middle income,1993,4685064.0,7432922464.0,1586.5146055635525,56.50129268,13223.25947,,,0.607,,,,
Laos,LAO,Asia,Lower middle income,1994,4809223.0,8095761860.0,1683.382504824584,57.29909756,13033.32143,,,0.631,,,,
Laos,LAO,Asia,Lower middle income,1995,4929410.0,8730282550.0,1771.0603398784033,58.08146341,12528.87748,,60.251331,0.671,,,,
Laos,LAO,Asia,Lower middle income,1996,5045686.0,9400684784.0,1863.113317792665,58.84141463,12102.29451,,,0.753,,,,
Laos,LAO,Asia,Lower middle income,1997,5152015.0,10121302787.0,1964.5328647140973,59.58039024,11689.88188,,,0.792,,,,
Laos,LAO,Asia,Lower middle income,1998,5248273.0,10598967421.0,2019.515261687035,60.29590244,11317.65458,,,0.82,,,,
Laos,LAO,Asia,Lower middle income,1999,5340784.0,11458882653.0,2145.5431736239475,60.98543902,10923.25943,,,0.846,,,,
Laos,LAO,Asia,Lower middle income,2000,5431213.0,12209285510.0,2247.985028390527,61.64446341,10564.69558,,69.583122,0.96,,,,
Laos,LAO,Asia,Lower middle income,2001,5521481.0,13005702889.0,2355.473629086109,62.27,10211.96864,,68.73439,1.059,,,,
Laos,LAO,Asia,Lower middle income,2002,5610888.0,13872426080.0,2472.4118677827823,62.86602439,9862.370405,,,1.166,,,,
Laos,LAO,Asia,Lower middle income,2003,5697944.0,14843718409.0,2605.100788810841,63.43504878,9564.639238,,,1.221,,,,
Laos,LAO,Asia,Lower middle income,2004,5781627.0,16000772290.0,2767.5206805973476,63.97853659,9285.043125,,,1.282,,,5.07622575759888,
Laos,LAO,Asia,Lower middle income,2005,5869531.0,17208611490.0,2931.854604737585,64.50046341,9015.117164,,72.702263,1.337,,,5.36385488510132,
Laos,LAO,Asia,Lower middle income,2006,5963199.0,17176979638.0,2880.497470904459,65.00382927,8698.729796,,,1.757,,,5.04409885406494,
Laos,LAO,Asia,Lower middle income,2007,6056237.0,20454811822.0,3377.4787581793776,65.49158537,8337.851959,,,1.836,,,,
Laos,LAO,Asia,Lower middle income,2008,6148974.0,22210959976.0,3612.14081828936,65.96878049,7978.076996,,,2.131,,,,
Laos,LAO,Asia,Lower middle income,2009,6241649.0,24050843271.0,3853.283526677005,66.43639024,7611.53747,,,2.667,,,4.70374965667725,
Laos,LAO,Asia,Lower middle income,2010,6334198.0,26198017296.0,4135.9643787579735,66.89843902,7242.955377,,,3.001,,,4.87608480453491,
Laos,LAO,Asia,Lower middle income,2011,6426592.0,28505277000.0,4435.51994587489,67.35495122,6904.437298,,,3.097,,,,
Laos,LAO,Asia,Lower middle income,2012,6518981.0,30756620000.0,4718.01037616155,67.80592683,6606.983608,,,3.328,,,,
Laos,LAO,Asia,Lower middle income,2013,6611385.0,33213895000.0,5023.742377731746,68.24941463,6321.660958,,,4.198,,,,
Laos,LAO,Asia,Lower middle income,2014,6703170.0,35727804000.0,5329.986260232099,,6031.321079,,,4.383,,,,
Laos,LAO,Asia,Lower middle income,2015,6801647.0,38423808000.0,5649.191732531841,,5755.81273,,79.867462,9.185,,,4.62314081192017,
Laos,LAO,Asia,Lower middle income,2016,6908800.0,41128975200.0,5953.128647522001,,5490.847983,,,16.407,,,4.85940217971802,
Laos,LAO,Asia,Lower middle income,2017,7018150.0,43958737408.0,6263.579063998347,,5244.643207,,,19.625,,,5.1968560218811,
Laos,LAO,Asia,Lower middle income,2018,7128043.0,46694965948.0,6550.881630203409,,,,,20.481,,,5.28439092636108,
Laos,LAO,Asia,Lower middle income,2019,7237635.0,49243304815.0,6803.7839453081015,,,,,18.34,,,5.03000020980835,
Laos,LAO,Asia,Lower middle income,2020,7346534.0,50856670244.0,6922.539287778427,,,,,18.294,,,5.14029979705811,
Laos,LAO,Asia,Lower middle income,2021,7453192.0,52626361275.0,7060.915816337483,,,,,21.837,,,,
Laos,LAO,Asia,Lower middle income,2022,7559008.0,54953902901.0,7269.988720874485,,,,,22.549,,,,
Laos,LAO,Asia,Lower middle income,2023,7665001.0,,,,,,,24.157,,,,
Latvia,LVA,Europe,High income,1990,2660131.0,42100704929.0,15826.553252076683,69.27317073,1212.554644,,,19.662,14.555,,,
Latvia,LVA,Europe,High income,1991,2648933.0,36517762608.0,13785.838527437274,69.03243902,1296.489761,,,17.92,11.502,,,
Latvia,LVA,Europe,High income,1992,2614833.0,24594371373.0,9405.71400659239,68.39609756,1366.946045,,,14.194,12.318,,,
Latvia,LVA,Europe,High income,1993,2563820.0,21610169740.0,8428.895062835925,66.72268293,1382.149446,,,11.922,16.32,,,
Latvia,LVA,Europe,High income,1994,2521238.0,21908377653.0,8689.531751068324,65.66439024,1393.30556,,,10.37,19.401,,,
Latvia,LVA,Europe,High income,1995,2485948.0,21602325855.0,8689.773822702648,66.39121951,1471.136962,,,9.134,18.407,,,
Latvia,LVA,Europe,High income,1996,2457907.0,21944517346.0,8928.131677073217,68.77658537,1452.843641,,,9.212,12.483,,,
Latvia,LVA,Europe,High income,1997,2433229.0,23733281647.0,9753.821628379408,69.34926829,1412.997453,,,8.68,19.779,,,
Latvia,LVA,Europe,High income,1998,2410217.0,25089221158.0,10409.527921344841,69.01219512,1359.616736,,,8.306,26.66,,,
Latvia,LVA,Europe,High income,1999,2390822.0,25549229736.0,10686.378883915238,69.74292683,1193.974812,,,7.718,19.963,,,
Latvia,LVA,Europe,High income,2000,2368320.0,26727290777.0,11285.337613582624,70.31463415,1090.986527,,99.746567,7.082,20.891,,,
Latvia,LVA,Europe,High income,2001,2338299.0,28242589693.0,12078.262742703137,70.76097561,1061.49787,,,7.497,19.382,,,
Latvia,LVA,Europe,High income,2002,2311358.0,30014856985.0,12985.810499714886,70.96097561,1032.260377,,,7.52,16.668,,,
Latvia,LVA,Europe,High income,2003,2288983.0,32298352002.0,14110.350318023331,71.26585366,991.8498714,,,7.726,15.783,,,
Latvia,LVA,Europe,High income,2004,2264179.0,34720425840.0,15334.664723946296,72.02682927,925.6873826,,,7.731,19.121,,4.70950222015381,
Latvia,LVA,Europe,High income,2005,2239787.0,38143684659.0,17030.050026631998,71.35609756,858.5049874,,,7.811,19.73,,4.6669716835022,
Latvia,LVA,Europe,High income,2006,2219039.0,42361248688.0,19089.907247236304,70.86585366,810.8071197,,,8.31,16.884,,5.14537525177002,
Latvia,LVA,Europe,High income,2007,2200774.0,46228816935.0,21005.708416675225,71.0195122,776.4097823,,,8.637,16.497,,4.66891050338745,
Latvia,LVA,Europe,High income,2008,2177710.0,44217430207.0,20304.553961271242,72.4195122,699.8043463,,,8.198,18.494,,,
Latvia,LVA,Europe,High income,2009,2142044.0,37590730012.0,17548.99993277449,73.0804878,681.3134783,,,7.456,21.616,,4.9668116569519,
Latvia,LVA,Europe,High income,2010,2097834.0,35881177042.0,17103.916249808135,73.48292683,634.6156754,,,8.555,19.887,,5.12502527236938,
Latvia,LVA,Europe,High income,2011,2059940.0,37869724459.0,18383.89684117013,73.57560976,629.0899891,,99.895897,7.808,18.86,,5.06977033615112,
Latvia,LVA,Europe,High income,2012,2034639.0,40536567235.0,19923.223350677934,73.77804878,584.9304435,,,7.52,24.023,,5.72911548614502,
Latvia,LVA,Europe,High income,2013,2013004.0,41350512828.0,20541.694317547306,73.9804878,505.8719389,,,7.369,21.731,,5.88059759140015,
Latvia,LVA,Europe,High income,2014,1994153.0,42137028688.0,21130.288743140572,,441.1147627,,,7.172,18.958,,5.94044637680054,
Latvia,LVA,Europe,High income,2015,1977874.0,43774190659.0,22131.940992702264,,403.6907609,,99.892693,7.262,18.663,,5.97781753540039,
Latvia,LVA,Europe,High income,2016,1959863.0,44810998817.0,22864.35267005908,,386.1586952,,,7.211,21.134,,5.90115404129028,
Latvia,LVA,Europe,High income,2017,1942599.0,46295495418.0,23831.730284016412,,374.9379534,,,7.215,29.607,,5.96975374221802,
Latvia,LVA,Europe,High income,2018,1927586.0,48143398790.0,24976.00563087717,,,,,7.843,22.387,,6.22900867462158,
Latvia,LVA,Europe,High income,2019,1914267.0,49380620266.0,25796.09859335192,,,,,7.633,19.894,,6.03200006484985,
Latvia,LVA,Europe,High income,2020,1901119.0,48292861660.0,25402.334972192693,,,,,6.999,24.894,,6.18039989471436,
Latvia,LVA,Europe,High income,2021,1885593.0,50255494980.0,26652.355508320194,,,,,7.218,24.165,,,
Latvia,LVA,Europe,High income,2022,1881059.0,51248480035.0,27244.483046517944,,,,,6.608,26.646,,,
Latvia,LVA,Europe,High income,2023,1882399.0,,,,,,,6.59,31.776,,,
Lebanon,LBN,Asia,Upper middle income,1990,3595175.0,9719894187.0,2703.5941746924696,70.22114634,2589.516013,,,7.868,,,,
Lebanon,LBN,Asia,Upper middle income,1991,3668916.0,13892223462.0,3786.465392502854,70.53604878,2465.427088,,,8.115,,,,
Lebanon,LBN,Asia,Upper middle income,1992,3747375.0,15011934734.0,4005.986786483872,70.87678049,2376.099922,,,9.727,,,,
Lebanon,LBN,Asia,Upper middle income,1993,3820652.0,16606038805.0,4346.38873286549,71.24621951,2272.351435,,,10.355,,,,
Lebanon,LBN,Asia,Upper middle income,1994,3889802.0,18542962086.0,4767.070942428432,71.64387805,2130.151122,,,11.111,,,,
Lebanon,LBN,Asia,Upper middle income,1995,3960741.0,20427565185.0,5157.510977112616,72.06621951,1997.919917,,,12.255,,,,
Lebanon,LBN,Asia,Upper middle income,1996,4034782.0,22204446458.0,5503.258034263065,72.50929268,1870.949544,,,12.753,,,,
Lebanon,LBN,Asia,Upper middle income,1997,4108409.0,22434678686.0,5460.673142815139,72.96614634,1748.688027,,,15.099,,,,
Lebanon,LBN,Asia,Upper middle income,1998,4181287.0,24027795385.0,5746.507088606929,73.43236585,1636.588237,,,16.286,,,,
Lebanon,LBN,Asia,Upper middle income,1999,4255278.0,24731825289.0,5812.035145294855,73.90595122,1526.225601,,,16.43,,,,
Lebanon,LBN,Asia,Upper middle income,2000,4329345.0,25915975238.0,5986.1192023273725,74.39082927,1426.385809,,,15.466,,,,
Lebanon,LBN,Asia,Upper middle income,2001,4401923.0,27854825604.0,6327.87661301663,74.89492683,1332.169628,,,16.407,,,,
Lebanon,LBN,Asia,Upper middle income,2002,4463505.0,29771684188.0,6670.02371185873,75.4212439,1242.130759,,,16.244,,,,
Lebanon,LBN,Asia,Upper middle income,2003,4525513.0,31778515559.0,7022.080272225491,75.96626829,1162.836771,,,18.529,,,5.49124526977539,
Lebanon,LBN,Asia,Upper middle income,2004,4599285.0,35314011356.0,7678.152442390502,76.52165854,1089.747676,,,17.208,,,4.65310382843018,
Lebanon,LBN,Asia,Upper middle income,2005,4671105.0,37512383718.0,8030.730141583202,77.07158537,1029.322043,,,16.65,,,,
Lebanon,LBN,Asia,Upper middle income,2006,4751146.0,39442140692.0,8301.605695131238,77.59673171,988.2675465,,,14.792,,,4.59485101699829,
Lebanon,LBN,Asia,Upper middle income,2007,4844119.0,44589675655.0,9204.909221883277,78.08331707,933.116633,,89.612442,13.746,,,5.20599889755249,
Lebanon,LBN,Asia,Upper middle income,2008,4925359.0,50361558474.0,10224.9518205678,78.52241463,885.6088347,,,17.418,,,5.03189945220947,
Lebanon,LBN,Asia,Upper middle income,2009,4992295.0,57304677732.0,11478.624106147574,78.91007317,834.4734499,,,20.958,,,5.18757152557373,
Lebanon,LBN,Asia,Upper middle income,2010,5041290.0,64006241939.0,12696.401504178493,79.25278049,784.5644304,,,19.997,,,4.57256698608398,
Lebanon,LBN,Asia,Upper middle income,2011,5096018.0,66782067583.0,13104.755042662722,79.55892683,730.7041137,,,20.264,,,4.98328876495361,
Lebanon,LBN,Asia,Upper middle income,2012,5235742.0,68494363923.0,13082.07393011344,79.84636585,637.5261307,,,22.332,,,5.23302555084229,
Lebanon,LBN,Asia,Upper middle income,2013,5743441.0,71116324024.0,12382.180651633751,80.12887805,633.8617341,,,22.164,,,5.17197132110596,
Lebanon,LBN,Asia,Upper middle income,2014,6346993.0,72883563855.0,11483.164366968736,,660.0018442,,,23.992,,,5.27072381973267,
Lebanon,LBN,Asia,Upper middle income,2015,6472470.0,73219558993.0,11312.460157096131,,642.250036,,94.051102,25.731,,,5.15398979187012,
Lebanon,LBN,Asia,Upper middle income,2016,6323061.0,74358860056.0,11759.946654950822,,605.3407338,,,26.438,,,5.16718673706055,
Lebanon,LBN,Asia,Upper middle income,2017,6160129.0,75030320802.0,12179.991815431138,,582.5027634,,,27.821,,,4.02421951293945,
Lebanon,LBN,Asia,Upper middle income,2018,5984120.0,73615988520.0,12301.890423320388,,,,,25.812,,,,
Lebanon,LBN,Asia,Upper middle income,2019,5794601.0,68525451094.0,11825.741081051137,,,,,25.141,,,4.58379983901978,
Lebanon,LBN,Asia,Upper middle income,2020,5702400.0,50772560784.0,8903.71787037037,,,,,23.694,,,2.95530009269714,
Lebanon,LBN,Asia,Upper middle income,2021,5718129.0,50772615264.0,8879.235719236134,,,,,19.474,,,,
Lebanon,LBN,Asia,Upper middle income,2022,5744492.0,48741710654.0,8484.94708566049,,,,,15.361,,,,
Lebanon,LBN,Asia,Upper middle income,2023,5773494.0,,,,,,,15.559,,,,
Lesotho,LSO,Africa,Lower middle income,1990,1809698.0,3205046000.0,1771.0391457580215,59.33109756,7066.163452,,,1.473,,,,
Lesotho,LSO,Africa,Lower middle income,1991,1842383.0,3210336421.0,1742.4913392058004,59.63639024,7051.984245,,,1.528,,,,
Lesotho,LSO,Africa,Lower middle income,1992,1873281.0,3373567099.0,1800.8868391875005,59.57765854,7036.326481,,,1.587,,,,
Lesotho,LSO,Africa,Lower middle income,1993,1901799.0,3409484198.0,1792.7678992364597,59.09509756,7054.329427,,,1.63,,,,
Lesotho,LSO,Africa,Lower middle income,1994,1927708.0,3499928085.0,1815.5903720895487,58.18029268,7109.250201,,,1.674,,,,
Lesotho,LSO,Africa,Lower middle income,1995,1951441.0,3490315705.0,1788.5837721970586,56.83787805,7204.773179,,,1.707,,,,
Lesotho,LSO,Africa,Lower middle income,1996,1972424.0,3610273972.0,1830.3741852664539,55.10692683,7346.059536,,,1.737,,,,
Lesotho,LSO,Africa,Lower middle income,1997,1988140.0,3655545070.0,1838.6758829861076,53.1267561,7527.808035,,,1.77,,,,
Lesotho,LSO,Africa,Lower middle income,1998,1998048.0,3647322672.0,1825.442968337097,51.05507317,7673.231468,,,1.803,,,,
Lesotho,LSO,Africa,Lower middle income,1999,2003238.0,3670807302.0,1832.4369356012617,49.02260976,7825.756719,,,1.825,,,,
Lesotho,LSO,Africa,Lower middle income,2000,2003919.0,3769602063.0,1881.1149866835935,47.18297561,7947.954687,,86.254433,1.85,,,,
Lesotho,LSO,Africa,Lower middle income,2001,2000859.0,3838921434.0,1918.6366625534333,45.67168293,8023.724883,,,1.872,,,,
Lesotho,LSO,Africa,Lower middle income,2002,1994686.0,3773087839.0,1891.5698205131034,44.5434878,8068.834173,,,1.905,,,,
Lesotho,LSO,Africa,Lower middle income,2003,1985060.0,3857951274.0,1943.4935336967144,43.8247561,8062.726488,,,1.931,,,,
Lesotho,LSO,Africa,Lower middle income,2004,1971130.0,3857815847.0,1957.159521188354,43.53346341,8032.302555,,,1.979,,,,
Lesotho,LSO,Africa,Lower middle income,2005,1953080.0,3870538474.0,1981.7613584696992,43.65773171,7925.753909,,,2.012,,,,
Lesotho,LSO,Africa,Lower middle income,2006,1945066.0,3946096482.0,2028.7725362532685,44.14834146,7785.937969,,,2.034,,,,
Lesotho,LSO,Africa,Lower middle income,2007,1953273.0,4038812448.0,2067.715290182171,44.88221951,7518.964227,,,2.074,,,,
Lesotho,LSO,Africa,Lower middle income,2008,1966547.0,4170596962.0,2120.7715666088834,45.7392439,7264.668072,,,2.121,,,,
Lesotho,LSO,Africa,Lower middle income,2009,1980884.0,4214040389.0,2127.353438666777,46.63458537,6227.59535,,75.800201,2.217,,,4.89751482009888,
Lesotho,LSO,Africa,Lower middle income,2010,1996256.0,4442653593.0,2225.492919244826,47.48341463,5554.107673,,,2.275,,,,
Lesotho,LSO,Africa,Lower middle income,2011,2014015.0,4516050000.0,2242.3119986693246,48.2197561,5225.302975,,,2.759,,,,
Lesotho,LSO,Africa,Lower middle income,2012,2034363.0,4740080000.0,2330.0069849874385,48.836,4931.117532,,,2.792,,,,
Lesotho,LSO,Africa,Lower middle income,2013,2056509.0,4954224000.0,2409.0456205151545,49.33146341,4783.644868,,,2.125,,,,
Lesotho,LSO,Africa,Lower middle income,2014,2080091.0,5134648000.0,2468.4727735469264,,4794.068384,,,2.242,,,3.80820488929749,
Lesotho,LSO,Africa,Lower middle income,2015,2104614.0,5279080000.0,2508.3364455429833,,4811.193051,,79.360931,2.045,,,3.79530072212219,
Lesotho,LSO,Africa,Lower middle income,2016,2130424.0,5418793037.0,2543.527972366064,,4566.643725,,,2.026,,,,
Lesotho,LSO,Africa,Lower middle income,2017,2157117.0,5197453242.0,2409.4442916170055,,4508.359369,,,2.286,,,3.51178050041199,
Lesotho,LSO,Africa,Lower middle income,2018,2183611.0,5068079163.0,2320.962462178474,,,,,2.165,,,,
Lesotho,LSO,Africa,Lower middle income,2019,2209414.0,4996214053.0,2261.3299512902518,,,,,2.187,,27.39,3.51180005073547,
Lesotho,LSO,Africa,Lower middle income,2020,2235727.0,4623560803.0,2068.034604851129,,,,,1.986,,,3.51180005073547,
Lesotho,LSO,Africa,Lower middle income,2021,2261549.0,4709220668.0,2082.2987554105616,,,,,3.096,,,,
Lesotho,LSO,Africa,Lower middle income,2022,2286112.0,4761723180.0,2082.8914681345445,,,,,2.551,,,,
Lesotho,LSO,Africa,Lower middle income,2023,2311476.0,,,,,,,2.494,,,,
Liberia,LBR,Africa,Low income,1990,2223667.0,3680820000.0,1655.2928113786822,47.20243902,17392.26039,,,0.456,,,,
Liberia,LBR,Africa,Low income,1991,1956523.0,2990946994.0,1528.7052562121683,47.42273171,12896.18472,,,0.375,,,,
Liberia,LBR,Africa,Low income,1992,2072466.0,1838477296.0,887.0964811967965,47.8514878,13612.2742,,,0.392,,,,
Liberia,LBR,Africa,Low income,1993,2155135.0,1167733988.0,541.8379767392762,48.48365854,15334.73597,,,0.417,,,,
Liberia,LBR,Africa,Low income,1994,2149929.0,865093553.0,402.3823823949535,49.28695122,15007.10935,,42.66605,0.415,,,,
Liberia,LBR,Africa,Low income,1995,2169167.0,783478662.0,361.1887245195967,50.16282927,15006.65806,,,0.416,,,,
Liberia,LBR,Africa,Low income,1996,2232286.0,833012981.0,373.1658851061199,50.9795122,13845.46013,,,0.427,,,,
Liberia,LBR,Africa,Low income,1997,2412995.0,1626036772.0,673.8666147256832,51.63331707,13680.98903,,,0.446,,,,
Liberia,LBR,Africa,Low income,1998,2670128.0,1996595953.0,747.7528991119527,52.0707561,13379.86184,,,0.473,,,,
Liberia,LBR,Africa,Low income,1999,2821689.0,2325522351.0,824.1596969049389,52.30117073,12334.23226,,,0.376,,,,
Liberia,LBR,Africa,Low income,2000,2928117.0,2767093377.0,945.0077906722989,52.40912195,11563.41694,,,0.402,,,,
Liberia,LBR,Africa,Low income,2001,3015343.0,3200677181.0,1061.463714409936,52.53346341,10836.50728,,,0.414,,,,
Liberia,LBR,Africa,Low income,2002,3094793.0,3998735673.0,1292.0850192565383,52.81080488,10274.35915,,,0.432,,,,
Liberia,LBR,Africa,Low income,2003,3119534.0,2541250362.0,814.6249927072441,53.32865854,9612.491526,,,0.461,,,,
Liberia,LBR,Africa,Low income,2004,3156893.0,2286431759.0,724.2664730797021,54.0962439,8444.880868,,43.108372,0.543,,,,
Liberia,LBR,Africa,Low income,2005,3301016.0,2369891568.0,717.9279252205987,55.06617073,7678.922363,,,0.651,,,3.7014012336731,
Liberia,LBR,Africa,Low income,2006,3490792.0,2547129019.0,729.6708079427248,56.14039024,6930.304194,,,0.669,,,4.22135400772095,
Liberia,LBR,Africa,Low income,2007,3669050.0,2664910191.0,726.3215794279173,57.18821951,6447.514171,,42.941078,0.629,,,,
Liberia,LBR,Africa,Low income,2008,3821006.0,2922602346.0,764.8777170200727,58.1074878,6229.014145,,,0.531,,,4.19606304168701,
Liberia,LBR,Africa,Low income,2009,3943035.0,3108980113.0,788.4738819209061,58.85919512,6017.90494,,,0.522,,,,
Liberia,LBR,Africa,Low income,2010,4058897.0,3260614939.0,803.3253711537889,59.43431707,5507.064542,,,0.709,,,,
Liberia,LBR,Africa,Low income,2011,4221177.0,3266880000.0,773.926324340344,59.85987805,5560.960804,,,0.822,,,,
Liberia,LBR,Africa,Low income,2012,4373046.0,3532273000.0,807.7374443351384,60.20639024,5529.455289,,,0.915,,,4.57141923904419,
Liberia,LBR,Africa,Low income,2013,4470246.0,3819600000.0,854.4496208933468,60.53187805,5263.613501,,,0.874,,,2.70159125328064,
Liberia,LBR,Africa,Low income,2014,4564299.0,3843632000.0,842.107846133656,,5192.443537,,,0.734,,,3.35467600822449,
Liberia,LBR,Africa,Low income,2015,4659436.0,3857900000.0,827.9757464208114,,4994.650801,,47.60014,0.699,,,4.4244909286499,
Liberia,LBR,Africa,Low income,2016,4755607.0,3859976097.0,811.6684362269632,,4855.91994,,,0.647,,,4.13485288619995,
Liberia,LBR,Africa,Low income,2017,4848927.0,3977674130.0,820.3204812116165,,4654.678674,,,0.667,,,5.12146091461182,
Liberia,LBR,Africa,Low income,2018,4944728.0,4051631897.0,819.3841798780438,,,,,0.609,,,,
Liberia,LBR,Africa,Low income,2019,5043719.0,3959325948.0,785.0012952743799,,,,,0.932,,80.93,4.62519979476929,
Liberia,LBR,Africa,Low income,2020,5149470.0,3845664451.0,746.8078173093542,,,,,0.777,,,5.12150001525879,
Liberia,LBR,Africa,Low income,2021,5259327.0,4037436536.0,767.6717070454072,,,,,0.783,,,,
Liberia,LBR,Africa,Low income,2022,5373297.0,4231561135.0,787.5167025012762,,,,,0.864,,,,
Liberia,LBR,Africa,Low income,2023,5493035.0,,,,,,,0.834,,,,
Libya,LBY,Africa,Upper middle income,1990,4445243.0,20372079786.0,4582.894520277069,68.56485366,3033.325309,,,36.514,,,,
Libya,LBY,Africa,Upper middle income,1991,4544404.0,25389275568.0,5586.931876655332,68.92117073,2895.42572,,,42.62,,,,
Libya,LBY,Africa,Upper middle income,1992,4640360.0,26617785979.0,5736.146759949659,69.273,2771.148348,,,37.024,,,,
Libya,LBY,Africa,Upper middle income,1993,4733053.0,27601955980.0,5831.744537827909,69.61782927,2687.747322,,,38.708,,,,
Libya,LBY,Africa,Upper middle income,1994,4822039.0,30319557468.0,6287.704738182333,69.95663415,2595.847957,,76.505203,51.36,,,,
Libya,LBY,Africa,Upper middle income,1995,4906851.0,31943529585.0,6509.985647617994,70.29190244,2493.559589,,,54.596,,,,
Libya,LBY,Africa,Upper middle income,1996,4987402.0,35211772243.0,7060.143185369858,70.62560976,2431.972321,,,53.952,,,,
Libya,LBY,Africa,Upper middle income,1997,5064642.0,39983284709.0,7894.592492223537,70.95970732,2339.098537,,,51.779,,,,
Libya,LBY,Africa,Upper middle income,1998,5140711.0,41617599793.0,8095.6894470434145,71.29419512,2294.781321,,,51.653,,,,
Libya,LBY,Africa,Upper middle income,1999,5218039.0,45257158417.0,8673.211989599924,71.63002439,2229.101856,,,50.26,,,,
Libya,LBY,Africa,Upper middle income,2000,5305020.0,49983450587.0,9421.915579394612,71.96621951,2125.668386,,,53.239,,,,
Libya,LBY,Africa,Upper middle income,2001,5403639.0,54225701449.0,10035.034066672477,72.30119512,1987.131526,,,53.114,,,,
Libya,LBY,Africa,Upper middle income,2002,5508412.0,57785797189.0,10490.46389213443,72.634,1850.740271,,,52.525,,,,
Libya,LBY,Africa,Upper middle income,2003,5619405.0,70475273789.0,12541.412087044802,72.95965854,1704.544728,,,55.481,,,,
Libya,LBY,Africa,Upper middle income,2004,5736696.0,79415538130.0,13843.428016753895,73.27473171,1530.549251,,85.416817,56.854,,,,
Libya,LBY,Africa,Upper middle income,2005,5858793.0,94523140632.0,16133.551847965955,73.57629268,1352.302407,,,55.986,,,,
Libya,LBY,Africa,Upper middle income,2006,5980212.0,108872914713.0,18205.52761557617,73.85841463,1179.863967,,,51.45,,,,
Libya,LBY,Africa,Upper middle income,2007,6104381.0,123716329182.0,20266.80988326253,74.12065854,1020.378928,,,44.392,,,,
Libya,LBY,Africa,Upper middle income,2008,6235433.0,153726726038.0,24653.73712427028,74.36307317,901.6104006,,,49.699,,,,
Libya,LBY,Africa,Upper middle income,2009,6366689.0,165559661154.0,26004.04404141619,74.58568293,806.2877589,,,51.627,,,,
Libya,LBY,Africa,Upper middle income,2010,6497837.0,187528533215.0,28860.14734056887,74.7924878,759.1279931,,,59.148,,,5.75439405441284,
Libya,LBY,Africa,Upper middle income,2011,6343210.0,79210078190.0,12487.380709451523,74.98746341,1338.264411,,,53.542,,,,
Libya,LBY,Africa,Upper middle income,2012,6179327.0,147985814988.0,23948.532742805164,75.17604878,657.9950318,,,61.606,,,,
Libya,LBY,Africa,Upper middle income,2013,6304636.0,121351322417.0,19247.950621891574,75.36168293,638.9491582,,,51.344,,,5.61540460586548,
Libya,LBY,Africa,Upper middle income,2014,6427260.0,93388346336.0,14530.040224916995,,676.59969,,91.041443,68.348,,,5.43358325958252,
Libya,LBY,Africa,Upper middle income,2015,6531825.0,92601079752.0,14176.907640973235,,650.9156957,,91.38887,60.866,,,5.64685249328613,
Libya,LBY,Africa,Upper middle income,2016,6632130.0,91220396354.0,13754.313675093823,,685.0868277,,,57.379,,,5.49397754669189,
Libya,LBY,Africa,Upper middle income,2017,6738771.0,120859728232.0,17934.980760141574,,685.4828238,,,67.092,,,5.33022212982178,
Libya,LBY,Africa,Upper middle income,2018,6849058.0,130457185445.0,19047.463964387513,,,,,62.645,,,,
Libya,LBY,Africa,Upper middle income,2019,6951040.0,115851209708.0,16666.744790419853,,,,,73.778,,57.84,5.41029977798462,
Libya,LBY,Africa,Upper middle income,2020,7045403.0,81726075633.0,11599.914956319744,,,,,36.111,,,5.3302001953125,
Libya,LBY,Africa,Upper middle income,2021,7135179.0,104883157614.0,14699.443085310124,,,,,56.312,,,,
Libya,LBY,Africa,Upper middle income,2022,7223804.0,91444480945.0,12658.771049851297,,,,,58.974,,,,
Libya,LBY,Africa,Upper middle income,2023,7305659.0,,,,,,,64.219,,,,
Liechtenstein,LIE,Europe,Not classified,1990,28912.0,,,,,,,0.199,,,,
Liechtenstein,LIE,Europe,Not classified,1991,29303.0,,,,,,,0.206,,,,
Liechtenstein,LIE,Europe,Not classified,1992,29750.0,,,,,,,0.207,,,,
Liechtenstein,LIE,Europe,Not classified,1993,30199.0,,,,,,,0.215,,,,
Liechtenstein,LIE,Europe,Not classified,1994,30623.0,,,78.42195122,,,,0.201,,,,
Liechtenstein,LIE,Europe,Not classified,1995,31055.0,,,77.3902439,,,,0.204,,,,
Liechtenstein,LIE,Europe,Not classified,1996,31497.0,,,76.83658537,,,,0.206,,,,
Liechtenstein,LIE,Europe,Not classified,1997,31925.0,,,76.04634146,,,,0.218,,,,
Liechtenstein,LIE,Europe,Not classified,1998,32341.0,,,77.74634146,,,,0.229,,,,
Liechtenstein,LIE,Europe,Not classified,1999,32751.0,,,79.1097561,,,,0.227,,,,
Liechtenstein,LIE,Europe,Not classified,2000,33137.0,,,76.82682927,,,,0.217,,,,
Liechtenstein,LIE,Europe,Not classified,2001,33470.0,,,79.27560976,,,,0.215,,,,
Liechtenstein,LIE,Europe,Not classified,2002,33770.0,,,79.63658537,,,,0.22,,,,
Liechtenstein,LIE,Europe,Not classified,2003,34089.0,,,79.96097561,,,,0.229,,,,
Liechtenstein,LIE,Europe,Not classified,2004,34409.0,,,81.77073171,,,,0.229,,,,
Liechtenstein,LIE,Europe,Not classified,2005,34713.0,,,80.66829268,,,,0.229,,,,
Liechtenstein,LIE,Europe,Not classified,2006,35002.0,,,80.94878049,,,,0.231,,,,
Liechtenstein,LIE,Europe,Not classified,2007,35251.0,,,81.29512195,,,,0.201,,,,
Liechtenstein,LIE,Europe,Not classified,2008,35467.0,,,82.68292683,,,,0.219,,,,
Liechtenstein,LIE,Europe,Not classified,2009,35740.0,,,81.5,,,,0.205,,,,
Liechtenstein,LIE,Europe,Not classified,2010,36021.0,,,81.84146341,,,,0.191,,,,
Liechtenstein,LIE,Europe,Not classified,2011,36295.0,,,81.79268293,,,100.0,0.177,,,,
Liechtenstein,LIE,Europe,Not classified,2012,36621.0,,,82.38292683,,,,0.185,,,,
Liechtenstein,LIE,Europe,Not classified,2013,36930.0,,,82.38292683,,,,0.192,,,,
Liechtenstein,LIE,Europe,Not classified,2014,37191.0,,,,,,,0.161,,,,
Liechtenstein,LIE,Europe,Not classified,2015,37424.0,,,,,,,0.16,,,,
Liechtenstein,LIE,Europe,Not classified,2016,37635.0,,,,,,,0.15,,,,
Liechtenstein,LIE,Europe,Not classified,2017,37872.0,,,,,,,0.155,,,,
Liechtenstein,LIE,Europe,Not classified,2018,38157.0,,,,,,,0.143,,,,
Liechtenstein,LIE,Europe,Not classified,2019,38463.0,,,,,,,0.149,,,,
Liechtenstein,LIE,Europe,Not classified,2020,38793.0,,,,,,,0.142,,,,
Liechtenstein,LIE,Europe,Not classified,2021,39062.0,,,,,,,0.146,,,,
Liechtenstein,LIE,Europe,Not classified,2022,39338.0,,,,,,,0.128,,,,
Liechtenstein,LIE,Europe,Not classified,2023,39622.0,,,,,,,0.131,,,,
Lithuania,LTU,Europe,High income,1990,3695016.0,51021989460.0,13808.327070843536,71.16073171,1121.554298,,,35.738,0.59,,,
Lithuania,LTU,Europe,High income,1991,3701408.0,47786759590.0,12910.42748867458,70.36414634,1267.951644,,,37.82,0.457,,,
Lithuania,LTU,Europe,High income,1992,3697552.0,37159351315.0,10049.71703305322,70.23439024,1350.925766,,,21.168,0.662,,,
Lithuania,LTU,Europe,High income,1993,3680201.0,30736278642.0,8351.79345965071,68.9104878,1309.192521,,,16.32,1.064,,,
Lithuania,LTU,Europe,High income,1994,3654893.0,27661451474.0,7568.334141108919,68.5302439,1255.393022,,,15.767,1.418,,,
Lithuania,LTU,Europe,High income,1995,3627038.0,29216540607.0,8055.206647131902,69.00634146,1147.947045,,,15.057,1.051,,,
Lithuania,LTU,Europe,High income,1996,3599721.0,30721763295.0,8534.484560053404,70.10804878,1009.529793,,,15.74,0.843,,,
Lithuania,LTU,Europe,High income,1997,3573418.0,33267370320.0,9309.677826663436,70.90902439,953.9390322,,,15.163,0.822,,,
Lithuania,LTU,Europe,High income,1998,3547768.0,35744382405.0,10075.174702799055,71.2195122,894.5728391,,,15.997,1.083,,,
Lithuania,LTU,Europe,High income,1999,3522905.0,35335381903.0,10030.18301742454,71.57073171,846.7636511,,,13.45,1.314,,,
Lithuania,LTU,Europe,High income,2000,3500410.0,36684799266.0,10480.143544899027,72.0195122,812.5188272,,,11.843,1.209,,,
Lithuania,LTU,Europe,High income,2001,3473008.0,39077069410.0,11251.649696747027,71.65853659,772.5208085,,99.645752,12.594,1.01,,,
Lithuania,LTU,Europe,High income,2002,3444051.0,41716677051.0,12112.676917676306,71.76097561,751.4725825,,,12.666,1.01,,,
Lithuania,LTU,Europe,High income,2003,3415276.0,46106059871.0,13499.951357079193,72.06097561,728.2218101,,,12.659,0.896,,,
Lithuania,LTU,Europe,High income,2004,3376703.0,49123583277.0,14547.7950761438,71.96097561,738.6038178,,,13.254,1.144,,5.95444297790527,
Lithuania,LTU,Europe,High income,2005,3322264.0,52913078254.0,15926.813237599421,71.25365854,718.8716537,,,13.863,1.363,,5.80828475952148,
Lithuania,LTU,Europe,High income,2006,3269809.0,56827410871.0,17379.428239080633,71.05609756,700.9444228,,,14.195,1.571,,5.55392599105835,
Lithuania,LTU,Europe,High income,2007,3231378.0,63122228308.0,19534.151779209984,70.9,642.2381924,,,15.474,2.221,,5.46692085266113,
Lithuania,LTU,Europe,High income,2008,3198482.0,64776249050.0,20252.184958364625,71.81219512,584.175281,,,14.919,2.403,,5.06582498550415,
Lithuania,LTU,Europe,High income,2009,3163255.0,55174536683.0,17442.329715119395,72.91463415,527.7451577,,,12.829,2.737,,5.43243741989136,
Lithuania,LTU,Europe,High income,2010,3097721.0,56073777524.0,18101.622942802143,73.26829268,466.4613028,,,13.802,4.494,,5.77103710174561,
Lithuania,LTU,Europe,High income,2011,3028642.0,59460372771.0,19632.68447409763,73.56341463,424.128885,,99.815598,13.96,5.089,,5.59568929672241,
Lithuania,LTU,Europe,High income,2012,2988334.0,61745948022.0,20662.33159412569,73.86341463,390.8859554,,,14.054,5.654,,6.12572383880615,
Lithuania,LTU,Europe,High income,2013,2958359.0,63937849304.0,21612.606618736943,74.16341463,392.8013391,,,13.148,7.556,,5.71137809753418,
Lithuania,LTU,Europe,High income,2014,2933171.0,66199372603.0,22569.216933823496,,412.5202401,,,12.846,7.885,,5.86555242538452,
Lithuania,LTU,Europe,High income,2015,2905771.0,67539660018.0,23243.283802474456,,421.0177267,,99.82328,13.045,8.308,,6.27294063568115,
Lithuania,LTU,Europe,High income,2016,2869109.0,69240911932.0,24133.24552395883,,417.66731,,,13.102,9.468,,6.30887889862061,
Lithuania,LTU,Europe,High income,2017,2829317.0,72206131673.0,25520.693394554233,,387.5722797,,,13.277,10.892,,6.06409788131714,
Lithuania,LTU,Europe,High income,2018,2802485.0,75089601435.0,26793.935180741377,,,,,13.414,9.533,,6.39137887954712,
Lithuania,LTU,Europe,High income,2019,2795057.0,78562641002.0,28107.70621207367,,,,,13.647,10.436,,6.25540018081665,
Lithuania,LTU,Europe,High income,2020,2795766.0,78545278418.0,28094.367846951427,,,,,13.5,11.356,,6.4456000328064,
Lithuania,LTU,Europe,High income,2021,2794490.0,83242845981.0,29788.206785853592,,,,,13.778,12.011,,,
Lithuania,LTU,Europe,High income,2022,2816923.0,84814257826.0,30108.83074404235,,,,,12.895,14.382,,,
Lithuania,LTU,Europe,High income,2023,2854104.0,,,,,,,12.507,18.719,,,
Luxembourg,LUX,Europe,High income,1990,381707.0,14057150121.0,36827.06924683068,75.00992683,740.4272991,,,11.809,0.629,,,
Luxembourg,LUX,Europe,High income,1991,386819.0,15215996110.0,39336.21696452346,75.46341463,701.7127763,,,12.42,0.694,,,
Luxembourg,LUX,Europe,High income,1992,391972.0,15437632140.0,39384.527823415956,75.77073171,648.9639173,,,12.189,0.578,,,
Luxembourg,LUX,Europe,High income,1993,397210.0,16036038097.0,40371.68776465849,75.71219512,590.0177829,,,12.338,0.572,,,
Luxembourg,LUX,Europe,High income,1994,402597.0,16598368279.0,41228.246308343085,76.37073171,538.435075,,,11.524,0.733,,,
Luxembourg,LUX,Europe,High income,1995,408237.0,16769949507.0,41078.95537886081,76.51219512,492.5451497,,,9.134,0.9,,,
Luxembourg,LUX,Europe,High income,1996,413779.0,16910298497.0,40867.947616964615,76.5195122,466.398352,,,9.186,0.616,,,
Luxembourg,LUX,Europe,High income,1997,418970.0,17813499245.0,42517.362209704756,76.8804878,438.1753956,,,8.548,0.855,,,
Luxembourg,LUX,Europe,High income,1998,424158.0,18821504348.0,44373.80492175086,77.01707317,424.6695493,,,7.657,1.224,,,
Luxembourg,LUX,Europe,High income,1999,429909.0,20355341580.0,47348.02383760284,77.77073171,399.0198324,,,8.119,0.99,,,
Luxembourg,LUX,Europe,High income,2000,436142.0,21937467256.0,50298.91011642997,77.87317073,372.2194171,,100.0,8.702,1.296,,,
Luxembourg,LUX,Europe,High income,2001,441754.0,22387796714.0,50679.32993023266,77.82439024,365.3651356,,,9.205,1.186,,,
Luxembourg,LUX,Europe,High income,2002,446392.0,23160273686.0,51883.263333572286,77.96585366,348.3023356,,,9.978,0.975,,,
Luxembourg,LUX,Europe,High income,2003,451845.0,23454191347.0,51907.604038995676,77.72682927,326.8367255,,,10.451,0.872,,,
Luxembourg,LUX,Europe,High income,2004,458305.0,24195538088.0,52793.52851921755,79.12195122,298.88074,,,11.816,1.057,,,
Luxembourg,LUX,Europe,High income,2005,465369.0,24872864640.0,53447.618212644156,79.43170732,272.4388819,,,12.076,1.108,,,
Luxembourg,LUX,Europe,High income,2006,472869.0,26045643731.0,55080.04062647372,79.28780488,252.3244471,,,11.906,1.321,,,
Luxembourg,LUX,Europe,High income,2007,480277.0,28135947926.0,58582.75104991494,79.38292683,236.3682013,,,11.302,2.484,,6.95792007446289,
Luxembourg,LUX,Europe,High income,2008,488995.0,27660465282.0,56565.947058763384,80.53902439,220.9281023,,,11.167,2.585,,7.09725189208984,
Luxembourg,LUX,Europe,High income,2009,498196.0,26344603078.0,52879.997185846536,80.63658537,215.0493724,,,10.62,2.554,,7.10140037536621,
Luxembourg,LUX,Europe,High income,2010,507418.0,27526699944.0,54248.56813120544,80.63170732,213.3508027,,,11.191,2.428,,6.96409702301025,
Luxembourg,LUX,Europe,High income,2011,518583.0,28143126706.0,54269.28130308938,80.98780488,204.118156,,,11.09,2.491,,7.13080930709839,
Luxembourg,LUX,Europe,High income,2012,530951.0,28607408843.0,53879.56486191758,81.39268293,189.8910785,,,10.858,2.902,,6.89112710952759,
Luxembourg,LUX,Europe,High income,2013,543358.0,29514812514.0,54319.27479488661,81.79756098,189.1775099,,,10.323,3.551,,6.70157146453857,
Luxembourg,LUX,Europe,High income,2014,556285.0,30289014849.0,54448.73553843803,,183.6360834,,,9.807,4.242,,6.96734094619751,
Luxembourg,LUX,Europe,High income,2015,569540.0,30976491415.0,54388.61434666573,,178.5892752,,,9.334,4.903,,7.0613808631897,
Luxembourg,LUX,Europe,High income,2016,583511.0,32518554202.0,55729.11942019945,,172.3152808,,,9.077,5.297,,7.24263095855713,
Luxembourg,LUX,Europe,High income,2017,596506.0,32946911821.0,55233.16080810587,,166.9540009,,,9.251,6.526,,7.40401554107666,
Luxembourg,LUX,Europe,High income,2018,608109.0,33348602359.0,54839.84344747406,,,,,9.556,6.964,,,
Luxembourg,LUX,Europe,High income,2019,620167.0,34122291521.0,55021.13385749322,,,,,9.75,7.718,,7.32439994812012,
Luxembourg,LUX,Europe,High income,2020,630597.0,33850190319.0,53679.59301899628,,,,,8.069,10.605,,7.40399980545044,
Luxembourg,LUX,Europe,High income,2021,640276.0,35577396523.0,55565.7193507175,,,,,8.41,9.928,,,
Luxembourg,LUX,Europe,High income,2022,653315.0,36128358732.0,55300.06005066469,,,,,7.274,11.035,,,
Luxembourg,LUX,Europe,High income,2023,665101.0,,,,,,,6.841,12.572,,,
Macao,MAC,Asia,Not classified,1990,351123.0,,,75.27697561,,,,0.901,,,,
Macao,MAC,Asia,Not classified,1991,362275.0,,,75.53078049,,,,0.967,,,,
Macao,MAC,Asia,Not classified,1992,372256.0,,,75.77960976,,,,0.978,,,,
Macao,MAC,Asia,Not classified,1993,381331.0,,,76.02441463,,,,1.103,,,,
Macao,MAC,Asia,Not classified,1994,390126.0,,,76.2652439,,,,1.18,,,,
Macao,MAC,Asia,Not classified,1995,398703.0,,,76.50207317,,,,1.125,,,,
Macao,MAC,Asia,Not classified,1996,407033.0,,,76.73441463,,,,1.301,,,,
Macao,MAC,Asia,Not classified,1997,415074.0,,,76.9627561,,,,1.367,,,,
Macao,MAC,Asia,Not classified,1998,422816.0,,,77.18660976,,,,1.444,,,,
Macao,MAC,Asia,Not classified,1999,430253.0,,,77.40697561,,,,1.425,,,,
Macao,MAC,Asia,Not classified,2000,437316.0,,,77.62282927,,,,1.528,,,,
Macao,MAC,Asia,Not classified,2001,445121.0,,,77.83465854,,,91.295372,1.561,,,,
Macao,MAC,Asia,Not classified,2002,456026.0,,,78.04197561,,,,1.389,,,,
Macao,MAC,Asia,Not classified,2003,469062.0,,,78.24629268,,,,1.422,,,,
Macao,MAC,Asia,Not classified,2004,482209.0,,,78.44812195,,,,1.583,,,,
Macao,MAC,Asia,Not classified,2005,495416.0,,,78.64902439,,,,1.682,,,,
Macao,MAC,Asia,Not classified,2006,508752.0,,,78.85156098,,,93.499748,1.455,,,,
Macao,MAC,Asia,Not classified,2007,522281.0,,,79.05726829,,,,1.363,,,,
Macao,MAC,Asia,Not classified,2008,535935.0,,,79.26614634,,,,1.129,,,,
Macao,MAC,Asia,Not classified,2009,549492.0,,,79.47770732,,,,1.894,,,,
Macao,MAC,Asia,Not classified,2010,562809.0,,,79.69295122,,,,1.235,,,,
Macao,MAC,Asia,Not classified,2011,575644.0,,,79.90982927,,,95.640038,1.293,,,,
Macao,MAC,Asia,Not classified,2012,587450.0,,,80.12778049,,,,1.132,,,,
Macao,MAC,Asia,Not classified,2013,598752.0,,,80.3437561,,,,0.989,,,,
Macao,MAC,Asia,Not classified,2014,610308.0,,,,,,,1.293,,,,
Macao,MAC,Asia,Not classified,2015,622185.0,,,,,,96.2276,1.773,,,,
Macao,MAC,Asia,Not classified,2016,634317.0,,,,,,,1.781,,,,
Macao,MAC,Asia,Not classified,2017,646558.0,,,,,,,1.927,,,,
Macao,MAC,Asia,Not classified,2018,658777.0,,,,,,,1.242,,,,
Macao,MAC,Asia,Not classified,2019,670982.0,,,,,,,1.213,,,,
Macao,MAC,Asia,Not classified,2020,683069.0,,,,,,,1.033,,,,
Macao,MAC,Asia,Not classified,2021,694404.0,,,,,,,1.03,,,,
Macao,MAC,Asia,Not classified,2022,704360.0,,,,,,,1.049,,,,
Macao,MAC,Asia,Not classified,2023,713916.0,,,,,,,1.043,,,,
Madagascar,MDG,Africa,Low income,1990,12055649.0,14680679623.0,1217.742787883091,51.00809756,9148.393189,,,0.944,,,,
Madagascar,MDG,Africa,Low income,1991,12421413.0,13914919701.0,1120.236457881241,51.5982439,8990.935346,,,1.025,,,,
Madagascar,MDG,Africa,Low income,1992,12800870.0,14242717909.0,1112.6367121140986,52.28012195,8851.901249,,,1.003,,,,
Madagascar,MDG,Africa,Low income,1993,13197353.0,14700034150.0,1113.862313904917,53.02280488,8716.360981,,,1.028,,,,
Madagascar,MDG,Africa,Low income,1994,13613859.0,14862800285.0,1091.7404304686863,53.80729268,8551.831597,,,1.152,,,,
Madagascar,MDG,Africa,Low income,1995,14051279.0,15288150117.0,1088.0255183175852,54.61404878,8332.819664,,,1.192,,,,
Madagascar,MDG,Africa,Low income,1996,14510712.0,15793796727.0,1088.4232784028793,55.427,8083.129817,,,1.249,,,,
Madagascar,MDG,Africa,Low income,1997,14990818.0,16561069372.0,1104.7475442634284,56.2335122,7857.217417,,,1.535,,,,
Madagascar,MDG,Africa,Low income,1998,15489364.0,17393932608.0,1122.9597682642102,57.02043902,7642.076689,,,1.619,,,,
Madagascar,MDG,Africa,Low income,1999,16000506.0,18416245876.0,1150.9789675401516,57.77173171,7478.255604,,,1.766,,,,
Madagascar,MDG,Africa,Low income,2000,16516336.0,19457200304.0,1178.0579121180388,58.47280488,7371.828502,,70.686172,1.955,,,,
Madagascar,MDG,Africa,Low income,2001,17032933.0,20850416898.0,1224.1236960187655,59.11360976,7020.78252,,,1.747,,,,
Madagascar,MDG,Africa,Low income,2002,17549915.0,18473840634.0,1052.6455902492976,59.69917073,6859.400048,,,1.232,,,,
Madagascar,MDG,Africa,Low income,2003,18071860.0,20509701124.0,1134.8970788839665,60.2355122,6758.74149,,,1.699,,,,
Madagascar,MDG,Africa,Low income,2004,18606606.0,21834931987.0,1173.5042912716053,60.72870732,6700.379181,,,1.804,,,3.97975134849548,
Madagascar,MDG,Africa,Low income,2005,19159711.0,23129761607.0,1207.2082719306152,61.18678049,6631.752321,,,1.741,,,,
Madagascar,MDG,Africa,Low income,2006,19730916.0,24652234312.0,1249.4216848320675,61.62236585,6573.719764,,,1.675,,,4.64007902145386,
Madagascar,MDG,Africa,Low income,2007,20318590.0,26539188296.0,1306.1530497933175,62.048,6470.338015,,,1.728,,,,
Madagascar,MDG,Africa,Low income,2008,20923842.0,28762450059.0,1374.6256571331403,62.4747561,6374.242248,,,1.787,,,,
Madagascar,MDG,Africa,Low income,2009,21547277.0,27725052410.0,1286.7079404047204,62.90765854,6409.531179,,64.480911,1.699,,,4.38141536712646,
Madagascar,MDG,Africa,Low income,2010,22183343.0,28122419419.0,1267.7268443714727,63.34973171,6442.018254,,,1.872,,,3.55060958862305,
Madagascar,MDG,Africa,Low income,2011,22822305.0,28843634595.0,1263.835295996614,63.79890244,6331.776726,,,2.33,,,3.81560707092285,
Madagascar,MDG,Africa,Low income,2012,23462444.0,29712119552.0,1266.369332708903,64.24863415,6119.521656,,,2.66,,,3.67562699317932,
Madagascar,MDG,Africa,Low income,2013,24109290.0,30395500923.0,1260.7381189159864,64.69139024,5971.088428,,,3.061,,,3.59251403808594,
Madagascar,MDG,Africa,Low income,2014,24764356.0,31410405446.0,1268.3715839814288,,5863.050213,,,2.971,,,3.6630859375,
Madagascar,MDG,Africa,Low income,2015,25426703.0,32394175176.0,1274.0218492346412,,5751.673669,,64.656303,3.121,,,4.07862043380737,
Madagascar,MDG,Africa,Low income,2016,26099950.0,33687674194.0,1290.7179589999214,,5644.621398,,,3.257,,,4.07058668136597,
Madagascar,MDG,Africa,Low income,2017,26788379.0,35012614968.0,1307.0076008705119,,5515.980977,,,3.804,,,4.33908748626709,
Madagascar,MDG,Africa,Low income,2018,27494930.0,36130917975.0,1314.0938338450035,,,,,3.604,,,,
Madagascar,MDG,Africa,Low income,2019,28219559.0,37724649896.0,1336.826344309633,,,,,4.147,,7.04,4.20849990844727,
Madagascar,MDG,Africa,Low income,2020,28953560.0,35031864099.0,1209.9328752319232,,,,,3.788,,,4.3390998840332,
Madagascar,MDG,Africa,Low income,2021,29691087.0,37042695870.0,1247.6032241594928,,,,,4.246,,,,
Madagascar,MDG,Africa,Low income,2022,30437261.0,38602188321.0,1268.2543386870454,,,,,4.21,,,,
Madagascar,MDG,Africa,Low income,2023,31195937.0,,,,,,,4.447,,,,
Malawi,MWI,Africa,Low income,1990,9545860.0,8210711250.0,860.1332148177326,47.11682927,13107.78678,,,0.737,,,,
Malawi,MWI,Africa,Low income,1991,9844228.0,8902464020.0,904.3333839890746,47.16973171,12693.70353,,,0.787,,,,
Malawi,MWI,Africa,Low income,1992,10135082.0,8227066430.0,811.7414767833156,47.13953659,12299.02114,,,0.787,,,,
Malawi,MWI,Africa,Low income,1993,10284027.0,9004543312.0,875.5853433679239,47.03173171,12302.8952,,,0.879,,,,
Malawi,MWI,Africa,Low income,1994,10164899.0,8059879526.0,792.9128981999722,46.86331707,12428.03275,,,0.902,,,,
Malawi,MWI,Africa,Low income,1995,10150122.0,9155587639.0,902.0174968340282,46.65182927,11517.82612,,,0.903,,,,
Malawi,MWI,Africa,Low income,1996,10352227.0,10064712785.0,972.2268247209031,46.41978049,10611.67657,,,0.92,,,,
Malawi,MWI,Africa,Low income,1997,10562035.0,10717042869.0,1014.6759472961413,46.20258537,10217.80269,,,0.918,,,,
Malawi,MWI,Africa,Low income,1998,10792877.0,10822285917.0,1002.7248450065724,46.04012195,9884.435816,,64.134247,0.902,,,,
Malawi,MWI,Africa,Low income,1999,11047812.0,11194866591.0,1013.3107434304638,45.96821951,9614.567351,,,0.893,,,,
Malawi,MWI,Africa,Low income,2000,11315947.0,11274206470.0,996.3113533493927,46.03421951,9151.366921,,,0.854,,,,
Malawi,MWI,Africa,Low income,2001,11593057.0,10808318915.0,932.3096500776284,46.28092683,8768.785266,,,0.777,,,,
Malawi,MWI,Africa,Low income,2002,11880443.0,10984271331.0,924.5674871719851,46.7112439,8545.23435,,,0.856,,,,
Malawi,MWI,Africa,Low income,2003,12181575.0,11581699921.0,950.7555403139578,47.31204878,8007.422389,,,0.915,,,,
Malawi,MWI,Africa,Low income,2004,12500736.0,12176822884.0,974.0884763905101,48.06580488,7616.151013,,,0.902,,,3.82986807823181,
Malawi,MWI,Africa,Low income,2005,12840034.0,12535229211.0,976.2613721272078,48.93997561,7290.096373,,,0.845,,,4.89103651046753,
Malawi,MWI,Africa,Low income,2006,13198699.0,13079496449.0,990.9686135732014,49.89058537,7033.264566,,,0.851,,,,
Malawi,MWI,Africa,Low income,2007,13576344.0,14282894527.0,1052.0427684360384,50.86329268,6764.044264,,,0.919,,,5.14823961257935,
Malawi,MWI,Africa,Low income,2008,13976415.0,15293785292.0,1094.2566668204972,51.80573171,6508.038683,,,0.999,,,,
Malawi,MWI,Africa,Low income,2009,14395788.0,16486871191.0,1145.2565980410382,52.683,6275.312156,,,1.018,,,3.94606256484985,
Malawi,MWI,Africa,Low income,2010,14826466.0,17495879385.0,1180.0438071351596,53.46570732,6013.865742,,61.309719,0.972,,,4.27926969528198,
Malawi,MWI,Africa,Low income,2011,15265026.0,18220347468.0,1193.6008145678886,54.13995122,5703.411552,,,1.034,,,4.03508424758911,
Malawi,MWI,Africa,Low income,2012,15709577.0,18563980884.0,1181.6983286055379,54.72378049,5385.560833,,,1.041,,,4.56308031082153,
Malawi,MWI,Africa,Low income,2013,16161816.0,19529310978.0,1208.3611753778164,55.23470732,5172.101153,,,1.12,,,3.86763834953308,
Malawi,MWI,Africa,Low income,2014,16621534.0,20642483934.0,1241.9120842877678,,4999.618854,,,1.015,,,3.47649264335632,
Malawi,MWI,Africa,Low income,2015,17085587.0,21251437245.0,1243.822482950103,,4855.264696,,65.963829,1.05,,,3.41686296463013,
Malawi,MWI,Africa,Low income,2016,17557741.0,21733841491.0,1237.8495326363454,,4807.757868,,,1.172,,,3.33463358879089,
Malawi,MWI,Africa,Low income,2017,18039714.0,22603193649.0,1252.96851430128,,4574.614403,,,1.193,,,3.86912369728088,
Malawi,MWI,Africa,Low income,2018,18528086.0,23595927755.0,1273.5221411968835,,,,,1.69,,,,
Malawi,MWI,Africa,Low income,2019,19025748.0,24881432457.0,1307.776832584979,,,,,1.695,,9.27,3.59999990463257,
Malawi,MWI,Africa,Low income,2020,19533885.0,25108605204.0,1285.387172290612,,,,,1.868,,,3.75040006637573,
Malawi,MWI,Africa,Low income,2021,20047264.0,26255309111.0,1309.6704423606134,,,,,1.682,,,,
Malawi,MWI,Africa,Low income,2022,20568731.0,26465351444.0,1286.6788643402454,,,,,1.801,,,,
Malawi,MWI,Africa,Low income,2023,21104480.0,,,,,,,1.853,,,,
Malaysia,MYS,Asia,Upper middle income,1990,17833179.0,143192117242.0,8029.534007481224,70.7574878,1379.022173,,,54.269,4.645,,,
Malaysia,MYS,Asia,Upper middle income,1991,18342474.0,157808067102.0,8603.423240616288,70.98887805,1267.112242,,82.915367,65.785,4.096,,,
Malaysia,MYS,Asia,Upper middle income,1992,18834569.0,173041788524.0,9187.456772915803,71.21429268,1218.219395,,,72.961,3.497,,,
Malaysia,MYS,Asia,Upper middle income,1993,19322667.0,191754981739.0,9923.836173288088,71.43521951,1142.873507,,,86.612,3.937,,,
Malaysia,MYS,Asia,Upper middle income,1994,19820446.0,211154262265.0,10653.35574512299,71.65065854,1060.332176,,,87.497,4.956,,,
Malaysia,MYS,Asia,Upper middle income,1995,20330602.0,233787220224.0,11499.276815511907,71.86263415,1006.911482,,,109.595,4.343,,,
Malaysia,MYS,Asia,Upper middle income,1996,20850085.0,259190306939.0,12431.139102742267,72.06963415,877.6592215,,,110.108,3.241,,,
Malaysia,MYS,Asia,Upper middle income,1997,21375225.0,280383835444.0,13117.234342281778,72.27268293,884.0278991,,,118.471,2.248,,,
Malaysia,MYS,Asia,Upper middle income,1998,21906713.0,261784096585.0,11949.948702253962,72.47026829,816.6577243,,,109.782,2.498,,,
Malaysia,MYS,Asia,Upper middle income,1999,22435532.0,279671618438.0,12465.566603813986,72.66385366,768.507987,,,103.987,3.965,,,
Malaysia,MYS,Asia,Upper middle income,2000,22967817.0,305803211129.0,13314.42213811613,72.85141463,654.9579899,,88.687759,122.881,3.472,,,
Malaysia,MYS,Asia,Upper middle income,2001,23526535.0,309934494308.0,13173.826673073616,73.03136585,639.2345475,,,130.89,2.964,,,
Malaysia,MYS,Asia,Upper middle income,2002,24102477.0,329700338274.0,13679.106021924634,73.20419512,578.16329,,,132.035,2.442,,,
Malaysia,MYS,Asia,Upper middle income,2003,24679604.0,350966698067.0,14220.92097049045,73.36987805,588.1388723,,,153.384,2.124,,,
Malaysia,MYS,Asia,Upper middle income,2004,25256773.0,377079435469.0,14929.834285203418,73.52997561,605.0973526,,,169.674,2.19,,6.01171684265137,
Malaysia,MYS,Asia,Upper middle income,2005,25836075.0,399781035415.0,15473.752704890352,73.687,604.8519853,,,169.978,2.155,,6.23890447616577,
Malaysia,MYS,Asia,Upper middle income,2006,26417909.0,426608936099.0,16148.474737307937,73.84304878,553.5979565,,,170.166,2.242,,5.80678176879883,
Malaysia,MYS,Asia,Upper middle income,2007,26998383.0,458125848157.0,16968.64023882467,74.00068293,604.7057721,,,175.454,2.063,,5.3847017288208,
Malaysia,MYS,Asia,Upper middle income,2008,27570052.0,485245105845.0,17600.44216982253,74.16146341,657.8814624,,,192.847,2.527,,5.58028173446655,
Malaysia,MYS,Asia,Upper middle income,2009,28124779.0,483081319364.0,17176.35965651499,74.32592683,665.3496342,,,192.123,2.488,,5.78636741638184,
Malaysia,MYS,Asia,Upper middle income,2010,28655772.0,525056610488.0,18322.89182395784,74.49558537,572.5459725,,93.117889,199.346,2.202,,5.91428375244141,
Malaysia,MYS,Asia,Upper middle income,2011,29162034.0,557469657636.0,19116.28172561626,74.66839024,581.0426205,,,203.453,2.703,,5.7701997756958,
Malaysia,MYS,Asia,Upper middle income,2012,29662835.0,587985572583.0,19822.298596307468,74.84229268,603.779755,,,212.994,2.877,,5.96292161941528,
Malaysia,MYS,Asia,Upper middle income,2013,30174269.0,615585637854.0,20401.012460450987,75.01626829,559.2493355,,,241.671,3.328,,6.32212114334106,
Malaysia,MYS,Asia,Upper middle income,2014,30696133.0,652563833807.0,21258.828719793466,,643.8649929,,,245.053,3.679,,,
Malaysia,MYS,Asia,Upper middle income,2015,31232796.0,685237676618.0,21939.684062163375,,686.4721758,,94.636993,235.942,3.849,,,
Malaysia,MYS,Asia,Upper middle income,2016,31789692.0,715730748101.0,22514.554343621825,,598.9981131,,,237.294,4.961,,5.33881759643555,
Malaysia,MYS,Asia,Upper middle income,2017,32355642.0,757336192678.0,23406.61924365463,,573.4911005,,,244.457,6.312,,5.42795419692993,
Malaysia,MYS,Asia,Upper middle income,2018,32910963.0,794013962862.0,24126.123652534872,,,,,262.647,6.332,,,
Malaysia,MYS,Asia,Upper middle income,2019,33440590.0,829053844392.0,24791.842619762392,,,,,277.673,6.431,,5.38430023193359,
Malaysia,MYS,Asia,Upper middle income,2020,33889554.0,783174020832.0,23109.599519427138,,,,,262.159,7.175,,5.71129989624023,
Malaysia,MYS,Asia,Upper middle income,2021,34282404.0,807389756202.0,23551.141751961153,,,,,273.332,7.646,,,
Malaysia,MYS,Asia,Upper middle income,2022,34695494.0,877584198429.0,25293.89546749212,,,,,281.884,7.833,,,
Malaysia,MYS,Asia,Upper middle income,2023,35126295.0,,,,,,,276.297,8.117,,,
Maldives,MDV,Asia,Upper middle income,1990,224772.0,,,60.60426829,3514.043431,,96.018257,0.169,,,,
Maldives,MDV,Asia,Upper middle income,1991,231810.0,,,61.4132439,3325.443513,,,0.154,,,,
Maldives,MDV,Asia,Upper middle income,1992,238559.0,,,62.21578049,3158.331956,,,0.231,,,,
Maldives,MDV,Asia,Upper middle income,1993,244893.0,,,63.00960976,3034.255808,,,0.194,,,,
Maldives,MDV,Asia,Upper middle income,1994,250831.0,,,63.80326829,2910.243977,,,0.198,,,,
Maldives,MDV,Asia,Upper middle income,1995,256660.0,,,64.61690244,2785.610008,,96.3265,0.249,,,,
Maldives,MDV,Asia,Upper middle income,1996,262354.0,,,65.47697561,2650.76096,,,0.289,,,,
Maldives,MDV,Asia,Upper middle income,1997,267711.0,,,66.3964878,2547.294265,,,0.33,,,,
Maldives,MDV,Asia,Upper middle income,1998,272734.0,,,67.37665854,2491.159348,,,0.3,,,,
Maldives,MDV,Asia,Upper middle income,1999,277423.0,,,68.40607317,2440.850544,,,0.421,,,,
Maldives,MDV,Asia,Upper middle income,2000,282025.0,,,69.46160976,2374.805015,,96.3265,0.451,,,,
Maldives,MDV,Asia,Upper middle income,2001,286778.0,,,70.51185366,2280.148514,,,0.462,,,,
Maldives,MDV,Asia,Upper middle income,2002,291631.0,,,71.52341463,2159.957093,,,0.59,,,,
Maldives,MDV,Asia,Upper middle income,2003,296497.0,,,72.46621951,1986.961616,,,0.509,,,,
Maldives,MDV,Asia,Upper middle income,2004,301416.0,,,73.32380488,1817.521318,,,0.663,,,,
Maldives,MDV,Asia,Upper middle income,2005,306429.0,,,74.08456098,1633.432103,,,0.601,,,,
Maldives,MDV,Asia,Upper middle income,2006,313866.0,,,74.74960976,1479.874718,,98.397903,0.744,,,,
Maldives,MDV,Asia,Upper middle income,2007,324489.0,,,75.33743902,1332.479645,,,0.78,,,,
Maldives,MDV,Asia,Upper middle income,2008,336178.0,,,75.86709756,1217.647365,,,0.839,,,,
Maldives,MDV,Asia,Upper middle income,2009,348282.0,,,76.34641463,1116.321663,,,0.883,,,,
Maldives,MDV,Asia,Upper middle income,2010,360802.0,,,76.78631707,1028.73023,,,0.931,,,,
Maldives,MDV,Asia,Upper middle income,2011,373683.0,,,77.19287805,948.934271,,,0.986,,,,
Maldives,MDV,Asia,Upper middle income,2012,386821.0,,,77.57382927,881.5192852,,,1.11,,,,
Maldives,MDV,Asia,Upper middle income,2013,400077.0,,,77.93536585,814.221434,,,1.096,,,,
Maldives,MDV,Asia,Upper middle income,2014,413623.0,,,,766.5547178,,,1.319,,,,
Maldives,MDV,Asia,Upper middle income,2015,428165.0,,,,714.4611685,,99.321022,1.282,,,,
Maldives,MDV,Asia,Upper middle income,2016,443316.0,,,,667.2455006,,,1.433,,,5.19757461547852,
Maldives,MDV,Asia,Upper middle income,2017,458297.0,,,,627.7546001,,,1.513,,,,
Maldives,MDV,Asia,Upper middle income,2018,473106.0,,,,,,,1.737,,,,
Maldives,MDV,Asia,Upper middle income,2019,487737.0,,,,,,,1.993,,,5.1975998878479,
Maldives,MDV,Asia,Upper middle income,2020,502127.0,,,,,,,1.678,,,,
Maldives,MDV,Asia,Upper middle income,2021,516163.0,,,,,,,1.997,,,,
Maldives,MDV,Asia,Upper middle income,2022,524116.0,,,,,,,2.216,,,,
Maldives,MDV,Asia,Upper middle income,2023,526009.0,,,,,,,2.205,,,,
Mali,MLI,Africa,Low income,1990,9178826.0,9628796516.0,1049.02266542584,46.46470732,14224.61608,,,0.422,,,,
Mali,MLI,Africa,Low income,1991,9362885.0,10269524230.0,1096.8333190037044,46.8365122,14141.55805,,,0.426,,,,
Mali,MLI,Africa,Low income,1992,9553540.0,9995131433.0,1046.2228067292333,47.12346341,13990.09963,,,0.463,,,,
Mali,MLI,Africa,Low income,1993,9754786.0,10249532964.0,1050.7183821357023,47.34229268,13787.4669,,,0.503,,,,
Mali,MLI,Africa,Low income,1994,9967035.0,10520791586.0,1055.5588082112683,47.51160976,13396.36138,,,0.548,,,,
Mali,MLI,Africa,Low income,1995,10185368.0,10736646746.0,1054.1245781202997,47.66197561,13085.76665,,,0.595,,,,
Mali,MLI,Africa,Low income,1996,10407274.0,11389964147.0,1094.4233953098574,47.82746341,12906.93293,,,0.646,,,,
Mali,MLI,Africa,Low income,1997,10646499.0,11793168043.0,1107.7038604897252,48.0354878,12548.37013,,,0.723,,,,
Mali,MLI,Africa,Low income,1998,10919577.0,12008585843.0,1099.7299476893656,48.30502439,12111.62971,,19.04497,0.931,,,,
Mali,MLI,Africa,Low income,1999,11227420.0,12634193722.0,1125.2980401552627,48.64504878,11574.86065,,,0.971,,,,
Mali,MLI,Africa,Low income,2000,11559291.0,12490372339.0,1080.5483086289635,49.0554878,11161.6514,,,1.066,,,,
Mali,MLI,Africa,Low income,2001,11912162.0,14257391001.0,1196.8768558553854,49.52429268,10664.29234,,,1.161,,,,
Mali,MLI,Africa,Low income,2002,12288051.0,14544531770.0,1183.63211301776,50.02390244,10240.22158,,,1.209,,,,
Mali,MLI,Africa,Low income,2003,12684951.0,15730792757.0,1240.1145859373048,50.53080488,9910.803907,,24.0,1.246,,,,
Mali,MLI,Africa,Low income,2004,13102415.0,15828925288.0,1208.0921943015849,51.033,9657.118224,,,1.414,,,4.014075756073,
Mali,MLI,Africa,Low income,2005,13538648.0,16700213321.0,1233.5214949823646,51.52253659,9413.623335,,,1.458,,,,
Mali,MLI,Africa,Low income,2006,13990143.0,17320423242.0,1238.0447606575572,51.99443902,9184.880391,,26.17655,1.535,,,4.11466407775879,
Mali,MLI,Africa,Low income,2007,14457776.0,17779653731.0,1229.7640889580805,52.45382927,8939.986849,,,1.784,,,3.97659850120544,
Mali,MLI,Africa,Low income,2008,14940786.0,18486110807.0,1237.2917199269168,52.9032439,8740.672461,,,1.957,,,3.76230502128601,
Mali,MLI,Africa,Low income,2009,15435536.0,19186286887.0,1242.9945346245183,53.34219512,8562.112864,,,1.887,,,4.66683292388916,
Mali,MLI,Africa,Low income,2010,15945201.0,20054729287.0,1257.7282209863645,53.77073171,8380.545497,,31.099751,2.088,,,4.31301689147949,
Mali,MLI,Africa,Low income,2011,16469054.0,20518694824.0,1245.8939550504845,54.19082927,8287.821604,,33.56094,2.279,,,3.67627716064453,
Mali,MLI,Africa,Low income,2012,16957039.0,20347159384.0,1199.9240777826838,54.60392683,8122.028936,,,2.437,,,3.9747142791748,
Mali,MLI,Africa,Low income,2013,17459619.0,20814126326.0,1192.12946891911,55.0135122,8026.189545,,,2.743,,,4.58209848403931,
Mali,MLI,Africa,Low income,2014,18020267.0,22288805151.0,1236.8743010855499,,7897.576468,,,3.139,,,4.01602792739868,
Mali,MLI,Africa,Low income,2015,18593022.0,23664472662.0,1272.7609670983018,,7768.905521,,33.068871,3.399,,,4.74185037612915,
Mali,MLI,Africa,Low income,2016,19191298.0,25049317347.0,1305.2435195889304,,7614.423687,,,4.286,,,4.41572952270508,
Mali,MLI,Africa,Low income,2017,19813016.0,26378184458.0,1331.3563395900958,,7457.332333,,,4.767,,,4.98799180984497,
Mali,MLI,Africa,Low income,2018,20442031.0,27630093375.0,1351.6315171912224,,,,,5.198,,,,
Mali,MLI,Africa,Low income,2019,21068405.0,28946666484.0,1373.937252677647,,,,,5.594,,63.39,4.72349977493286,
Mali,MLI,Africa,Low income,2020,21713837.0,28586570096.0,1316.5139858054567,,,,,6.33,,,4.47900009155273,
Mali,MLI,Africa,Low income,2021,22388637.0,29459890071.0,1315.8411595578596,,,,,7.393,,,,
Mali,MLI,Africa,Low income,2022,23072641.0,30551085997.0,1324.1260936275132,,,,,7.02,,,,
Mali,MLI,Africa,Low income,2023,23769130.0,,,,,,,6.743,,,,
Malta,MLT,Europe,High income,1990,367913.0,4761399641.0,12941.645554791487,75.17578049,941.7272721,,,2.427,,,,
Malta,MLT,Europe,High income,1991,371335.0,5017928103.0,13513.210720777734,75.39019512,913.6700391,,,2.272,,,,
Malta,MLT,Europe,High income,1992,374805.0,5251067551.0,14010.132071343765,75.83341463,884.4526701,,,2.294,,,,
Malta,MLT,Europe,High income,1993,378222.0,5496706096.0,14533.015255590632,76.60243902,844.4404537,,,2.886,,,,
Malta,MLT,Europe,High income,1994,381467.0,5813472890.0,15239.779299388938,76.9,826.8117043,,,2.658,,,,
Malta,MLT,Europe,High income,1995,384559.0,6198303778.0,16117.95271466797,77.14146341,816.3764963,,87.868698,2.452,,,,
Malta,MLT,Europe,High income,1996,387627.0,6430283255.0,16588.842508390797,77.14146341,779.9062123,,,2.534,,,,
Malta,MLT,Europe,High income,1997,390687.0,6769141339.0,17326.251805153486,77.5902439,718.0660011,,,2.556,,,,
Malta,MLT,Europe,High income,1998,393782.0,7118691053.0,18077.746197134456,77.38780488,663.6623062,,,2.525,,,,
Malta,MLT,Europe,High income,1999,396897.0,7456060205.0,18785.881992053353,77.3,631.0450278,,,2.573,,,,
Malta,MLT,Europe,High income,2000,399905.0,7963752394.0,19914.110586264236,78.2,596.2380955,,,2.468,,,,
Malta,MLT,Europe,High income,2001,402788.0,8019470830.0,19909.90503689286,78.84390244,582.7995048,,,2.737,,,,
Malta,MLT,Europe,High income,2002,405571.0,8259626928.0,20365.4278239815,78.73902439,583.2766887,,,2.747,,,,
Malta,MLT,Europe,High income,2003,408236.0,8473515195.0,20756.413434875903,78.54634146,579.2630444,,,2.961,,,,
Malta,MLT,Europe,High income,2004,410800.0,8512522890.0,20721.818135345668,79.25365854,585.0146137,,,2.849,,,,
Malta,MLT,Europe,High income,2005,413324.0,8839849182.0,21387.214829044526,79.3,581.3854616,,92.363091,2.65,,,,
Malta,MLT,Europe,High income,2006,415463.0,9004655302.0,21673.783951880192,79.43902439,578.9283913,,,2.655,,,,
Malta,MLT,Europe,High income,2007,417201.0,9368888474.0,22456.53407829799,79.79268293,596.1753696,,,2.728,,,6.32763957977295,
Malta,MLT,Europe,High income,2008,418969.0,9685986656.0,23118.623707243256,79.63658537,604.6119487,,,2.721,,,5.77387475967407,
Malta,MLT,Europe,High income,2009,420800.0,9450779381.0,22459.076475760456,80.24146341,591.1000165,,,2.561,,,6.15471839904785,
Malta,MLT,Europe,High income,2010,422654.0,9788869399.0,23160.479728099108,81.39756098,586.8048507,,,2.619,,,5.96287202835083,
Malta,MLT,Europe,High income,2011,424635.0,9930574943.0,23386.14325950522,80.74634146,580.8740951,,93.307358,2.608,,,6.37992477416992,
Malta,MLT,Europe,High income,2012,426616.0,10339580228.0,24236.26921634444,80.74634146,572.4434927,,,2.749,,,6.45211791992188,
Malta,MLT,Europe,High income,2013,428457.0,10905471410.0,25452.89587986659,80.74634146,573.3529395,,,2.43,,,6.61339426040649,
Malta,MLT,Europe,High income,2014,434494.0,11737898948.0,27015.100203915357,,563.0771811,,,2.417,,,6.59084224700928,
Malta,MLT,Europe,High income,2015,444978.0,12865695938.0,28913.1056771346,,556.810868,,94.066612,1.697,,,6.67566585540771,
Malta,MLT,Europe,High income,2016,455276.0,13300698899.0,29214.583898558238,,544.489125,,,1.376,,,6.90971088409424,
Malta,MLT,Europe,High income,2017,467902.0,14746505042.0,31516.225709657152,,510.3950935,,,1.537,,,6.73297739028931,
Malta,MLT,Europe,High income,2018,484560.0,15659758064.0,32317.47990754499,,,,,1.548,,,6.156822681427,
Malta,MLT,Europe,High income,2019,504017.0,16757308198.0,33247.50593333162,,,,,1.649,,,6.60200023651123,
Malta,MLT,Europe,High income,2020,518212.0,15314071319.0,29551.74970668375,,,,,1.601,,,6.44689989089966,
Malta,MLT,Europe,High income,2021,524383.0,17122043843.0,32651.790471849774,,,,,1.611,,,,
Malta,MLT,Europe,High income,2022,528194.0,18295132993.0,34637.14656546648,,,,,1.774,,,,
Malta,MLT,Europe,High income,2023,532964.0,,,,,,,1.768,,,,
Marshall Islands,MHL,Oceania,Not classified,1990,44648.0,,,,2534.619198,,,,,,,
Marshall Islands,MHL,Oceania,Not classified,1991,45587.0,,,,2540.532911,,,,,,,
Marshall Islands,MHL,Oceania,Not classified,1992,46406.0,,,,2549.203943,,,0.077,,,,
Marshall Islands,MHL,Oceania,Not classified,1993,47112.0,,,,2519.394779,,,0.081,,,,
Marshall Islands,MHL,Oceania,Not classified,1994,47731.0,,,,2505.867214,,,0.084,,,,
Marshall Islands,MHL,Oceania,Not classified,1995,48283.0,,,,2499.648916,,,0.088,,,,
Marshall Islands,MHL,Oceania,Not classified,1996,48795.0,,,,2547.169553,,,0.092,,,,
Marshall Islands,MHL,Oceania,Not classified,1997,49277.0,,,,2597.797855,,,0.092,,,,
Marshall Islands,MHL,Oceania,Not classified,1998,49732.0,,,,2630.127213,,,0.092,,,,
Marshall Islands,MHL,Oceania,Not classified,1999,50221.0,,,67.50487805,2652.523941,,,0.092,,,,
Marshall Islands,MHL,Oceania,Not classified,2000,50721.0,,,65.23902439,2960.909499,,,0.099,,,,
Marshall Islands,MHL,Oceania,Not classified,2001,51137.0,,,,2692.010352,,,0.103,,,,
Marshall Islands,MHL,Oceania,Not classified,2002,51441.0,,,,2675.487284,,,0.11,,,,
Marshall Islands,MHL,Oceania,Not classified,2003,51657.0,,,,2643.256772,,,0.11,,,,
Marshall Islands,MHL,Oceania,Not classified,2004,51803.0,,,,2595.618576,,,0.114,,,,
Marshall Islands,MHL,Oceania,Not classified,2005,51928.0,,,,2539.797066,,,0.114,,,,
Marshall Islands,MHL,Oceania,Not classified,2006,52011.0,,,,2447.507948,,,0.121,,,,
Marshall Islands,MHL,Oceania,Not classified,2007,52050.0,,,,2369.749806,,,0.128,,,,
Marshall Islands,MHL,Oceania,Not classified,2008,52049.0,,,,2301.159448,,,0.128,,,,
Marshall Islands,MHL,Oceania,Not classified,2009,52036.0,,,,2238.302943,,,0.132,,,,
Marshall Islands,MHL,Oceania,Not classified,2010,52064.0,,,,2167.393343,,,0.136,,,,
Marshall Islands,MHL,Oceania,Not classified,2011,51927.0,,,,2091.551508,,98.265083,0.136,,,,
Marshall Islands,MHL,Oceania,Not classified,2012,51438.0,,,,2019.581331,,,0.136,,,,
Marshall Islands,MHL,Oceania,Not classified,2013,50696.0,,,,1949.652321,,,0.139,,,,
Marshall Islands,MHL,Oceania,Not classified,2014,49815.0,,,,1892.593257,,,0.139,,,,
Marshall Islands,MHL,Oceania,Not classified,2015,48823.0,,,,1834.339083,,98.265083,0.143,,,,
Marshall Islands,MHL,Oceania,Not classified,2016,47730.0,,,,1775.168356,,,0.143,,,,
Marshall Islands,MHL,Oceania,Not classified,2017,46544.0,,,,1727.648439,,,0.147,,,,
Marshall Islands,MHL,Oceania,Not classified,2018,45307.0,,,,,,,0.147,,,,
Marshall Islands,MHL,Oceania,Not classified,2019,44030.0,,,,,,,0.147,,,,
Marshall Islands,MHL,Oceania,Not classified,2020,42728.0,,,,,,,0.147,,,,
Marshall Islands,MHL,Oceania,Not classified,2021,41387.0,,,,,,,0.147,,,,
Marshall Islands,MHL,Oceania,Not classified,2022,40094.0,,,,,,,0.148,,,,
Marshall Islands,MHL,Oceania,Not classified,2023,38849.0,,,,,,,0.148,,,,
Martinique,MTQ,Americas,Not classified,1990,,,,,,,,,,,,
Martinique,MTQ,Americas,Not classified,1991,,,,,,,,,,,,
Martinique,MTQ,Americas,Not classified,1992,,,,,,,,,,,,
Martinique,MTQ,Americas,Not classified,1993,,,,,,,,,,,,
Martinique,MTQ,Americas,Not classified,1994,,,,,,,,,,,,
Martinique,MTQ,Americas,Not classified,1995,,,,,,,,,,,,
Martinique,MTQ,Americas,Not classified,1996,,,,,,,,,,,,
Martinique,MTQ,Americas,Not classified,1997,,,,,,,,,,,,
Martinique,MTQ,Americas,Not classified,1998,,,,,,,,,,,,
Martinique,MTQ,Americas,Not classified,1999,,,,,,,,,,,,
Martinique,MTQ,Americas,Not classified,2000,,,,,,,,,,,,
Martinique,MTQ,Americas,Not classified,2001,,,,,,,,,,,,
Martinique,MTQ,Americas,Not classified,2002,,,,,,,,,,,,
Martinique,MTQ,Americas,Not classified,2003,,,,,,,,,,,,
Martinique,MTQ,Americas,Not classified,2004,,,,,,,,,,,,
Martinique,MTQ,Americas,Not classified,2005,,,,,,,,,,,,
Martinique,MTQ,Americas,Not classified,2006,,,,,,,,,,,,
Martinique,MTQ,Americas,Not classified,2007,,,,,,,,,,,,
Martinique,MTQ,Americas,Not classified,2008,,,,,,,,,,,,
Martinique,MTQ,Americas,Not classified,2009,,,,,,,,,,,,
Martinique,MTQ,Americas,Not classified,2010,,,,,,,,,,,,
Martinique,MTQ,Americas,Not classified,2011,,,,,,,,,,,,
Martinique,MTQ,Americas,Not classified,2012,,,,,,,,,,,,
Martinique,MTQ,Americas,Not classified,2013,,,,,,,,,,,,
Martinique,MTQ,Americas,Not classified,2014,,,,,,,,,,,,
Martinique,MTQ,Americas,Not classified,2015,,,,,,,,,,,,
Martinique,MTQ,Americas,Not classified,2016,,,,,,,,,,,,
Martinique,MTQ,Americas,Not classified,2017,,,,,,,,,,,,
Martinique,MTQ,Americas,Not classified,2018,,,,,,,,,,,,
Martinique,MTQ,Americas,Not classified,2019,,,,,,,,,,,,
Martinique,MTQ,Americas,Not classified,2020,,,,,,,,,,,,
Martinique,MTQ,Americas,Not classified,2021,,,,,,,,,,,,
Martinique,MTQ,Americas,Not classified,2022,,,,,,,,,,,,
Martinique,MTQ,Americas,Not classified,2023,,,,,,,,,,,,
Mauritania,MRT,Africa,Lower middle income,1990,1951881.0,2908675000.0,1490.1907442103284,58.38612195,7054.181274,,,0.854,,,,
Mauritania,MRT,Africa,Lower middle income,1991,2009739.0,3053303240.0,1519.253614524075,58.59065854,6906.990627,,,0.868,,,,
Mauritania,MRT,Africa,Lower middle income,1992,2088143.0,3186885725.0,1526.1817437790419,58.76914634,6746.3533,,,0.905,,,,
Mauritania,MRT,Africa,Lower middle income,1993,2174333.0,3536022015.0,1626.255966772339,58.92514634,6615.417228,,,0.927,,,,
Mauritania,MRT,Africa,Lower middle income,1994,2249462.0,3783132604.0,1681.7944041730868,59.06317073,6542.272044,,,0.959,,,,
Mauritania,MRT,Africa,Lower middle income,1995,2312027.0,3768651979.0,1630.0207475950756,59.18673171,6462.233071,,,1.015,,,,
Mauritania,MRT,Africa,Lower middle income,1996,2358193.0,4253698601.0,1803.795788130997,59.29778049,6445.916023,,,1.063,,,,
Mauritania,MRT,Africa,Lower middle income,1997,2411316.0,4166595327.0,1727.9341766072966,59.39831707,6259.259075,,,1.077,,,,
Mauritania,MRT,Africa,Lower middle income,1998,2474650.0,4371026651.0,1766.3211569312832,59.49134146,6179.944925,,,1.074,,,,
Mauritania,MRT,Africa,Lower middle income,1999,2541700.0,4762456974.0,1873.728990046032,59.58085366,6142.436383,,,1.096,,,,
Mauritania,MRT,Africa,Lower middle income,2000,2613450.0,4838789905.0,1851.495113738545,59.67292683,6074.386974,,51.20768,1.114,,,,
Mauritania,MRT,Africa,Lower middle income,2001,2678766.0,5040767611.0,1881.749884461726,59.77009756,5950.975381,,,1.172,,,,
Mauritania,MRT,Africa,Lower middle income,2002,2738659.0,5178324094.0,1890.8247043534811,59.87439024,5809.648878,,,1.249,,,,
Mauritania,MRT,Africa,Lower middle income,2003,2802050.0,5603753283.0,1999.8762630930926,59.98685366,5687.648309,,,1.286,,,,
Mauritania,MRT,Africa,Lower middle income,2004,2868671.0,6050710140.0,2109.238089693799,60.10943902,5560.257281,,,1.385,,,,
Mauritania,MRT,Africa,Lower middle income,2005,2939060.0,6728916707.0,2289.4791896048396,60.24260976,5468.441088,,,1.434,,,4.14904308319092,
Mauritania,MRT,Africa,Lower middle income,2006,3013659.0,8166141817.0,2709.7099628723754,60.38680488,5210.559857,,,1.55,,,4.24807500839233,
Mauritania,MRT,Africa,Lower middle income,2007,3093065.0,8570478345.0,2770.8691362774466,60.53946341,5012.282916,,45.50378,1.758,,,4.50043153762817,
Mauritania,MRT,Africa,Lower middle income,2008,3183276.0,8846256694.0,2778.978855116553,60.6975122,4796.457535,,,1.831,,,4.7723069190979,
Mauritania,MRT,Africa,Lower middle income,2009,3284454.0,8935093258.0,2720.419667317612,60.85943902,4627.430982,,,2.012,,,4.78480434417725,
Mauritania,MRT,Africa,Lower middle income,2010,3390968.0,9559709837.0,2819.168401766103,61.0232439,4451.260381,,,2.094,,,4.67320394515991,
Mauritania,MRT,Africa,Lower middle income,2011,3502813.0,10187328000.0,2908.327678354511,61.18695122,4285.893842,,,2.227,,,4.19901514053345,
Mauritania,MRT,Africa,Lower middle income,2012,3619035.0,10792467000.0,2982.1394377230395,61.35060976,4110.188344,,,2.448,,,4.4828052520752,
Mauritania,MRT,Africa,Lower middle income,2013,3734324.0,11410722000.0,3055.6325589316834,61.5117561,3965.989162,,,2.169,,,3.92266416549683,
Mauritania,MRT,Africa,Lower middle income,2014,3848511.0,12165303000.0,3161.041504103795,,3807.865243,,,2.563,,,4.47214937210083,
Mauritania,MRT,Africa,Lower middle income,2015,3965959.0,12316128000.0,3105.460243033274,,3665.088355,,52.123562,3.002,,,4.67815971374512,
Mauritania,MRT,Africa,Lower middle income,2016,4086655.0,12416318727.0,3038.259585651346,,3522.28933,,,2.624,,,4.31361532211304,
Mauritania,MRT,Africa,Lower middle income,2017,4210603.0,13137043588.0,3119.9910293133785,,3387.681805,,,3.581,,,4.15261936187744,
Mauritania,MRT,Africa,Lower middle income,2018,4337685.0,13699199188.0,3158.1821151143986,,,,,4.444,,,,
Mauritania,MRT,Africa,Lower middle income,2019,4467714.0,14424796068.0,3228.674903541274,,,,,4.613,,17.38,4.2273998260498,
Mauritania,MRT,Africa,Lower middle income,2020,4600136.0,14289417678.0,3106.3033088586944,,,,,4.782,,,4.15259981155396,
Mauritania,MRT,Africa,Lower middle income,2021,4734874.0,14638845766.0,3091.7075651854725,,,,,4.5,,,,
Mauritania,MRT,Africa,Lower middle income,2022,4875644.0,15674544913.0,3214.866572087708,,,,,5.267,,,,
Mauritania,MRT,Africa,Lower middle income,2023,5022442.0,,,,,,,5.037,,,,
Mauritius,MUS,Africa,Upper middle income,1990,1089033.0,12196699680.0,11199.568497924305,69.40487805,1872.039553,,79.86866,1.462,,,,
Mauritius,MUS,Africa,Upper middle income,1991,1103050.0,12478462632.0,11312.689934273152,69.95609756,1730.922806,,,1.521,,,,
Mauritius,MUS,Africa,Upper middle income,1992,1117676.0,13020302423.0,11649.44261395968,70.05853659,1765.463323,,,1.707,,,,
Mauritius,MUS,Africa,Upper middle income,1993,1132397.0,13435064889.0,11864.271001247796,70.10731707,1790.494659,,,1.773,,,,
Mauritius,MUS,Africa,Upper middle income,1994,1146559.0,13759079701.0,12000.32418828861,70.15853659,1753.159027,,,1.623,,,,
Mauritius,MUS,Africa,Upper middle income,1995,1159824.0,14115290935.0,12170.200767530247,70.32585366,1849.201446,,,1.828,,,,
Mauritius,MUS,Africa,Upper middle income,1996,1172390.0,14579957121.0,12436.098159315587,70.32292683,2020.050899,,,1.949,,,,
Mauritius,MUS,Africa,Upper middle income,1997,1184304.0,15156261651.0,12797.610791654846,70.40487805,1942.137518,,,1.997,,,,
Mauritius,MUS,Africa,Upper middle income,1998,1195111.0,15794127997.0,13215.615952827813,70.60731707,1816.376243,,,2.169,,,,
Mauritius,MUS,Africa,Upper middle income,1999,1205903.0,15922518933.0,13203.814015720998,70.96097561,1723.190568,,,2.426,,,,
Mauritius,MUS,Africa,Upper middle income,2000,1216632.0,16933370565.0,13918.235394926322,71.66341463,1449.995335,,84.303093,2.689,,,,
Mauritius,MUS,Africa,Upper middle income,2001,1225807.0,17203931989.0,14034.780343887742,71.76585366,1302.412426,,,2.862,,,,
Mauritius,MUS,Africa,Upper middle income,2002,1234090.0,17186721600.0,13926.635496600735,71.96585366,1293.61899,,,2.884,,,,
Mauritius,MUS,Africa,Upper middle income,2003,1242094.0,17869390349.0,14386.504039951888,72.12130081,1232.69413,,,3.059,,,,
Mauritius,MUS,Africa,Upper middle income,2004,1249799.0,18313509621.0,14653.163925559229,72.27674797,1277.548923,,,3.089,,,,
Mauritius,MUS,Africa,Upper middle income,2005,1257215.0,18306765429.0,14561.364149330067,72.43219512,1300.802442,,,3.294,,,,
Mauritius,MUS,Africa,Upper middle income,2006,1263785.0,18846649433.0,14912.860520579054,72.43219512,1314.157152,,,3.627,,,,
Mauritius,MUS,Africa,Upper middle income,2007,1269522.0,19573401107.0,15417.929824768693,72.57073171,1371.233704,,,3.686,,,,
Mauritius,MUS,Africa,Upper middle income,2008,1274635.0,20249055784.0,15886.160182326705,72.57073171,1335.292883,,,3.767,,,,
Mauritius,MUS,Africa,Upper middle income,2009,1278976.0,20448211941.0,15987.95594366118,72.88243902,1277.016998,,,3.708,,,5.47707319259644,
Mauritius,MUS,Africa,Upper middle income,2010,1282710.0,20850923367.0,16255.368218069556,72.96731707,1212.086642,,,3.913,,,,
Mauritius,MUS,Africa,Upper middle income,2011,1286270.0,21190874379.0,16474.67046498791,73.26682927,1242.100128,,89.24984,3.917,,,,
Mauritius,MUS,Africa,Upper middle income,2012,1289174.0,21931705213.0,17012.214963224513,73.86341463,1293.37257,,91.766006,3.964,,,5.64777994155884,
Mauritius,MUS,Africa,Upper middle income,2013,1290988.0,22668609990.0,17559.11750535249,74.46,1256.641579,,91.490028,4.067,,,,
Mauritius,MUS,Africa,Upper middle income,2014,1292006.0,23536142578.0,18216.744022860574,,1346.233214,,92.474762,4.206,,,5.61000347137451,
Mauritius,MUS,Africa,Upper middle income,2015,1292283.0,24404852680.0,18885.068270649695,,1319.603308,,90.616043,4.21,,,6.17411756515503,
Mauritius,MUS,Africa,Upper middle income,2016,1291807.0,25347373765.0,19621.641441020216,,1233.518906,,,4.342,,,5.88174057006836,
Mauritius,MUS,Africa,Upper middle income,2017,1290654.0,26345551590.0,20412.559516338228,,1223.68286,,,4.54,,,6.24116516113281,
Mauritius,MUS,Africa,Upper middle income,2018,1288836.0,27401224769.0,21260.44335276172,,,,,4.455,,,6.01530027389526,
Mauritius,MUS,Africa,Upper middle income,2019,1286269.0,28193387492.0,21918.733555733677,,,,,4.525,,63.23,6.04899978637695,
Mauritius,MUS,Africa,Upper middle income,2020,1283231.0,24077716198.0,18763.352972301946,,,,,3.8,,,6.07110023498535,
Mauritius,MUS,Africa,Upper middle income,2021,1279628.0,24920195118.0,19474.562230585765,,,,,3.968,,,,
Mauritius,MUS,Africa,Upper middle income,2022,1276134.0,26988574640.0,21148.699619318973,,,,,4.317,,,,
Mauritius,MUS,Africa,Upper middle income,2023,1273591.0,,,,,,,4.588,,,,
Mexico,MEX,Americas,Upper middle income,1990,82820170.0,823577476195.0,9944.165487646307,70.79573171,3177.289555,,87.556152,316.746,6.385,,,
Mexico,MEX,Americas,Upper middle income,1991,84430565.0,865148747123.0,10246.866725610565,71.19097561,3114.400706,,,329.831,5.984,,,
Mexico,MEX,Americas,Upper middle income,1992,86044806.0,902108311201.0,10484.169273401581,71.58582927,3006.135459,,,332.453,6.836,,,
Mexico,MEX,Americas,Upper middle income,1993,87653817.0,925343285645.0,10556.793957358412,71.97782927,2833.054422,,,337.722,6.828,,,
Mexico,MEX,Americas,Upper middle income,1994,89259202.0,972991932169.0,10900.746481791311,72.36385366,2658.583094,,,351.534,5.181,,,
Mexico,MEX,Americas,Upper middle income,1995,90862449.0,916478942218.0,10086.443325096818,72.73826829,2537.450693,,,330.905,6.739,,,
Mexico,MEX,Americas,Upper middle income,1996,92452700.0,971219776949.0,10505.045033287292,73.09241463,2432.706339,,,341.544,7.227,,,
Mexico,MEX,Americas,Upper middle income,1997,94021204.0,1045710706219.0,11122.073125323943,73.42265854,2332.862081,,,362.466,6.075,,,
Mexico,MEX,Americas,Upper middle income,1998,95575242.0,1105636637948.0,11568.232680467605,73.72646341,2235.627548,,,381.102,5.574,,,
Mexico,MEX,Americas,Upper middle income,1999,97115710.0,1156619631372.0,11909.70679586238,74.00580488,2136.666446,,,386.036,6.9,,,
Mexico,MEX,Americas,Upper middle income,2000,98625553.0,1241194674661.0,12584.919799243104,74.26526829,2044.742129,,90.535622,391.435,6.665,,,
Mexico,MEX,Americas,Upper middle income,2001,100099101.0,1251502726420.0,12502.637025880982,74.51097561,1972.432452,,,407.485,5.91,,,
Mexico,MEX,Americas,Upper middle income,2002,101548627.0,1275458026881.0,12560.071608658973,74.75058537,1885.617554,,90.274651,410.301,5.125,,,
Mexico,MEX,Americas,Upper middle income,2003,102978517.0,1306677417369.0,12688.835064200817,74.9917561,1756.218205,,,435.969,4.41,,6.58065795898438,
Mexico,MEX,Americas,Upper middle income,2004,104394131.0,1373060298988.0,13152.657968751137,75.23656098,1608.664874,,90.953743,438.588,4.989,,,
Mexico,MEX,Americas,Upper middle income,2005,105811504.0,1427140428046.0,13487.573412112166,75.48553659,1477.290435,,91.630272,463.436,5.005,,6.52537822723389,
Mexico,MEX,Americas,Upper middle income,2006,107253666.0,1510732401129.0,14085.601522739558,75.73665854,1368.995872,,91.73452,474.523,5.178,,6.82903623580933,
Mexico,MEX,Americas,Upper middle income,2007,108774356.0,1572479287017.0,14456.341961859098,75.98439024,1300.872286,,92.795174,473.595,4.846,,6.96281909942627,
Mexico,MEX,Americas,Upper middle income,2008,110374286.0,1607479004533.0,14563.890402271776,76.22665854,1289.623968,,92.925598,472.981,6.043,,6.8023886680603,
Mexico,MEX,Americas,Upper middle income,2009,111999720.0,1543820957956.0,13784.150156411106,76.46146341,1300.883549,,93.441879,460.29,4.559,,6.90951538085938,
Mexico,MEX,Americas,Upper middle income,2010,113623898.0,1638271507559.0,14418.370927205824,76.69029268,1308.08062,,93.068939,456.409,5.953,,7.32018518447876,
Mexico,MEX,Americas,Upper middle income,2011,115243503.0,1716088331953.0,14890.97682107945,76.91417073,1328.268808,,93.519981,483.302,5.602,,7.44254636764526,
Mexico,MEX,Americas,Upper middle income,2012,116818208.0,1774999946047.0,15194.548661857576,77.13507317,1315.701934,,94.228401,501.492,5.194,,6.67983102798462,
Mexico,MEX,Americas,Upper middle income,2013,118343572.0,1803059285337.0,15235.802459444101,77.35402439,1280.970811,,93.962852,495.412,4.834,,6.23628711700439,
Mexico,MEX,Americas,Upper middle income,2014,119784265.0,1854551091374.0,15482.42660564808,,1233.434009,,94.555878,484.045,6.426,,6.82417297363281,
Mexico,MEX,Americas,Upper middle income,2015,121072310.0,1916008739051.0,15825.325700409945,,1174.343041,,94.545593,479.434,5.862,,6.41029930114746,
Mexico,MEX,Americas,Upper middle income,2016,122251344.0,1961906742138.0,16048.140478013886,,1087.450854,,,478.828,5.731,,6.54957866668701,
Mexico,MEX,Americas,Upper middle income,2017,123400052.0,2007719438156.0,16270.004798344817,,1090.74491,,,464.407,5.77,,6.43194532394409,
Mexico,MEX,Americas,Upper middle income,2018,124573713.0,2051539127317.0,16468.475394299276,,,,,468.421,6.343,,5.96422100067139,
Mexico,MEX,Americas,Upper middle income,2019,125762978.0,2047701179708.0,16282.225598283781,,,,,468.236,6.641,,6.31680011749268,
Mexico,MEX,Americas,Upper middle income,2020,126799053.0,1880176557054.0,14828.001570753057,,,,,428.937,8.668,,6.12760019302368,
Mexico,MEX,Americas,Upper middle income,2021,127648151.0,1973141022977.0,15457.654556837255,,,,,446.838,9.538,,,
Mexico,MEX,Americas,Upper middle income,2022,128613116.0,2033437602787.0,15810.499473374084,,,,,453.799,9.243,,,
Mexico,MEX,Americas,Upper middle income,2023,129739761.0,,,,,,,458.254,7.928,,,
Micronesia (country),FSM,Oceania,Lower middle income,1990,100904.0,,,66.19758537,3251.958185,,,,,,,
Micronesia (country),FSM,Oceania,Lower middle income,1991,102764.0,,,66.31012195,3129.869055,,,,,,,
Micronesia (country),FSM,Oceania,Lower middle income,1992,104823.0,,,66.42265854,3012.628703,,,0.136,,,,
Micronesia (country),FSM,Oceania,Lower middle income,1993,107082.0,,,66.53570732,2902.618715,,,0.143,,,,
Micronesia (country),FSM,Oceania,Lower middle income,1994,109090.0,,,66.6482439,2827.205039,,,0.154,,,,
Micronesia (country),FSM,Oceania,Lower middle income,1995,110244.0,,,66.7597561,2695.880115,,,0.176,,,,
Micronesia (country),FSM,Oceania,Lower middle income,1996,110723.0,,,66.86770732,2599.681751,,,0.183,,,,
Micronesia (country),FSM,Oceania,Lower middle income,1997,111088.0,,,66.97160976,2477.450414,,,0.194,,,,
Micronesia (country),FSM,Oceania,Lower middle income,1998,111394.0,,,67.07290244,2358.513999,,,0.205,,,,
Micronesia (country),FSM,Oceania,Lower middle income,1999,111693.0,,,67.17263415,2243.968042,,,0.191,,,,
Micronesia (country),FSM,Oceania,Lower middle income,2000,112067.0,,,67.2752439,2566.690213,,,0.18,,,,
Micronesia (country),FSM,Oceania,Lower middle income,2001,112378.0,,,67.38426829,2022.963589,,,0.165,,,,
Micronesia (country),FSM,Oceania,Lower middle income,2002,112464.0,,,67.50373171,1949.229585,,,0.15,,,,
Micronesia (country),FSM,Oceania,Lower middle income,2003,112298.0,,,67.63514634,1802.207468,,,0.161,,,,
Micronesia (country),FSM,Oceania,Lower middle income,2004,111939.0,,,67.77602439,1790.836633,,,0.143,,,,
Micronesia (country),FSM,Oceania,Lower middle income,2005,111420.0,,,67.92487805,1766.095893,,,0.114,,,,
Micronesia (country),FSM,Oceania,Lower middle income,2006,110739.0,,,68.07619512,1745.36277,,,0.114,,,,
Micronesia (country),FSM,Oceania,Lower middle income,2007,109896.0,,,68.22397561,1721.318752,,,0.128,,,,
Micronesia (country),FSM,Oceania,Lower middle income,2008,108947.0,,,68.36573171,1701.161345,,,0.114,,,,
Micronesia (country),FSM,Oceania,Lower middle income,2009,107968.0,,,68.4984878,1674.296997,,,0.147,,,,
Micronesia (country),FSM,Oceania,Lower middle income,2010,107559.0,,,68.62173171,1628.152438,,,0.103,,,,
Micronesia (country),FSM,Oceania,Lower middle income,2011,107712.0,,,68.73797561,1578.273434,,,0.117,,,,
Micronesia (country),FSM,Oceania,Lower middle income,2012,107908.0,,,68.85021951,1536.953804,,,0.128,,,,
Micronesia (country),FSM,Oceania,Lower middle income,2013,108133.0,,,68.96097561,1506.540061,,,0.136,,,,
Micronesia (country),FSM,Oceania,Lower middle income,2014,108407.0,,,,1487.198534,,,0.139,,,,
Micronesia (country),FSM,Oceania,Lower middle income,2015,108727.0,,,,1463.648361,,,0.143,,,,
Micronesia (country),FSM,Oceania,Lower middle income,2016,109088.0,,,,1426.026738,,,0.143,,,,
Micronesia (country),FSM,Oceania,Lower middle income,2017,109495.0,,,,1388.69648,,,0.143,,,,
Micronesia (country),FSM,Oceania,Lower middle income,2018,109925.0,,,,,,,0.143,,,,
Micronesia (country),FSM,Oceania,Lower middle income,2019,110293.0,,,,,,,0.143,,,,
Micronesia (country),FSM,Oceania,Lower middle income,2020,110930.0,,,,,,,0.143,,,,
Micronesia (country),FSM,Oceania,Lower middle income,2021,111635.0,,,,,,,0.143,,,,
Micronesia (country),FSM,Oceania,Lower middle income,2022,112122.0,,,,,,,0.145,,,,
Micronesia (country),FSM,Oceania,Lower middle income,2023,112646.0,,,,,,,0.144,,,,
Moldova,MDA,Europe,Upper middle income,1990,4451150.0,43214990000.0,9708.724711591387,67.46565854,2909.622374,,,36.505,,,,
Moldova,MDA,Europe,Upper middle income,1991,4456609.0,35018363780.0,7857.625333521518,67.39231707,2764.901967,,,29.618,,,,
Moldova,MDA,Europe,Upper middle income,1992,4455714.0,24417045830.0,5479.940101631299,67.24541463,2710.558006,,,20.978,,,,
Moldova,MDA,Europe,Upper middle income,1993,4448241.0,23693282988.0,5326.438695205588,67.06704878,2690.948708,,,15.846,,,,
Moldova,MDA,Europe,Upper middle income,1994,4434457.0,16084200840.0,3627.0959082476165,66.88334146,2787.220112,,,12.427,,,,
Moldova,MDA,Europe,Upper middle income,1995,4414216.0,15569831884.0,3527.202086168869,66.72782927,2844.603617,,,11.405,,,,
Moldova,MDA,Europe,Upper middle income,1996,4387653.0,14391438093.0,3279.9854712758734,66.62909756,2863.553629,,,11.687,,,,
Moldova,MDA,Europe,Upper middle income,1997,4355537.0,14366532241.0,3298.4525768005187,66.59509756,2888.569759,,,7.301,,,,
Moldova,MDA,Europe,Upper middle income,1998,4318713.0,13191426007.0,3054.4808156967133,66.63031707,2912.786123,,,6.444,,,,
Moldova,MDA,Europe,Upper middle income,1999,4278220.0,12519934662.0,2926.435447919929,66.73478049,2906.264078,,,4.685,,,,
Moldova,MDA,Europe,Upper middle income,2000,4234969.0,12554043876.0,2964.3768055917294,66.898,2818.851916,,96.653801,3.573,,,,
Moldova,MDA,Europe,Upper middle income,2001,4189769.0,13087722618.0,3123.7336993996564,67.101,2669.92794,,,3.787,,,,
Moldova,MDA,Europe,Upper middle income,2002,4142937.0,13857813762.0,3344.925052444679,67.31573171,2427.70535,,,4.052,,,,
Moldova,MDA,Europe,Upper middle income,2003,4095418.0,14513550202.0,3543.8507624862714,67.52014634,2258.438329,,,4.404,,,,
Moldova,MDA,Europe,Upper middle income,2004,4046672.0,15302841155.0,3781.58673472918,67.70317073,2116.670713,,,4.613,,,5.1020712852478,
Moldova,MDA,Europe,Upper middle income,2005,3988668.0,16157452511.0,4050.8391550763313,67.85973171,2013.408025,,,4.938,,,4.77491807937622,
Moldova,MDA,Europe,Upper middle income,2006,3921320.0,16628252777.0,4240.473304142482,67.99173171,1933.888737,,,5.03,,,5.50275611877441,
Moldova,MDA,Europe,Upper middle income,2007,3851397.0,16819758019.0,4367.183652840775,68.11109756,1897.342617,,,4.979,,,5.55437421798706,
Moldova,MDA,Europe,Upper middle income,2008,3779503.0,17815141666.0,4713.620194507055,68.22729268,1895.896805,,,5.19,,,5.5897364616394,
Moldova,MDA,Europe,Upper middle income,2009,3706212.0,16449234621.0,4438.287561801645,68.34180488,1856.461277,,,4.54,,,5.7922625541687,
Moldova,MDA,Europe,Upper middle income,2010,3631990.0,17299250407.0,4763.022587341926,68.45812195,1770.354277,,,4.831,,,5.9957127571106,
Moldova,MDA,Europe,Upper middle income,2011,3557278.0,18145357193.0,5100.910638133989,68.57529268,1712.508717,,,4.945,,,5.75605916976929,
Moldova,MDA,Europe,Upper middle income,2012,3482629.0,18038303680.0,5179.507688013854,68.69341463,1676.333294,,,4.766,,,5.91705846786499,
Moldova,MDA,Europe,Upper middle income,2013,3408741.0,19669685322.0,5770.366631551063,68.8115122,1630.027295,,,4.899,,,6.01747226715088,
Moldova,MDA,Europe,Upper middle income,2014,3342715.0,20653170404.0,6178.561559690252,,1592.764891,,99.34346,4.755,,,5.57778406143188,
Moldova,MDA,Europe,Upper middle income,2015,3287168.0,20583362405.0,6261.731193842237,,1556.126557,,99.244392,4.785,,,5.32553052902222,
Moldova,MDA,Europe,Upper middle income,2016,3237798.0,21490882450.0,6637.499451787912,,1511.504622,,,4.907,,,5.6822772026062,
Moldova,MDA,Europe,Upper middle income,2017,3193500.0,22393497127.0,7012.211406607171,,1415.151935,,,5.09,,,5.80345058441162,
Moldova,MDA,Europe,Upper middle income,2018,3153779.0,23311634910.0,7391.651383942883,,,,,5.351,,,5.81162881851196,
Moldova,MDA,Europe,Upper middle income,2019,3112561.0,24150849841.0,7759.157118848434,,,,,5.378,,,5.76639986038208,
Moldova,MDA,Europe,Upper middle income,2020,3069135.0,22146328756.0,7215.820990604845,,,,,5.113,,,5.8568000793457,
Moldova,MDA,Europe,Upper middle income,2021,3023780.0,25234640526.0,8345.395672304203,,,,,5.76,,,,
Moldova,MDA,Europe,Upper middle income,2022,3039986.0,23827554273.0,7838.047370283942,,,,,5.173,,,,
Moldova,MDA,Europe,Upper middle income,2023,3067072.0,,,,,,,5.329,,,,
Monaco,MCO,Europe,Not classified,1990,30382.0,,,,,,,,,,,
Monaco,MCO,Europe,Not classified,1991,30654.0,,,,,,,,,,,
Monaco,MCO,Europe,Not classified,1992,30909.0,,,,,,,,,,,
Monaco,MCO,Europe,Not classified,1993,31165.0,,,,,,,,,,,
Monaco,MCO,Europe,Not classified,1994,31398.0,,,,,,,,,,,
Monaco,MCO,Europe,Not classified,1995,31636.0,,,,,,,,,,,
Monaco,MCO,Europe,Not classified,1996,31859.0,,,,,,,,,,,
Monaco,MCO,Europe,Not classified,1997,32090.0,,,,,,,,,,,
Monaco,MCO,Europe,Not classified,1998,32289.0,,,,,,,,,,,
Monaco,MCO,Europe,Not classified,1999,32435.0,,,,,,,,,,,
Monaco,MCO,Europe,Not classified,2000,32477.0,,,,,,,,,,,
Monaco,MCO,Europe,Not classified,2001,32466.0,,,,,,,,,,,
Monaco,MCO,Europe,Not classified,2002,32441.0,,,,,,,,,,,
Monaco,MCO,Europe,Not classified,2003,32396.0,,,,,,99.0,,,,,
Monaco,MCO,Europe,Not classified,2004,32329.0,,,,,,,,,,,
Monaco,MCO,Europe,Not classified,2005,32235.0,,,,,,,,,,,
Monaco,MCO,Europe,Not classified,2006,32083.0,,,,,,,,,,,
Monaco,MCO,Europe,Not classified,2007,31859.0,,,,,,,,,,,
Monaco,MCO,Europe,Not classified,2008,31862.0,,,,,,,,,,,
Monaco,MCO,Europe,Not classified,2009,32390.0,,,,,,,,,,,
Monaco,MCO,Europe,Not classified,2010,33188.0,,,,,,,,,,,
Monaco,MCO,Europe,Not classified,2011,33968.0,,,,,,,,,,,
Monaco,MCO,Europe,Not classified,2012,34738.0,,,,,,,,,,,
Monaco,MCO,Europe,Not classified,2013,35476.0,,,,,,,,,,,
Monaco,MCO,Europe,Not classified,2014,36155.0,,,,,,,,,,,
Monaco,MCO,Europe,Not classified,2015,36785.0,,,,,,,,,,,
Monaco,MCO,Europe,Not classified,2016,37301.0,,,,,,,,,,,
Monaco,MCO,Europe,Not classified,2017,37700.0,,,,,,,,,,,
Monaco,MCO,Europe,Not classified,2018,38179.0,,,,,,,,,,,
Monaco,MCO,Europe,Not classified,2019,38131.0,,,,,,,,,,,
Monaco,MCO,Europe,Not classified,2020,38074.0,,,,,,,,,,,
Monaco,MCO,Europe,Not classified,2021,38548.0,,,,,,,,,,,
Monaco,MCO,Europe,Not classified,2022,38950.0,,,,,,,,,,,
Monaco,MCO,Europe,Not classified,2023,38979.0,,,,,,,,,,,
Mongolia,MNG,Asia,Upper middle income,1990,2164578.0,4502883000.0,2080.259062043502,60.27034146,6641.580604,,,9.791,,,,
Mongolia,MNG,Asia,Upper middle income,1991,2202772.0,4287970064.0,1946.6245548790341,60.49182927,6417.54316,,,11.96,,,,
Mongolia,MNG,Asia,Upper middle income,1992,2239130.0,4068637517.0,1817.0617681867511,60.67695122,6364.148587,,,10.943,,,,
Mongolia,MNG,Asia,Upper middle income,1993,2273515.0,4139237763.0,1820.633584119744,60.84778049,6395.893178,,,9.193,,,,
Mongolia,MNG,Asia,Upper middle income,1994,2305743.0,4442844414.0,1926.8601982094276,61.02063415,6478.153194,,,7.865,,,,
Mongolia,MNG,Asia,Upper middle income,1995,2335717.0,4952892782.0,2120.5020907926773,61.21558537,6427.319435,,,7.837,,,,
Mongolia,MNG,Asia,Upper middle income,1996,2363469.0,5318281056.0,2250.201316793239,61.45302439,6315.637788,,,7.935,,,,
Mongolia,MNG,Asia,Upper middle income,1997,2389133.0,5799570113.0,2427.4789695676213,61.74139024,6180.422703,,,7.615,,,,
Mongolia,MNG,Asia,Upper middle income,1998,2412793.0,6297035099.0,2609.8530205450697,62.08441463,6006.120518,,,7.622,,,,
Mongolia,MNG,Asia,Upper middle income,1999,2434041.0,6816929799.0,2800.6635052573065,62.48012195,5857.757219,,,7.488,,,,
Mongolia,MNG,Asia,Upper middle income,2000,2455182.0,7225650413.0,2943.0202783337445,62.92370732,5714.438717,,97.768852,7.432,,,,
Mongolia,MNG,Asia,Upper middle income,2001,2477704.0,7799420655.0,3147.841975877667,63.40260976,5508.321956,,,7.804,,,,
Mongolia,MNG,Asia,Upper middle income,2002,2500074.0,8569503317.0,3427.69986688394,63.89595122,5255.275328,,,8.197,,,,
Mongolia,MNG,Asia,Upper middle income,2003,2521809.0,9616040556.0,3813.1518112592985,64.38326829,5026.078823,,,7.935,,,,
Mongolia,MNG,Asia,Upper middle income,2004,2542801.0,11156311740.0,4387.4104737256275,64.85182927,4800.666516,,,8.501,,,,
Mongolia,MNG,Asia,Upper middle income,2005,2563466.0,12547451302.0,4894.7211712579765,65.28780488,4560.846449,,,8.515,,,4.60905933380127,
Mongolia,MNG,Asia,Upper middle income,2006,2584761.0,14288905306.0,5528.1340541736745,65.6827561,4299.867263,,,9.281,,,4.4930100440979,
Mongolia,MNG,Asia,Upper middle income,2007,2607976.0,16520107221.0,6334.455233100304,66.03743902,4035.633743,,,11.958,,,,
Mongolia,MNG,Asia,Upper middle income,2008,2634431.0,18865759800.0,7161.227528828806,66.35712195,3767.474588,,,11.918,,,4.58552360534668,
Mongolia,MNG,Asia,Upper middle income,2009,2665333.0,19534582355.0,7329.133866199833,66.64121951,3537.204223,,,13.03,,,5.03117370605469,
Mongolia,MNG,Asia,Upper middle income,2010,2701739.0,21791068014.0,8065.5711058692195,66.89460976,3310.18593,,98.257004,13.772,,,4.88515043258667,
Mongolia,MNG,Asia,Upper middle income,2011,2745183.0,26811268000.0,9766.659636169974,67.12470732,3045.241408,,,21.368,,,4.91292810440063,
Mongolia,MNG,Asia,Upper middle income,2012,2795463.0,30114910000.0,10772.780752240327,67.33943902,2857.216495,,,34.996,,,4.8248348236084,
Mongolia,MNG,Asia,Upper middle income,2013,2851887.0,33619040000.0,11788.349257877328,67.54819512,2733.434819,,,43.478,,,4.98271989822388,
Mongolia,MNG,Asia,Upper middle income,2014,2913041.0,36271699000.0,12451.489354252137,,2611.381359,,,29.63,,,5.05699968338013,
Mongolia,MNG,Asia,Upper middle income,2015,2976528.0,37107214000.0,12466.610090682836,,2447.514626,,98.367638,23.279,,,5.33385038375854,
Mongolia,MNG,Asia,Upper middle income,2016,3040815.0,37322351698.0,12273.798865764606,,2330.302772,,,25.629,,,5.46462297439575,
Mongolia,MNG,Asia,Upper middle income,2017,3104371.0,39053686549.0,12580.225285251021,,2250.578859,,,34.139,,,5.56290531158447,
Mongolia,MNG,Asia,Upper middle income,2018,3167714.0,41646694213.0,13147.239369778963,,,,,45.319,,,6.01136493682861,
Mongolia,MNG,Asia,Upper middle income,2019,3232118.0,43979841080.0,13607.12730166411,,,,,47.119,,,5.67719984054565,
Mongolia,MNG,Asia,Upper middle income,2020,3290786.0,41975349786.0,12755.417637609982,,,,,42.478,,,5.76070022583008,
Mongolia,MNG,Asia,Upper middle income,2021,3339676.0,42662390805.0,12774.410093973187,,,,,35.972,,,,
Mongolia,MNG,Asia,Upper middle income,2022,3386015.0,44809463232.0,13233.687160866091,,,,,40.443,,,,
Mongolia,MNG,Asia,Upper middle income,2023,3431938.0,,,,,,,44.184,,,,
Montenegro,MNE,Europe,Upper middle income,1990,620507.0,3852049384.0,6207.906412014691,74.34104878,1459.23659,,,2.209,,,,
Montenegro,MNE,Europe,Upper middle income,1991,623564.0,3585538585.0,5750.073103963667,74.47302439,1290.232199,,93.462997,1.563,,,,
Montenegro,MNE,Europe,Upper middle income,1992,626030.0,2862750332.0,4572.864450585435,74.602,1313.339241,,,1.671,,,,
Montenegro,MNE,Europe,Upper middle income,1993,628107.0,1856250947.0,2955.310077741531,74.71753659,1336.658296,,,1.458,,,,
Montenegro,MNE,Europe,Upper middle income,1994,629890.0,1915098721.0,3040.370097953611,74.81087805,1354.407023,,,1.416,,,,
Montenegro,MNE,Europe,Upper middle income,1995,631386.0,2226638536.0,3526.5883880858937,74.857,1288.482365,,,1.496,,,,
Montenegro,MNE,Europe,Upper middle income,1996,632625.0,2909671906.0,4599.3628231574785,74.82902439,1286.005185,,,1.75,,,,
Montenegro,MNE,Europe,Upper middle income,1997,633539.0,3194862294.0,5042.8818020674335,74.71934146,1265.052219,,,1.881,,,,
Montenegro,MNE,Europe,Upper middle income,1998,634099.0,3442987998.0,5429.7325780359215,74.53363415,1241.606219,,,1.98,,,,
Montenegro,MNE,Europe,Upper middle income,1999,634280.0,3205303470.0,5053.4518982152995,74.28939024,1227.982243,,,1.365,,,,
Montenegro,MNE,Europe,Upper middle income,2000,634198.0,3766655741.0,5939.2425409730085,74.02136585,1214.408725,,,1.516,,,,
Montenegro,MNE,Europe,Upper middle income,2001,634001.0,4003584918.0,6314.79274953825,73.77463415,1194.847808,,,1.627,,,,
Montenegro,MNE,Europe,Upper middle income,2002,633767.0,4290323123.0,6769.55903825854,73.58860976,1100.769797,,,1.74,,,,
Montenegro,MNE,Europe,Upper middle income,2003,633563.0,4622735968.0,7296.4108825799485,73.4897561,1023.34133,,97.77346,1.863,,,,
Montenegro,MNE,Europe,Upper middle income,2004,633756.0,5084311894.0,8022.506917488749,73.48721951,928.5657604,,,2.034,,,,
Montenegro,MNE,Europe,Upper middle income,2005,634059.0,5587145362.0,8811.712099347222,73.57480488,878.746753,,,1.934,,,5.1963152885437,
Montenegro,MNE,Europe,Upper middle income,2006,633876.0,6395709656.0,10089.843527756217,73.73092683,825.6406926,,,2.063,,,,
Montenegro,MNE,Europe,Upper middle income,2007,633388.0,7462959925.0,11782.603909452026,73.91726829,750.2026147,,,2.056,,,4.80106019973755,
Montenegro,MNE,Europe,Upper middle income,2008,632855.0,8414771352.0,13296.523456399966,74.10204878,703.87985,,,2.605,,,5.45503044128418,
Montenegro,MNE,Europe,Upper middle income,2009,632445.0,8371377925.0,13236.531121283273,74.27134146,649.1915654,,,1.682,,,5.22311687469482,
Montenegro,MNE,Europe,Upper middle income,2010,632088.0,9033097807.0,14290.886406639582,74.41673171,603.7616498,,,2.422,,,5.21872425079346,
Montenegro,MNE,Europe,Upper middle income,2011,632689.0,9801452189.0,15491.73794549929,74.53936585,494.462075,,98.442207,2.407,,,5.07434177398682,
Montenegro,MNE,Europe,Upper middle income,2012,633546.0,9593079942.0,15141.883844267031,74.64987805,461.2761531,,,2.213,,,5.2827205657959,
Montenegro,MNE,Europe,Upper middle income,2013,633199.0,9985414363.0,15769.788586210654,74.75836585,429.5488328,,,2.151,,,5.1249213218689,
Montenegro,MNE,Europe,Upper middle income,2014,631377.0,10205667487.0,16164.142005489588,,410.1695174,,,2.107,,,5.30406618118286,
Montenegro,MNE,Europe,Upper middle income,2015,628145.0,10689584516.0,17017.702148389304,,332.367598,,98.719948,2.239,,,5.6147985458374,
Montenegro,MNE,Europe,Upper middle income,2016,624246.0,10988665274.0,17603.100819228315,,329.0894611,,,2.015,,,5.6501898765564,
Montenegro,MNE,Europe,Upper middle income,2017,620112.0,11487747356.0,18525.278265861652,,322.9366836,,,2.103,,,5.38602495193481,
Montenegro,MNE,Europe,Upper middle income,2018,615798.0,12049855060.0,19567.869755991414,,,,,2.404,,,5.72216272354126,
Montenegro,MNE,Europe,Upper middle income,2019,611671.0,12539436047.0,20500.29517011596,,,,,2.477,,,5.58050012588501,
Montenegro,MNE,Europe,Upper middle income,2020,607934.0,10620037519.0,17469.06328483026,,,,,2.404,,,5.54680013656616,
Montenegro,MNE,Europe,Upper middle income,2021,603854.0,12005261164.0,19881.06589341132,,,,,2.411,,,,
Montenegro,MNE,Europe,Upper middle income,2022,614649.0,12774399882.0,20783.243578042104,,,,,2.495,,,,
Montenegro,MNE,Europe,Upper middle income,2023,633553.0,,,,,,,2.407,,,,
Montserrat,MSR,Americas,Not classified,1990,10700.0,,,,,,,0.029,,,,
Montserrat,MSR,Americas,Not classified,1991,10464.0,,,,,,,0.029,,,,
Montserrat,MSR,Americas,Not classified,1992,10013.0,,,,,,,0.029,,,,
Montserrat,MSR,Americas,Not classified,1993,9454.0,,,,,,,0.029,,,,
Montserrat,MSR,Americas,Not classified,1994,8867.0,,,,,,,0.033,,,,
Montserrat,MSR,Americas,Not classified,1995,8257.0,,,,,,,0.033,,,,
Montserrat,MSR,Americas,Not classified,1996,7626.0,,,,,,,0.037,,,,
Montserrat,MSR,Americas,Not classified,1997,6979.0,,,,,,,0.033,,,,
Montserrat,MSR,Americas,Not classified,1998,6321.0,,,,,,,0.029,,,,
Montserrat,MSR,Americas,Not classified,1999,5685.0,,,,,,,0.037,,,,
Montserrat,MSR,Americas,Not classified,2000,5053.0,,,,,,,0.026,,,,
Montserrat,MSR,Americas,Not classified,2001,4616.0,,,,,,,0.026,,,,
Montserrat,MSR,Americas,Not classified,2002,4500.0,,,,,,,0.044,,,,
Montserrat,MSR,Americas,Not classified,2003,4515.0,,,,,,,0.037,,,,
Montserrat,MSR,Americas,Not classified,2004,4541.0,,,,,,,0.048,,,,
Montserrat,MSR,Americas,Not classified,2005,4574.0,,,,,,,0.04,,,,
Montserrat,MSR,Americas,Not classified,2006,4606.0,,,,,,,0.04,,,,
Montserrat,MSR,Americas,Not classified,2007,4649.0,,,,,,,0.04,,,,
Montserrat,MSR,Americas,Not classified,2008,4700.0,,,,,,,0.044,,,,
Montserrat,MSR,Americas,Not classified,2009,4759.0,,,,,,,0.044,,,,
Montserrat,MSR,Americas,Not classified,2010,4819.0,,,,,,,0.059,,,,
Montserrat,MSR,Americas,Not classified,2011,4846.0,,,,,,,0.037,,,,
Montserrat,MSR,Americas,Not classified,2012,4822.0,,,,,,,0.04,,,,
Montserrat,MSR,Americas,Not classified,2013,4774.0,,,,,,,0.051,,,,
Montserrat,MSR,Americas,Not classified,2014,4738.0,,,,,,,0.044,,,,
Montserrat,MSR,Americas,Not classified,2015,4693.0,,,,,,,0.051,,,,
Montserrat,MSR,Americas,Not classified,2016,4665.0,,,,,,,0.029,,,,
Montserrat,MSR,Americas,Not classified,2017,4624.0,,,,,,,0.026,,,,
Montserrat,MSR,Americas,Not classified,2018,4595.0,,,,,,,0.029,,,,
Montserrat,MSR,Americas,Not classified,2019,4564.0,,,,,,,0.026,,,,
Montserrat,MSR,Americas,Not classified,2020,4532.0,,,,,,,0.022,,,,
Montserrat,MSR,Americas,Not classified,2021,4505.0,,,,,,,0.022,,,,
Montserrat,MSR,Americas,Not classified,2022,4476.0,,,,,,,0.026,,,,
Montserrat,MSR,Americas,Not classified,2023,4440.0,,,,,,,0.026,,,,
Morocco,MAR,Africa,Lower middle income,1990,24375558.0,102154759492.0,4190.868553327066,64.683,6322.798901,,,22.298,4.106,,,
Morocco,MAR,Africa,Lower middle income,1991,24799016.0,109740063063.0,4425.17812251099,65.21519512,6017.256677,,,23.688,4.074,,,
Morocco,MAR,Africa,Lower middle income,1992,25212469.0,107664067531.0,4270.270695464216,65.70053659,5739.470665,,,24.737,2.861,,,
Morocco,MAR,Africa,Lower middle income,1993,25614586.0,107072637645.0,4180.143206101398,66.14014634,5481.757809,,,26.782,1.3,,,
Morocco,MAR,Africa,Lower middle income,1994,26000824.0,118651280111.0,4563.3661498958645,66.53556098,5231.02006,,41.594109,28.124,2.237,,,
Morocco,MAR,Africa,Lower middle income,1995,26399431.0,112285412713.0,4253.327002123644,66.88819512,5093.141967,,,28.75,1.658,,,
Morocco,MAR,Africa,Lower middle income,1996,26808109.0,126007526018.0,4700.351151884678,67.19741463,4922.461078,,,29.525,5.092,,,
Morocco,MAR,Africa,Lower middle income,1997,27213340.0,123891488018.0,4552.601335154009,67.47058537,4794.842681,,,29.978,5.214,,,
Morocco,MAR,Africa,Lower middle income,1998,27621638.0,132709015459.0,4804.530978901396,67.71358537,4667.37977,,,30.881,4.334,,,
Morocco,MAR,Africa,Lower middle income,1999,28027188.0,134068868267.0,4783.529059961349,67.93441463,4509.711818,,,31.989,1.936,,,
Morocco,MAR,Africa,Lower middle income,2000,28423439.0,136639290851.0,4807.275110200423,68.13858537,4368.976965,,,33.199,1.851,,,
Morocco,MAR,Africa,Lower middle income,2001,28814646.0,146692867628.0,5090.913406605793,68.33070732,4229.45869,,,36.809,2.328,,,
Morocco,MAR,Africa,Lower middle income,2002,29198146.0,151385794465.0,5184.774213575068,68.51539024,4139.870073,,,37.31,2.185,,,
Morocco,MAR,Africa,Lower middle income,2003,29571415.0,160559931983.0,5429.565409129053,68.69719512,4020.420503,,,36.57,3.443,,,
Morocco,MAR,Africa,Lower middle income,2004,29953021.0,168466885680.0,5624.370432618466,68.88063415,3825.014151,,52.306259,42.226,3.273,,,
Morocco,MAR,Africa,Lower middle income,2005,30358145.0,174390745088.0,5744.446674459194,69.07168293,3626.879116,,,44.661,1.954,,,
Morocco,MAR,Africa,Lower middle income,2006,30771179.0,188101125607.0,6112.89952871159,69.2737561,3426.154694,,,46.249,1.895,,,
Morocco,MAR,Africa,Lower middle income,2007,31186468.0,195286744421.0,6261.906427524912,69.48626829,3189.66541,,,48.913,1.927,,,
Morocco,MAR,Africa,Lower middle income,2008,31606769.0,207385199268.0,6561.417247931922,69.70817073,3104.145801,,55.147919,51.372,1.78,,4.38324737548828,
Morocco,MAR,Africa,Lower middle income,2009,32030779.0,216763299753.0,6767.343989760599,69.93743902,2988.621471,,56.083672,50.86,4.431,,5.08497285842896,
Morocco,MAR,Africa,Lower middle income,2010,32467009.0,225643836837.0,6949.942227108139,70.17158537,2883.817607,,,54.365,5.532,,4.96965646743774,
Morocco,MAR,Africa,Lower middle income,2011,32912585.0,238103276789.0,7234.414336917018,70.40912195,2832.298256,,67.08416,54.868,3.421,,5.14216041564941,
Morocco,MAR,Africa,Lower middle income,2012,33355246.0,245270189355.0,7353.271786842765,70.64312195,2617.925163,,,56.954,2.923,,,
Morocco,MAR,Africa,Lower middle income,2013,33787573.0,256393198875.0,7588.387567079766,70.87212195,2462.132384,,,56.606,4.796,,5.16315698623657,
Morocco,MAR,Africa,Lower middle income,2014,34204784.0,263251716082.0,7696.342011164286,,2321.79164,,,57.175,4.187,,5.38630723953247,
Morocco,MAR,Africa,Lower middle income,2015,34607590.0,274689990243.0,7937.275905169935,,2192.075714,,71.710548,58.499,5.072,,5.3124828338623,
Morocco,MAR,Africa,Lower middle income,2016,35023459.0,276121131010.0,7883.890937499919,,2076.540545,,,58.457,5.258,,4.89679193496704,
Morocco,MAR,Africa,Lower middle income,2017,35446395.0,290087315215.0,8183.831253220532,,1974.792896,,,61.104,4.972,,5.05675172805786,
Morocco,MAR,Africa,Lower middle income,2018,35839760.0,298981397583.0,8342.17075066909,,,,,62.315,6.699,,4.80261754989624,
Morocco,MAR,Africa,Lower middle income,2019,36210907.0,307624970074.0,8495.367709900223,,,,,68.743,7.11,61.6,4.91800022125244,
Morocco,MAR,Africa,Lower middle income,2020,36584208.0,285515953096.0,7804.349710016956,,,,,64.542,7.142,,5.05989980697632,
Morocco,MAR,Africa,Lower middle income,2021,36954443.0,308157391278.0,8338.845515219915,,,,,70.275,7.126,,,
Morocco,MAR,Africa,Lower middle income,2022,37329068.0,311654947615.0,8348.854239141465,,,,,69.779,6.616,,,
Morocco,MAR,Africa,Lower middle income,2023,37712516.0,,,,,,,68.961,7.974,,,
Mozambique,MOZ,Africa,Low income,1990,13094535.0,22495834078.0,1717.9559318448498,43.57931707,15228.34817,,,1.025,,,,
Mozambique,MOZ,Africa,Low income,1991,13352091.0,22102096456.0,1655.3284767157443,43.92134146,14785.24168,,,0.941,,,,
Mozambique,MOZ,Africa,Low income,1992,13613314.0,19279761969.0,1416.2430962071396,44.33678049,14418.6814,,,1.027,,,,
Mozambique,MOZ,Africa,Low income,1993,14051203.0,19284149798.0,1372.419841774402,44.80658537,13989.09309,,,1.14,,,,
Mozambique,MOZ,Africa,Low income,1994,15033852.0,18783666165.0,1249.4247093160157,45.30882927,13506.88265,,,1.098,,,,
Mozambique,MOZ,Africa,Low income,1995,15960530.0,17625138412.0,1104.295309240984,45.81104878,13086.48074,,,1.131,,,,
Mozambique,MOZ,Africa,Low income,1996,16492484.0,20572895284.0,1247.4103527400723,46.27734146,12527.84605,,,1.092,,,,
Mozambique,MOZ,Africa,Low income,1997,16949988.0,20995038319.0,1238.64620547224,46.68378049,12047.18239,,38.707878,1.17,,,,
Mozambique,MOZ,Africa,Low income,1998,17340463.0,21637918333.0,1247.8281769639023,47.01241463,11659.82842,,,1.112,,,,
Mozambique,MOZ,Africa,Low income,1999,17734499.0,21504902826.0,1212.6027820690058,47.25829268,11197.38021,,,1.168,,,,
Mozambique,MOZ,Africa,Low income,2000,18129652.0,20141918616.0,1110.9931186765195,47.42541463,10687.86819,,,1.322,,,,
Mozambique,MOZ,Africa,Low income,2001,18537735.0,20943673338.0,1129.7859926253127,47.52629268,10217.50342,,,1.554,,,,
Mozambique,MOZ,Africa,Low income,2002,18958338.0,21025370393.0,1109.0302532321134,47.59285366,9764.959492,,,1.537,,,,
Mozambique,MOZ,Africa,Low income,2003,19392477.0,20673806269.0,1066.0735226861427,47.65704878,9306.676003,,48.15884,1.856,,,,
Mozambique,MOZ,Africa,Low income,2004,19840312.0,20561725686.0,1036.361005109194,47.73582927,8893.49838,,,1.864,,,4.59487962722778,
Mozambique,MOZ,Africa,Low income,2005,20304577.0,20658231192.0,1017.4174616885641,47.85063415,8509.360035,,,1.77,,,4.83263492584229,
Mozambique,MOZ,Africa,Low income,2006,20787088.0,20951970966.0,1007.9319896081645,48.01641463,8162.598176,,,1.916,,,4.65358304977417,
Mozambique,MOZ,Africa,Low income,2007,21287638.0,20803537606.0,977.2590836991873,48.23214634,7802.474495,,,2.189,,,,
Mozambique,MOZ,Africa,Low income,2008,21819037.0,20553356220.0,941.9919045923062,48.49382927,7525.996252,,,2.18,,,,
Mozambique,MOZ,Africa,Low income,2009,22391751.0,20249940482.0,904.3482344011418,48.79943902,7307.493902,,50.583809,2.439,,,4.97111177444458,
Mozambique,MOZ,Africa,Low income,2010,22999234.0,20039610112.0,871.3164147988581,49.13707317,7137.547691,,,2.638,,,,
Mozambique,MOZ,Africa,Low income,2011,23649045.0,19919625683.0,842.3014833368536,49.48782927,6996.765692,,,3.107,,,,
Mozambique,MOZ,Africa,Low income,2012,24337849.0,21365393250.0,877.866949129317,49.83626829,6834.82903,,,3.052,,,,
Mozambique,MOZ,Africa,Low income,2013,25051613.0,22853277292.0,912.2477379799856,50.17336585,6603.146096,,,3.579,,,4.54976749420166,
Mozambique,MOZ,Africa,Low income,2014,25788473.0,24544192952.0,951.7505341242966,,6342.19058,,,8.118,,,,
Mozambique,MOZ,Africa,Low income,2015,26547576.0,26194296097.0,986.6925740037433,,6084.745696,,58.836552,6.731,,,4.27986335754395,
Mozambique,MOZ,Africa,Low income,2016,27337107.0,27195969056.0,994.8371294738686,,5868.033507,,,8.548,,,4.65371370315552,
Mozambique,MOZ,Africa,Low income,2017,28166397.0,28213368238.0,1001.6676338830274,,5656.85676,,,6.905,,,4.93213272094727,
Mozambique,MOZ,Africa,Low income,2018,29018647.0,29185036688.0,1005.7338885579331,,,,,7.01,,,,
Mozambique,MOZ,Africa,Low income,2019,29884378.0,29860675429.0,999.2068574758357,,,,,7.097,,16.81,4.79449987411499,
Mozambique,MOZ,Africa,Low income,2020,30783685.0,29502646219.0,958.3857884135704,,,,,6.34,,,5.04829978942871,
Mozambique,MOZ,Africa,Low income,2021,31707798.0,30189464161.0,952.1148129239375,,,,,7.722,,,,
Mozambique,MOZ,Africa,Low income,2022,32656242.0,31441725629.0,962.809058954181,,,,,9.296,,,,
Mozambique,MOZ,Africa,Low income,2023,33635163.0,,,,,,,9.093,,,,
Myanmar,MMR,Asia,Lower middle income,1990,39817253.0,49171474105.0,1234.9288411483333,58.69517073,10781.07471,,,4.236,,,,
Myanmar,MMR,Asia,Lower middle income,1991,40394159.0,48063924892.0,1189.8731421045304,59.05,10643.84345,,,4.137,,,,
Myanmar,MMR,Asia,Lower middle income,1992,40950342.0,51891171124.0,1267.1730830477557,59.40034146,10480.29008,,,4.842,,,,
Myanmar,MMR,Asia,Lower middle income,1993,41502423.0,54198379043.0,1305.9087909879381,59.74519512,10278.69016,,,5.303,,,,
Myanmar,MMR,Asia,Lower middle income,1994,42055150.0,57338246186.0,1363.4060557624928,60.08507317,10049.73831,,,6.174,,,,
Myanmar,MMR,Asia,Lower middle income,1995,42605343.0,60452844316.0,1418.9028900905691,60.4194878,9864.89307,,,6.893,,,,
Myanmar,MMR,Asia,Lower middle income,1996,43154858.0,63378625652.0,1468.632468956334,60.74941463,9687.733948,,,7.188,,,,
Myanmar,MMR,Asia,Lower middle income,1997,43708802.0,65935166316.0,1508.5100322813698,61.07536585,9495.396342,,,7.42,,,,
Myanmar,MMR,Asia,Lower middle income,1998,44257793.0,68698886620.0,1552.2438414405347,61.39682927,9282.755653,,,8.046,,,,
Myanmar,MMR,Asia,Lower middle income,1999,44787727.0,75075477916.0,1676.2511282610972,61.71278049,9057.114892,,,8.934,,,,
Myanmar,MMR,Asia,Lower middle income,2000,45290850.0,84093543935.0,1856.7446611180847,62.02421951,8777.107392,,89.941757,10.219,,,,
Myanmar,MMR,Asia,Lower middle income,2001,45771140.0,92175090616.0,2013.825537576735,62.32960976,8488.005204,,,8.856,,,,
Myanmar,MMR,Asia,Lower middle income,2002,46232656.0,101591501239.0,2197.3970355283072,62.62995122,8196.145706,,,9.328,,,,
Myanmar,MMR,Asia,Lower middle income,2003,46667191.0,113781428684.0,2438.1460774872867,62.92273171,7890.953342,,,9.997,,,,
Myanmar,MMR,Asia,Lower middle income,2004,47068779.0,127115611447.0,2700.635413699599,63.20543902,7546.913391,,,12.565,,,,
Myanmar,MMR,Asia,Lower middle income,2005,47438362.0,142039114248.0,2994.182519371137,63.47656098,7176.536112,,,11.548,,,,
Myanmar,MMR,Asia,Lower middle income,2006,47785141.0,158028614076.0,3307.0659784387785,63.73158537,6799.285734,,,12.817,,,,
Myanmar,MMR,Asia,Lower middle income,2007,48125047.0,174123352808.0,3618.144057251518,63.96953659,6415.364529,,,12.845,,,,
Myanmar,MMR,Asia,Lower middle income,2008,48390790.0,177512910900.0,3668.3201679493145,64.18941463,6272.144828,,,9.772,,,,
Myanmar,MMR,Asia,Lower middle income,2009,48660458.0,183291522878.0,3766.7447124727023,64.39373171,5736.313212,,,10.211,,,,
Myanmar,MMR,Asia,Lower middle income,2010,49024376.0,189724140707.0,3869.9960343605394,64.583,5406.018557,,,13.125,,,4.43893957138062,
Myanmar,MMR,Asia,Lower middle income,2011,49419825.0,197359087812.0,3993.520572199517,64.7612439,5107.142158,,,15.122,,,4.1756706237793,
Myanmar,MMR,Asia,Lower middle income,2012,49837451.0,210159799971.0,4216.905073475768,64.93246341,4810.239856,,,11.826,,,4.78624725341797,
Myanmar,MMR,Asia,Lower middle income,2013,50262658.0,226760324221.0,4511.506817267801,65.09968293,4538.052848,,,12.715,,,4.22384643554688,
Myanmar,MMR,Asia,Lower middle income,2014,50681635.0,245354667120.0,4841.096131172564,,4299.57336,,92.923157,15.849,,,4.62311983108521,
Myanmar,MMR,Asia,Lower middle income,2015,51089060.0,263690038660.0,5161.37972904571,,4092.918889,,93.09005,21.88,,,4.15434169769287,
Myanmar,MMR,Asia,Lower middle income,2016,51495701.0,280587266112.0,5448.751267838844,,3908.214439,,,21.144,,,4.4106330871582,
Myanmar,MMR,Asia,Lower middle income,2017,51894939.0,296721043920.0,5717.726037215305,,3744.050998,,,23.633,,,4.43423748016357,
Myanmar,MMR,Asia,Lower middle income,2018,52272250.0,315726037240.0,6040.031512705116,,,,,34.017,,,4.43136405944824,
Myanmar,MMR,Asia,Lower middle income,2019,52640718.0,337037542855.0,6402.601553706011,,,,,33.617,,,4.42579984664917,
Myanmar,MMR,Asia,Lower middle income,2020,53016525.0,347785669977.0,6559.948430739284,,,,,34.588,,,4.39419984817505,
Myanmar,MMR,Asia,Lower middle income,2021,53387103.0,285399881185.0,5345.858178238291,,,,,29.285,,,,
Myanmar,MMR,Asia,Lower middle income,2022,53756791.0,291025085135.0,5413.736194465179,,,,,31.639,,,,
Myanmar,MMR,Asia,Lower middle income,2023,54133800.0,,,,,,,31.793,,,,
Namibia,NAM,Africa,Upper middle income,1990,1369309.0,7363138831.0,5377.2660743484485,61.22495122,4744.443368,,,,,,,
Namibia,NAM,Africa,Upper middle income,1991,1415689.0,7919428821.0,5594.045599704455,61.26912195,4569.322189,,75.816582,1.044,,,,
Namibia,NAM,Africa,Upper middle income,1992,1461324.0,8581727967.0,5872.570331425474,61.19,4402.430232,,,1.14,,,,
Namibia,NAM,Africa,Upper middle income,1993,1508698.0,8429492929.0,5587.263275353981,60.97704878,4271.345612,,,1.374,,,,
Namibia,NAM,Africa,Upper middle income,1994,1556315.0,9059011736.0,5820.808599801454,60.62619512,4386.335765,,,1.557,,,,
Namibia,NAM,Africa,Upper middle income,1995,1602181.0,9444539646.0,5894.801926873431,60.09497561,4149.169625,,,1.619,,,,
Namibia,NAM,Africa,Upper middle income,1996,1646107.0,9761025681.0,5929.763788745203,59.33639024,4131.366958,,,1.718,,,,
Namibia,NAM,Africa,Upper middle income,1997,1689274.0,10187928589.0,6030.950922704073,58.37492683,4168.95186,,,1.814,,,,
Namibia,NAM,Africa,Upper middle income,1998,1732747.0,10539117428.0,6082.317515482641,57.27746341,4229.853663,,,1.865,,,,
Namibia,NAM,Africa,Upper middle income,1999,1776371.0,10909782994.0,6141.612869158526,56.13934146,4300.378131,,,1.74,,,,
Namibia,NAM,Africa,Upper middle income,2000,1818650.0,11306497296.0,6216.972642344596,55.12070732,4413.932947,,,1.718,,,,
Namibia,NAM,Africa,Upper middle income,2001,1857059.0,11455708939.0,6168.7372016721065,54.40468293,4505.20775,,85.041283,2.231,,,,
Namibia,NAM,Africa,Upper middle income,2002,1889976.0,12021866961.0,6360.856942627843,54.10509756,4565.77157,,,1.971,,,,
Namibia,NAM,Africa,Upper middle income,2003,1917469.0,12213390181.0,6369.537229024302,54.27897561,4638.334061,,,2.092,,,,
Namibia,NAM,Africa,Upper middle income,2004,1942087.0,13656396271.0,7031.814883164348,54.92346341,4667.083173,,,2.239,,,,
Namibia,NAM,Africa,Upper middle income,2005,1966581.0,14023333339.0,7130.819091102782,55.97743902,4674.804596,,,2.532,,,4.88558721542358,
Namibia,NAM,Africa,Upper middle income,2006,1991890.0,15035738461.0,7548.478310047241,57.32487805,4579.765705,,,2.524,,,,
Namibia,NAM,Africa,Upper middle income,2007,2018607.0,15866803390.0,7860.273639197724,58.78080488,4439.612435,,76.486588,2.327,,,,
Namibia,NAM,Africa,Upper middle income,2008,2047059.0,16311345821.0,7968.1854900127455,60.18407317,4206.964539,,,2.858,,,,
Namibia,NAM,Africa,Upper middle income,2009,2077400.0,16383138236.0,7886.366725714835,61.44090244,3896.114251,,,2.66,,,,
Namibia,NAM,Africa,Upper middle income,2010,2109815.0,17398594185.0,8246.5022691563,62.48029268,3695.681148,,,2.788,,,,
Namibia,NAM,Africa,Upper middle income,2011,2146331.0,18309342330.0,8530.53062645044,63.27717073,3479.217237,,89.400993,2.786,,,,
Namibia,NAM,Africa,Upper middle income,2012,2194656.0,19236166518.0,8765.003042845894,63.88114634,3330.901307,,,3.194,,,4.57399129867554,
Namibia,NAM,Africa,Upper middle income,2013,2252505.0,20316276333.0,9019.414533153089,64.34387805,3066.81913,,,3.004,,,,
Namibia,NAM,Africa,Upper middle income,2014,2312143.0,21554146363.0,9322.151079323381,,2979.683091,,,3.099,,,,
Namibia,NAM,Africa,Upper middle income,2015,2374305.0,22473214767.0,9465.176027090032,,2877.191636,,90.820503,3.394,,,4.44130611419678,
Namibia,NAM,Africa,Upper middle income,2016,2439219.0,22480856444.0,9216.415764226173,,2789.84059,,,3.582,,,4.83408784866333,
Namibia,NAM,Africa,Upper middle income,2017,2506854.0,22249978012.0,8875.65770164517,,2983.073149,,,3.59,,,4.43581104278564,
Namibia,NAM,Africa,Upper middle income,2018,2577327.0,22485828408.0,8724.476330710073,,,,,3.635,,,4.45101022720337,
Namibia,NAM,Africa,Upper middle income,2019,2650499.0,22297166631.0,8412.441065248468,,,,,3.73,,30.17,4.57410001754761,
Namibia,NAM,Africa,Upper middle income,2020,2728760.0,20505368156.0,7514.537062988317,,,,,3.44,,,4.45940017700195,
Namibia,NAM,Africa,Upper middle income,2021,2810552.0,21049990407.0,7489.628516746888,,,,,3.608,,,,
Namibia,NAM,Africa,Upper middle income,2022,2889668.0,21858730428.0,7564.443537458283,,,,,3.414,,,,
Namibia,NAM,Africa,Upper middle income,2023,2963102.0,,,,,,,3.443,,,,
Nauru,NRU,Oceania,Not classified,1990,9645.0,,,,,,,0.125,,,,
Nauru,NRU,Oceania,Not classified,1991,9873.0,,,,,,,0.125,,,,
Nauru,NRU,Oceania,Not classified,1992,10042.0,,,,,,,0.121,,,,
Nauru,NRU,Oceania,Not classified,1993,10123.0,,,,,,,0.114,,,,
Nauru,NRU,Oceania,Not classified,1994,10163.0,,,,,,,0.11,,,,
Nauru,NRU,Oceania,Not classified,1995,10187.0,,,,,,,0.106,,,,
Nauru,NRU,Oceania,Not classified,1996,10206.0,,,,,,,0.103,,,,
Nauru,NRU,Oceania,Not classified,1997,10218.0,,,,,,,0.103,,,,
Nauru,NRU,Oceania,Not classified,1998,10220.0,,,,,,,0.099,,,,
Nauru,NRU,Oceania,Not classified,1999,10207.0,,,,,,,0.092,,,,
Nauru,NRU,Oceania,Not classified,2000,10187.0,,,,,,,0.088,,,,
Nauru,NRU,Oceania,Not classified,2001,10147.0,,,,,,,0.081,,,,
Nauru,NRU,Oceania,Not classified,2002,10105.0,,,,,,,0.077,,,,
Nauru,NRU,Oceania,Not classified,2003,10086.0,,,,,,,0.066,,,,
Nauru,NRU,Oceania,Not classified,2004,10084.0,,,,,,,0.062,,,,
Nauru,NRU,Oceania,Not classified,2005,10071.0,,,,,,,0.062,,,,
Nauru,NRU,Oceania,Not classified,2006,10061.0,,,,,,,0.044,,,,
Nauru,NRU,Oceania,Not classified,2007,10042.0,,,,,,,0.04,,,,
Nauru,NRU,Oceania,Not classified,2008,10032.0,,,,,,,0.04,,,,
Nauru,NRU,Oceania,Not classified,2009,10041.0,,,,,,,0.04,,,,
Nauru,NRU,Oceania,Not classified,2010,10067.0,,,,,,,0.044,,,,
Nauru,NRU,Oceania,Not classified,2011,10116.0,,,,,,,0.04,,,,
Nauru,NRU,Oceania,Not classified,2012,10289.0,,,,,,,0.04,,,,
Nauru,NRU,Oceania,Not classified,2013,10539.0,,,,,,,0.048,,,,
Nauru,NRU,Oceania,Not classified,2014,10766.0,,,,,,,0.051,,,,
Nauru,NRU,Oceania,Not classified,2015,10975.0,,,,,,,0.055,,,,
Nauru,NRU,Oceania,Not classified,2016,11173.0,,,,,,,0.051,,,,
Nauru,NRU,Oceania,Not classified,2017,11351.0,,,,,,,0.055,,,,
Nauru,NRU,Oceania,Not classified,2018,11499.0,,,,,,,0.055,,,,
Nauru,NRU,Oceania,Not classified,2019,11609.0,,,,,,,0.051,,,,
Nauru,NRU,Oceania,Not classified,2020,11665.0,,,,,,,0.055,,,,
Nauru,NRU,Oceania,Not classified,2021,11727.0,,,,,,,0.055,,,,
Nauru,NRU,Oceania,Not classified,2022,11822.0,,,,,,,0.059,,,,
Nauru,NRU,Oceania,Not classified,2023,11900.0,,,,,,,0.059,,,,
Nepal,NPL,Asia,Lower middle income,1990,19524579.0,24523435000.0,1256.0288751936725,55.03643902,10264.74656,,,0.721,,,,
Nepal,NPL,Asia,Lower middle income,1991,20036507.0,26059005352.0,1300.5762607224901,55.82214634,9789.99336,,32.97559,1.026,,,,
Nepal,NPL,Asia,Lower middle income,1992,20609708.0,27087697622.0,1314.3173897466183,56.59734146,9233.92095,,,1.233,,,,
Nepal,NPL,Asia,Lower middle income,1993,21180158.0,28089918800.0,1326.2374529972817,57.35704878,8836.116886,,,1.397,,,,
Nepal,NPL,Asia,Lower middle income,1994,21717483.0,30349286375.0,1397.4587375065516,58.09534146,8446.261521,,,1.619,,,,
Nepal,NPL,Asia,Lower middle income,1995,22245443.0,31356698922.0,1409.57853354505,58.81026829,8085.722061,,,2.309,,,,
Nepal,NPL,Asia,Lower middle income,1996,22741867.0,32961840342.0,1449.390251996461,59.50029268,7711.029273,,,2.353,,,,
Nepal,NPL,Asia,Lower middle income,1997,23219458.0,34660347793.0,1492.728546592259,60.16741463,7332.567081,,,2.641,,,,
Nepal,NPL,Asia,Lower middle income,1998,23680358.0,35610081787.0,1503.781394985667,60.81360976,6968.871065,,,2.223,,,,
Nepal,NPL,Asia,Lower middle income,1999,24125201.0,37151145536.0,1539.9310263155942,61.43887805,6621.448525,,,3.191,,,,
Nepal,NPL,Asia,Lower middle income,2000,24546509.0,39381724035.0,1604.371686214117,62.04270732,6301.656573,,,3.037,,,,
Nepal,NPL,Asia,Lower middle income,2001,24946755.0,41523111510.0,1664.4694474291346,62.62360976,6017.985029,,48.608971,3.236,,,,
Nepal,NPL,Asia,Lower middle income,2002,25328989.0,41501458057.0,1638.4964301970363,63.18302439,5775.772435,,,2.596,,,,
Nepal,NPL,Asia,Lower middle income,2003,25688762.0,43073954586.0,1676.7625697960843,63.722,5522.099811,,,2.81,,,,
Nepal,NPL,Asia,Lower middle income,2004,26016652.0,45033771388.0,1730.95951731222,64.2434878,5312.069386,,,2.582,,,4.56659460067749,
Nepal,NPL,Asia,Lower middle income,2005,26309462.0,46375899545.0,1762.708015276025,64.748,5122.307418,,,2.987,,,4.74828433990479,
Nepal,NPL,Asia,Lower middle income,2006,26565430.0,48016624917.0,1807.4853264938681,65.23953659,4916.519556,,,2.456,,,4.44052648544312,
Nepal,NPL,Asia,Lower middle income,2007,26788498.0,49595508764.0,1851.3732559399186,65.72009756,4688.572061,,,2.57,,,4.91686820983887,
Nepal,NPL,Asia,Lower middle income,2008,26990036.0,52545963062.0,1946.8652454557675,66.19019512,4442.608583,,,3.355,,,4.34967517852783,
Nepal,NPL,Asia,Lower middle income,2009,27173035.0,54837737569.0,2018.093951190951,66.65229268,4188.240908,,,4.126,,,3.80944466590881,
Nepal,NPL,Asia,Lower middle income,2010,27341955.0,57388251486.0,2098.908124382474,67.10492683,3950.043291,,,4.828,,,4.23324489593506,
Nepal,NPL,Asia,Lower middle income,2011,27464499.0,59280309000.0,2158.4340205878143,67.54956098,3708.693964,,59.627251,5.217,,,4.604576587677,
Nepal,NPL,Asia,Lower middle income,2012,27534916.0,62106290000.0,2255.5467392745995,67.98270732,3450.524324,,,5.47,,,4.97501468658447,
Nepal,NPL,Asia,Lower middle income,2013,27589997.0,64655772000.0,2343.4497655074047,68.40385366,3231.592966,,,6.218,,,4.81243658065796,
Nepal,NPL,Asia,Lower middle income,2014,27672373.0,68540931000.0,2476.872185843982,,3054.057858,,,7.588,,,5.0995397567749,
Nepal,NPL,Asia,Lower middle income,2015,27823631.0,70404490000.0,2530.384693500284,,2934.697085,,64.663643,6.905,,,4.73669242858887,
Nepal,NPL,Asia,Lower middle income,2016,27955471.0,70942615519.0,2537.7005996071393,,2769.226786,,,10.088,,,4.9100866317749,
Nepal,NPL,Asia,Lower middle income,2017,28011258.0,77349484140.0,2761.371307921979,,2634.820986,,,12.422,,,5.4487247467041,
Nepal,NPL,Asia,Lower middle income,2018,28079688.0,83234791901.0,2964.2349267199834,,,,,14.039,,,,
Nepal,NPL,Asia,Lower middle income,2019,28414066.0,88775779267.0,3124.3602822278235,,,,,12.75,,,5.26889991760254,
Nepal,NPL,Asia,Lower middle income,2020,28966580.0,86672124340.0,2992.142128618567,,,,,15.631,,,5.37650012969971,
Nepal,NPL,Asia,Lower middle income,2021,29475016.0,90865461899.0,3082.796016090373,,,,,15.486,,,,
Nepal,NPL,Asia,Lower middle income,2022,29715435.0,95965910597.0,3229.4970811297226,,,,,17.609,,,,
Nepal,NPL,Asia,Lower middle income,2023,29694614.0,,,,,,,18.348,,,,
Netherlands,NLD,Europe,High income,1990,15030886.0,411390791201.0,27369.696716547514,76.87804878,723.9331097,,,163.033,0.273,,,
Netherlands,NLD,Europe,High income,1991,15155093.0,423942311236.0,27973.586914709136,77.0,661.0203905,,,171.469,0.31,,,
Netherlands,NLD,Europe,High income,1992,15276787.0,433663917114.0,28387.115504981513,77.21707317,620.6080954,,,171.277,0.33,,,
Netherlands,NLD,Europe,High income,1993,15389718.0,441708287208.0,28701.519235635118,76.91658537,606.707674,,,171.185,0.363,,,
Netherlands,NLD,Europe,High income,1994,15485453.0,457377474101.0,29535.944095468178,77.37512195,558.3321172,,,171.952,0.414,,,
Netherlands,NLD,Europe,High income,1995,15565034.0,474451023067.0,30481.84944967033,77.40463415,541.8181049,,,173.482,0.442,,,
Netherlands,NLD,Europe,High income,1996,15640032.0,494206817608.0,31598.836729234314,77.43560976,557.3917471,,,182.543,0.546,,,
Netherlands,NLD,Europe,High income,1997,15723621.0,518458402185.0,32973.21922125953,77.79439024,524.1962752,,,175.466,0.616,,,
Netherlands,NLD,Europe,High income,1998,15827109.0,545041076356.0,34437.18472880928,77.88292683,530.0057409,,,176.396,0.703,,,
Netherlands,NLD,Europe,High income,1999,15940183.0,575899135456.0,36128.7656142969,77.83658537,527.5121363,,,171.053,0.77,,,
Netherlands,NLD,Europe,High income,2000,16058757.0,603803040978.0,37599.61253402116,77.98780488,523.5536315,,,172.154,0.895,,,
Netherlands,NLD,Europe,High income,2001,16182705.0,620170874924.0,38323.0661946813,78.1902439,519.5115052,,,177.464,0.958,,,
Netherlands,NLD,Europe,High income,2002,16288060.0,624424625610.0,38336.34119778537,78.29268293,495.7813047,,,176.738,1.15,,,
Netherlands,NLD,Europe,High income,2003,16366914.0,629811489833.0,38480.77223556011,78.49268293,469.2054562,,99.0,180.169,1.124,,7.46397924423218,
Netherlands,NLD,Europe,High income,2004,16425562.0,646331449347.0,39349.122382966256,79.09512195,442.8535238,,,182.09,1.452,,,
Netherlands,NLD,Europe,High income,2005,16465707.0,664118269501.0,40333.41960360402,79.34634146,466.813936,,,178.13,2.013,,7.45187950134277,
Netherlands,NLD,Europe,High income,2006,16493851.0,691453801614.0,41921.91390682504,79.69756098,434.3458281,,,173.279,2.24,,7.63101196289062,
Netherlands,NLD,Europe,High income,2007,16531360.0,721200009128.0,43626.17528914742,80.09756098,402.8853178,,,173.028,2.341,,,
Netherlands,NLD,Europe,High income,2008,16597259.0,737705013303.0,44447.40021849391,80.25121951,391.5532084,,,175.904,2.817,,7.50187587738037,
Netherlands,NLD,Europe,High income,2009,16684148.0,713986817901.0,42794.3229645889,80.54878049,386.5619839,,,170.433,3.323,,7.56379795074463,
Netherlands,NLD,Europe,High income,2010,16771232.0,728193221597.0,43419.18480389514,80.70243902,373.9296514,,,182.479,3.039,,7.47071552276611,
Netherlands,NLD,Europe,High income,2011,16851061.0,744614396708.0,44187.98298267391,81.20487805,351.561188,,,169.346,3.546,,7.40655040740967,
Netherlands,NLD,Europe,High income,2012,16915191.0,736942199791.0,43566.886107936945,81.10487805,359.800256,,,165.752,3.67,,7.32118844985962,
Netherlands,NLD,Europe,High income,2013,16967066.0,735982982299.0,43377.15090511229,81.10487805,358.8269324,,,164.925,3.61,,7.32443714141846,
Netherlands,NLD,Europe,High income,2014,17030085.0,746458868661.0,43831.77586377285,,351.510706,,,157.503,3.651,,7.54087734222412,
Netherlands,NLD,Europe,High income,2015,17107429.0,761083250759.0,44488.46467572655,,327.0362829,,,163.958,4.031,,7.45896530151367,
Netherlands,NLD,Europe,High income,2016,17204693.0,777764090323.0,45206.50791751995,,340.829474,,,164.812,4.139,,7.4630970954895,
Netherlands,NLD,Europe,High income,2017,17315376.0,800404023156.0,46225.04432800073,,331.5925856,,,162.296,4.795,,7.42526865005493,
Netherlands,NLD,Europe,High income,2018,17421285.0,819300805024.0,47028.724059333166,,,,,158.264,5.505,,7.50444793701172,
Netherlands,NLD,Europe,High income,2019,17537505.0,835323029559.0,47630.665226267934,,,,,152.727,6.709,,7.46400022506714,
Netherlands,NLD,Europe,High income,2020,17636732.0,802861622095.0,45522.130862735794,,,,,136.974,9.735,,7.4148998260498,
Netherlands,NLD,Europe,High income,2021,17730565.0,841906706612.0,47483.3546822676,,,,,139.886,11.483,,,
Netherlands,NLD,Europe,High income,2022,17904421.0,879609110665.0,49128.039977668086,,,,,127.503,14.417,,,
Netherlands,NLD,Europe,High income,2023,18092526.0,,,,,,,117.016,16.63,,,
New Caledonia,NCL,Oceania,Not classified,1990,176468.0,,,70.48536585,,,,1.576,,,,
New Caledonia,NCL,Oceania,Not classified,1991,181251.0,,,70.35853659,,,,1.759,,,,
New Caledonia,NCL,Oceania,Not classified,1992,186084.0,,,71.61463415,,,,1.575,,,,
New Caledonia,NCL,Oceania,Not classified,1993,190858.0,,,71.65609756,,,,1.832,,,,
New Caledonia,NCL,Oceania,Not classified,1994,195626.0,,,70.67317073,,,,1.975,,,,
New Caledonia,NCL,Oceania,Not classified,1995,200392.0,,,72.0097561,,,,2.067,,,,
New Caledonia,NCL,Oceania,Not classified,1996,205048.0,,,71.99756098,,,96.137917,2.184,,,,
New Caledonia,NCL,Oceania,Not classified,1997,209568.0,,,71.73902439,,,,1.817,,,,
New Caledonia,NCL,Oceania,Not classified,1998,214062.0,,,74.37560976,,,,1.81,,,,
New Caledonia,NCL,Oceania,Not classified,1999,218532.0,,,73.87560976,,,,2.056,,,,
New Caledonia,NCL,Oceania,Not classified,2000,223110.0,,,75.16341463,,,,2.224,,,,
New Caledonia,NCL,Oceania,Not classified,2001,227714.0,,,74.83170732,,,,1.877,,,,
New Caledonia,NCL,Oceania,Not classified,2002,232239.0,,,75.10243902,,,,2.392,,,,
New Caledonia,NCL,Oceania,Not classified,2003,236684.0,,,75.27073171,,,,2.726,,,,
New Caledonia,NCL,Oceania,Not classified,2004,240865.0,,,75.51463415,,,,2.515,,,,
New Caledonia,NCL,Oceania,Not classified,2005,244391.0,,,75.16829268,,,,2.806,,,,
New Caledonia,NCL,Oceania,Not classified,2006,247557.0,,,76.46097561,,,,2.71,,,,
New Caledonia,NCL,Oceania,Not classified,2007,250730.0,,,75.94634146,,,,2.927,,,,
New Caledonia,NCL,Oceania,Not classified,2008,253831.0,,,76.45609756,,,,2.848,,,,
New Caledonia,NCL,Oceania,Not classified,2009,257261.0,,,76.96585366,,,,3.036,,,,
New Caledonia,NCL,Oceania,Not classified,2010,261580.0,,,77.47317073,,,,3.658,,,,
New Caledonia,NCL,Oceania,Not classified,2011,266550.0,,,76.72682927,,,,3.694,,,,
New Caledonia,NCL,Oceania,Not classified,2012,271640.0,,,77.12195122,,,,3.706,,,,
New Caledonia,NCL,Oceania,Not classified,2013,276832.0,,,77.12195122,,,,3.97,,,,
New Caledonia,NCL,Oceania,Not classified,2014,281233.0,,,,,,96.806671,5.009,,,,
New Caledonia,NCL,Oceania,Not classified,2015,283179.0,,,,,,96.93782,4.877,,,,
New Caledonia,NCL,Oceania,Not classified,2016,283432.0,,,,,,,5.482,,,,
New Caledonia,NCL,Oceania,Not classified,2017,283554.0,,,,,,,5.584,,,,
New Caledonia,NCL,Oceania,Not classified,2018,283551.0,,,,,,,5.913,,,,
New Caledonia,NCL,Oceania,Not classified,2019,283616.0,,,,,,,5.673,,,,
New Caledonia,NCL,Oceania,Not classified,2020,284187.0,,,,,,,5.109,,,,
New Caledonia,NCL,Oceania,Not classified,2021,285227.0,,,,,,,4.537,,,,
New Caledonia,NCL,Oceania,Not classified,2022,287130.0,,,,,,,5.116,,,,
New Caledonia,NCL,Oceania,Not classified,2023,289879.0,,,,,,,5.068,,,,
New Zealand,NZL,Oceania,High income,1990,3396981.0,74483238000.0,21926.303974028702,75.37804878,1012.477453,,,25.49,40.273,,,
New Zealand,NZL,Oceania,High income,1991,3480933.0,74961224062.0,21534.80807070978,76.03170732,918.5563928,,,26.17,39.293,,,
New Zealand,NZL,Oceania,High income,1992,3532246.0,75624106462.0,21409.63751165689,76.12439024,855.0058084,,,28.154,36.402,,,
New Zealand,NZL,Oceania,High income,1993,3573609.0,79461848563.0,22235.74223229234,76.43414634,869.5636295,,,27.746,39.094,,,
New Zealand,NZL,Oceania,High income,1994,3621030.0,84890067977.0,23443.62459769734,76.88292683,816.3399603,,,27.885,40.072,,,
New Zealand,NZL,Oceania,High income,1995,3674434.0,88724280201.0,24146.38015024899,76.73414634,703.2351618,,,27.989,40.821,,,
New Zealand,NZL,Oceania,High income,1996,3729383.0,92246848029.0,24735.15003125182,76.78780488,710.3254357,,,29.288,38.333,,,
New Zealand,NZL,Oceania,High income,1997,3776950.0,95195281693.0,25204.273737539548,77.33414634,678.8076331,,,31.261,34.585,,,
New Zealand,NZL,Oceania,High income,1998,3811376.0,96170421359.0,25232.46758099962,78.08536585,593.4389614,,,29.837,37.698,,,
New Zealand,NZL,Oceania,High income,1999,3835561.0,100616403871.0,26232.51301986854,77.8902439,599.8467833,,,31.443,34.58,,,
New Zealand,NZL,Oceania,High income,2000,3857576.0,104942102861.0,27204.156926785112,78.63658537,626.3227066,,,32.221,35.364,,,
New Zealand,NZL,Oceania,High income,2001,3891763.0,107226686179.0,27552.213785628777,78.69268293,608.0347156,,,34.356,31.767,,,
New Zealand,NZL,Oceania,High income,2002,3951116.0,112775904669.0,28542.797697916234,78.84634146,630.493519,,,34.519,34.139,,,
New Zealand,NZL,Oceania,High income,2003,4022585.0,118221542739.0,29389.44552793788,79.14634146,598.4493748,,99.0,36.22,33.366,,,
New Zealand,NZL,Oceania,High income,2004,4083912.0,123732222489.0,30297.475187761145,79.54878049,598.2637628,,,35.806,36.99,,7.30501413345337,
New Zealand,NZL,Oceania,High income,2005,4135002.0,127087212440.0,30734.498421040666,79.85121951,555.3140412,,,37.401,33.787,,7.60417318344116,
New Zealand,NZL,Oceania,High income,2006,4181943.0,130823651084.0,31282.98283453409,80.04878049,544.4044114,,,37.304,34.047,,7.38117074966431,
New Zealand,NZL,Oceania,High income,2007,4223270.0,136252900902.0,32262.417724180552,80.15121951,545.9340628,,,36.383,34.701,,,
New Zealand,NZL,Oceania,High income,2008,4261819.0,135932629621.0,31895.448779265378,80.35121951,542.073448,,,37.485,33.836,,7.22375631332397,
New Zealand,NZL,Oceania,High income,2009,4304304.0,136500728040.0,31712.6132447894,80.70243902,545.905522,,,34.594,37.362,,7.19063806533813,
New Zealand,NZL,Oceania,High income,2010,4347766.0,139478805582.0,32080.568637318567,80.70243902,564.7883466,,,34.787,38.311,,7.24962997436523,
New Zealand,NZL,Oceania,High income,2011,4382699.0,142521900112.0,32519.207938304684,80.90487805,536.2482845,,,34.241,39.187,,7.28015184402466,
New Zealand,NZL,Oceania,High income,2012,4411682.0,146280651356.0,33157.569234591254,81.15609756,510.9113503,,,35.918,36.696,,7.30589246749878,
New Zealand,NZL,Oceania,High income,2013,4453857.0,149512485774.0,33569.21557517451,81.40731707,513.8224394,,,35.219,36.769,,7.41812086105347,
New Zealand,NZL,Oceania,High income,2014,4522976.0,154422989929.0,34141.89903483901,,542.9262695,,,35.399,37.452,,7.22568798065186,
New Zealand,NZL,Oceania,High income,2015,4614035.0,160782215776.0,34846.33640100259,,448.5965705,,,35.805,38.143,,7.32718276977539,
New Zealand,NZL,Oceania,High income,2016,4714768.0,167418113760.0,35509.300512771784,,368.8685142,,,34.135,38.817,,7.370285987854,
New Zealand,NZL,Oceania,High income,2017,4812749.0,174187918857.0,36193.01959379141,,385.6312521,,,35.661,37.085,,7.20517444610596,
New Zealand,NZL,Oceania,High income,2018,4900840.0,181445758308.0,37023.39972494511,,,,,35.687,38.098,,7.25738191604614,
New Zealand,NZL,Oceania,High income,2019,4989410.0,187274507980.0,37534.39945404366,,,,,36.711,36.9,,7.2765998840332,
New Zealand,NZL,Oceania,High income,2020,5069895.0,184971347287.0,36484.25604218628,,,,,34.109,39.275,,7.19980001449585,
New Zealand,NZL,Oceania,High income,2021,5107694.0,196312458906.0,38434.655424933444,,,,,34.597,40.316,,,
New Zealand,NZL,Oceania,High income,2022,5131731.0,200602760076.0,39090.66162587244,,,,,31.966,43.295,,,
New Zealand,NZL,Oceania,High income,2023,5172837.0,,,,,,,31.56,42.265,,,
Nicaragua,NIC,Americas,Lower middle income,1990,4162566.0,8348404000.0,2005.5907822242339,64.135,5075.253883,,65.0,2.043,,,,
Nicaragua,NIC,Americas,Lower middle income,1991,4259636.0,8483399893.0,1991.578598030442,64.88409756,4716.697869,,65.0,1.984,,,,
Nicaragua,NIC,Americas,Lower middle income,1992,4357031.0,8668809931.0,1989.6140126154714,65.59141463,4402.699618,,65.0,2.37,,,,
Nicaragua,NIC,Americas,Lower middle income,1993,4453733.0,8788659513.0,1973.324290656849,66.23914634,4161.604547,,66.0,2.28,,,,
Nicaragua,NIC,Americas,Lower middle income,1994,4549317.0,9239788720.0,2031.0276729451916,66.82163415,3859.772562,,66.0,2.514,,,,
Nicaragua,NIC,Americas,Lower middle income,1995,4642933.0,9966535313.0,2146.6033029121895,67.3422439,3670.010717,,67.0,2.751,,,,
Nicaragua,NIC,Americas,Lower middle income,1996,4729979.0,10785595274.0,2280.2628244226876,67.816,3446.667962,,67.0,2.842,,,,
Nicaragua,NIC,Americas,Lower middle income,1997,4809574.0,11415412840.0,2373.4769108449104,68.26860976,3208.253765,,67.0,3.108,,,,
Nicaragua,NIC,Americas,Lower middle income,1998,4883659.0,12049925222.0,2467.396929638208,68.72031707,3029.339092,,68.0,3.386,,,,
Nicaragua,NIC,Americas,Lower middle income,1999,4954021.0,13130550582.0,2650.483431943466,69.17926829,2803.612291,,68.0,3.59,,,,
Nicaragua,NIC,Americas,Lower middle income,2000,5022636.0,13909591678.0,2769.380794865485,69.64658537,2635.73651,,66.0,3.71,,,,
Nicaragua,NIC,Americas,Lower middle income,2001,5087827.0,14579899402.0,2865.6437025079667,70.11992683,2493.575931,,76.677132,3.909,,,,
Nicaragua,NIC,Americas,Lower middle income,2002,5149914.0,14954188068.0,2903.774328658692,70.58885366,2373.394024,,,3.976,,,,
Nicaragua,NIC,Americas,Lower middle income,2003,5210970.0,15599450900.0,2993.579103314738,71.04495122,2261.588075,,,4.31,,,,
Nicaragua,NIC,Americas,Lower middle income,2004,5272909.0,16722815302.0,3171.4591133660756,71.48631707,2166.162052,,,4.362,,,4.4601583480835,
Nicaragua,NIC,Americas,Lower middle income,2005,5342108.0,17753885555.0,3323.3857411718373,71.90995122,2082.919917,,78.002983,4.253,,,4.94409084320068,
Nicaragua,NIC,Americas,Lower middle income,2006,5418857.0,18819405708.0,3472.9474699184716,72.31636585,1988.854292,,,4.407,,,5.10382747650146,
Nicaragua,NIC,Americas,Lower middle income,2007,5497247.0,20171035929.0,3669.2977282992742,72.7064878,1861.387275,,,4.54,,,5.35280466079712,
Nicaragua,NIC,Americas,Lower middle income,2008,5576597.0,21118480099.0,3786.983369786269,73.0822439,1760.347034,,,4.353,,,5.68669939041138,
Nicaragua,NIC,Americas,Lower middle income,2009,5656602.0,20900358446.0,3694.8610572212788,73.44412195,1709.659153,,,4.432,,,5.38570547103882,
Nicaragua,NIC,Americas,Lower middle income,2010,5737451.0,21950676457.0,3825.858636004037,73.79512195,1673.762123,,,4.453,,,5.44800615310669,
Nicaragua,NIC,Americas,Lower middle income,2011,5819051.0,23734874000.0,4078.8221309625915,74.13470732,1632.622997,,,4.789,,,5.7722749710083,
Nicaragua,NIC,Americas,Lower middle income,2012,5901290.0,25065728000.0,4247.499783945545,74.46539024,1596.379817,,,4.534,,,6.27526664733887,
Nicaragua,NIC,Americas,Lower middle income,2013,5983852.0,26206803000.0,4379.587429635626,74.78817073,1594.598757,,,4.586,,,5.92411279678345,
Nicaragua,NIC,Americas,Lower middle income,2014,6066493.0,27402565000.0,4517.035625030804,,1540.266219,,,4.72,,,6.01273965835571,
Nicaragua,NIC,Americas,Lower middle income,2015,6149417.0,28748328000.0,4674.968049816755,,1496.025889,,82.471848,5.408,,,6.47635650634766,
Nicaragua,NIC,Americas,Lower middle income,2016,6232664.0,29929662026.0,4802.065701921361,,1393.845641,,,5.379,,,5.8189525604248,
Nicaragua,NIC,Americas,Lower middle income,2017,6316235.0,31179621906.0,4936.425244785857,,1309.024948,,,5.441,,,6.11254501342773,
Nicaragua,NIC,Americas,Lower middle income,2018,6400074.0,30002714290.0,4687.869904316732,,,,,5.178,,,,
Nicaragua,NIC,Americas,Lower middle income,2019,6483660.0,29133575354.0,4493.384192570245,,,,,5.208,,,5.97209978103638,
Nicaragua,NIC,Americas,Lower middle income,2020,6565267.0,28619004754.0,4359.153215550868,,,,,4.641,,,6.16459989547729,
Nicaragua,NIC,Americas,Lower middle income,2021,6644745.0,31580275032.0,4752.669219360562,,,,,5.133,,,,
Nicaragua,NIC,Americas,Lower middle income,2022,6730662.0,32764782125.0,4867.988041146621,,,,,5.131,,,,
Nicaragua,NIC,Americas,Lower middle income,2023,6823619.0,,,,,,,5.428,,,,
Niger,NER,Africa,Low income,1990,8286066.0,6837988542.0,825.2394492151041,43.95119512,13482.62919,,,0.599,,,,
Niger,NER,Africa,Low income,1991,8546900.0,6989575096.0,817.7906721735366,44.51660976,13305.28381,,,0.566,,,,
Niger,NER,Africa,Low income,1992,8817633.0,6527731522.0,740.3042882369906,45.12382927,13001.19057,,,0.521,,,,
Niger,NER,Africa,Low income,1993,9100789.0,6612264624.0,726.559491050721,45.76531707,12688.80138,,,0.602,,,,
Niger,NER,Africa,Low income,1994,9398266.0,6867284266.0,730.6969462239098,46.43604878,12246.80843,,,0.577,,,,
Niger,NER,Africa,Low income,1995,9714537.0,6415921691.0,660.4454428450888,47.129,11979.94076,,,0.558,,,,
Niger,NER,Africa,Low income,1996,10044848.0,6731376519.0,670.1322428174125,47.83958537,11376.03118,,,0.639,,,,
Niger,NER,Africa,Low income,1997,10383977.0,6759223607.0,650.9282144018616,48.55921951,10763.00032,,,0.648,,,,
Niger,NER,Africa,Low income,1998,10741416.0,7611872294.0,708.6470065026808,49.28029268,10249.01222,,,0.696,,,,
Niger,NER,Africa,Low income,1999,11117414.0,7681517627.0,690.9446411728483,49.99721951,9852.964628,,,0.682,,,,
Niger,NER,Africa,Low income,2000,11509634.0,7478107136.0,649.7258849412588,50.70590244,9517.646571,,,0.683,,,,
Niger,NER,Africa,Low income,2001,11920648.0,8079568499.0,677.7793035244392,51.40729268,9115.002791,,14.37604,0.646,,,,
Niger,NER,Africa,Low income,2002,12349150.0,8506710068.0,688.8498453739732,52.10187805,8691.297253,,,0.685,,,,
Niger,NER,Africa,Low income,2003,12796979.0,9108500707.0,711.769606482905,52.78870732,8348.508469,,,0.744,,,,
Niger,NER,Africa,Low income,2004,13265843.0,9044074242.0,681.7564659856143,53.46378049,7917.366551,,,0.795,,,3.73695182800293,
Niger,NER,Africa,Low income,2005,13756192.0,9809322645.0,713.0841620268167,54.12014634,7565.601963,,28.672421,0.691,,,4.27740240097046,
Niger,NER,Africa,Low income,2006,14268583.0,10382568329.0,727.652376483355,54.75141463,7196.926483,,,0.671,,,4.23565721511841,
Niger,NER,Africa,Low income,2007,14803604.0,10716181753.0,723.8900576508261,55.35314634,6851.371457,,,0.706,,,4.26716995239258,
Niger,NER,Africa,Low income,2008,15361921.0,11762875984.0,765.7164741310673,55.92539024,6508.190727,,,0.792,,,4.1010160446167,
Niger,NER,Africa,Low income,2009,15943673.0,11700248745.0,733.8490161583219,56.46821951,6289.5685,,,0.952,,,4.5558295249939,
Niger,NER,Africa,Low income,2010,16548833.0,12694118605.0,767.070318795289,56.98563415,6088.990913,,,1.16,,,3.79808831214905,
Niger,NER,Africa,Low income,2011,17176286.0,12994344552.0,756.528189621435,57.48263415,5936.165122,,,1.313,,,3.71632981300354,
Niger,NER,Africa,Low income,2012,17836770.0,14364207370.0,805.3143797896143,57.96617073,5795.522914,,15.4567,1.852,,,4.18094348907471,
Niger,NER,Africa,Low income,2013,18519899.0,15127089342.0,816.8019351509422,58.44270732,5614.733479,,,2.078,,,3.67145371437073,
Niger,NER,Africa,Low income,2014,19215917.0,16132130068.0,839.5191375982733,,5438.580468,,,2.256,,,4.23464584350586,
Niger,NER,Africa,Low income,2015,19939496.0,16840818422.0,844.5959928977142,,5264.193417,,19.1026,2.199,,,4.61567354202271,
Niger,NER,Africa,Low income,2016,20685758.0,17807651308.0,860.8653020111711,,5097.617162,,,2.142,,,5.16400718688965,
Niger,NER,Africa,Low income,2017,21435449.0,18698209711.0,872.3031512425982,,4907.39445,,,2.243,,,5.00354433059692,
Niger,NER,Africa,Low income,2018,22188074.0,20008393727.0,901.763430525786,,,,,1.803,,,,
Niger,NER,Africa,Low income,2019,22947765.0,21237507069.0,925.4716992700596,,,,,2.513,,4.11,5.07410001754761,
Niger,NER,Africa,Low income,2020,23717615.0,21991440513.0,927.219727320812,,,,,3.04,,,5.00349998474121,
Niger,NER,Africa,Low income,2021,24502145.0,22299096291.0,910.0875164602936,,,,,2.588,,,,
Niger,NER,Africa,Low income,2022,25311978.0,24776754234.0,978.8549213340814,,,,,3.201,,,,
Niger,NER,Africa,Low income,2023,26159863.0,,,,,,,3.133,,,,
Nigeria,NGA,Africa,Lower middle income,1990,97120926.0,171278462601.0,1763.558788566328,46.11026829,11682.17832,,,38.786,,,,
Nigeria,NGA,Africa,Lower middle income,1991,99720161.0,174067595995.0,1745.5607196121555,46.08695122,11728.62331,,55.446751,41.841,,,,
Nigeria,NGA,Africa,Lower middle income,1992,102372779.0,181866334418.0,1776.5106720215147,46.07495122,11524.93774,,,46.162,,,,
Nigeria,NGA,Africa,Lower middle income,1993,105122075.0,188893712697.0,1796.8986313959272,46.07282927,11435.18079,,,44.705,,,,
Nigeria,NGA,Africa,Lower middle income,1994,107935717.0,193990909901.0,1797.281894194486,46.08556098,11383.69194,,,80.36,,,,
Nigeria,NGA,Africa,Lower middle income,1995,110819430.0,202397614701.0,1826.372998859496,46.11407317,11351.47664,,,84.23,,,,
Nigeria,NGA,Africa,Lower middle income,1996,113754783.0,215950344813.0,1898.3847458352586,46.15978049,11453.9055,,,97.767,,,,
Nigeria,NGA,Africa,Lower middle income,1997,116754790.0,227883174622.0,1951.810068109411,46.2245122,11221.54864,,,95.649,,,,
Nigeria,NGA,Africa,Lower middle income,1998,119846261.0,239844515802.0,2001.268239832697,46.31565854,11133.04073,,,86.338,,,,
Nigeria,NGA,Africa,Lower middle income,1999,123047324.0,247535177447.0,2011.7071172307656,46.44268293,11041.02988,,,84.838,,,,
Nigeria,NGA,Africa,Lower middle income,2000,126382490.0,268133056679.0,2121.5997301445796,46.624,11009.11669,,,96.831,,,,
Nigeria,NGA,Africa,Lower middle income,2001,129862594.0,293371700731.0,2259.0931822215102,46.88117073,10780.2579,,,100.218,,,,
Nigeria,NGA,Africa,Lower middle income,2002,133471995.0,344836483316.0,2583.586791491354,47.21973171,10632.95327,,,89.906,,,,
Nigeria,NGA,Africa,Lower middle income,2003,137202646.0,387284228400.0,2822.7169059115668,47.63773171,10410.36373,,54.773178,100.03,,,,
Nigeria,NGA,Africa,Lower middle income,2004,141057045.0,438814816180.0,3110.9032248619696,48.12565854,10073.76892,,,94.962,,,4.70974588394165,
Nigeria,NGA,Africa,Lower middle income,2005,145017256.0,481797619872.0,3322.3468238290207,48.6644878,9722.259138,,,101.666,,,4.89041948318481,
Nigeria,NGA,Africa,Lower middle income,2006,149077335.0,527631752471.0,3539.315701283498,49.22863415,9447.027963,,,90.097,,,4.93856048583984,
Nigeria,NGA,Africa,Lower middle income,2007,153267254.0,581001445796.0,3790.7735059701663,49.79160976,9192.887176,,,82.17,,,4.98022031784058,
Nigeria,NGA,Africa,Lower middle income,2008,157595014.0,638908028616.0,4054.1132133533106,50.32939024,8888.880543,,51.07766,86.489,,,4.76027584075928,
Nigeria,NGA,Africa,Lower middle income,2009,162049466.0,709931188516.0,4380.953581889618,50.8304878,8596.360689,,,77.031,,,,
Nigeria,NGA,Africa,Lower middle income,2010,166642888.0,809999411809.0,4860.68995521129,51.28941463,8319.985883,,,112.05,,,5.49295425415039,
Nigeria,NGA,Africa,Lower middle income,2011,171379602.0,871103799000.0,5082.890780665951,51.7102439,8038.800578,,,126.115,,,4.81786870956421,
Nigeria,NGA,Africa,Lower middle income,2012,176200627.0,908380661120.0,5155.377007370127,52.10902439,7788.751644,,,110.125,,,,
Nigeria,NGA,Africa,Lower middle income,2013,181049440.0,957382666012.0,5287.962591941737,52.49978049,7498.591783,,,117.401,,,4.93291473388672,
Nigeria,NGA,Africa,Lower middle income,2014,185896917.0,1017790765613.0,5475.027676833392,,7371.627551,,,123.971,,,5.21956777572632,
Nigeria,NGA,Africa,Lower middle income,2015,190671883.0,1044789628210.0,5479.515971476508,,7069.517989,,59.568081,110.525,,,5.32192802429199,
Nigeria,NGA,Africa,Lower middle income,2016,195443698.0,1027896680223.0,5259.298154617398,,6774.278639,,,116.396,,,5.25228834152222,
Nigeria,NGA,Africa,Lower middle income,2017,200254580.0,1036180414988.0,5174.315688500108,,6546.835153,,,112.54,,,4.3564190864563,
Nigeria,NGA,Africa,Lower middle income,2018,204938752.0,1056103594567.0,5153.2644961505375,,,,,106.786,,,5.50294828414917,
Nigeria,NGA,Africa,Lower middle income,2019,209485637.0,1079426893318.0,5152.748936758848,,,,,127.859,,55.55,4.75930023193359,
Nigeria,NGA,Africa,Lower middle income,2020,213996185.0,1060059201469.0,4953.6359793937445,,,,,124.899,,,4.55200004577637,
Nigeria,NGA,Africa,Lower middle income,2021,218529286.0,1098721596994.0,5027.800241812898,,,,,147.777,,,,
Nigeria,NGA,Africa,Lower middle income,2022,223150906.0,1134448580250.0,5083.773131756857,,,,,131.441,,,,
Nigeria,NGA,Africa,Lower middle income,2023,227882949.0,,,,,,,129.376,,,,
Niue,NIU,Oceania,Not classified,1990,2506.0,,,,,,,0.007,,,,
Niue,NIU,Oceania,Not classified,1991,2476.0,,,,,,,0.007,,,,
Niue,NIU,Oceania,Not classified,1992,2443.0,,,,,,,0.007,,,,
Niue,NIU,Oceania,Not classified,1993,2403.0,,,,,,,0.007,,,,
Niue,NIU,Oceania,Not classified,1994,2362.0,,,,,,,0.007,,,,
Niue,NIU,Oceania,Not classified,1995,2326.0,,,,,,,0.004,,,,
Niue,NIU,Oceania,Not classified,1996,2290.0,,,,,,,0.004,,,,
Niue,NIU,Oceania,Not classified,1997,2242.0,,,,,,,0.004,,,,
Niue,NIU,Oceania,Not classified,1998,2187.0,,,,,,,0.007,,,,
Niue,NIU,Oceania,Not classified,1999,2138.0,,,,,,,0.007,,,,
Niue,NIU,Oceania,Not classified,2000,2068.0,,,,,,,0.007,,,,
Niue,NIU,Oceania,Not classified,2001,2007.0,,,,,,,0.007,,,,
Niue,NIU,Oceania,Not classified,2002,1965.0,,,,,,,0.007,,,,
Niue,NIU,Oceania,Not classified,2003,1928.0,,,,,,,0.004,,,,
Niue,NIU,Oceania,Not classified,2004,1891.0,,,,,,,0.004,,,,
Niue,NIU,Oceania,Not classified,2005,1849.0,,,,,,,0.004,,,,
Niue,NIU,Oceania,Not classified,2006,1818.0,,,,,,,0.004,,,,
Niue,NIU,Oceania,Not classified,2007,1810.0,,,,,,,0.004,,,,
Niue,NIU,Oceania,Not classified,2008,1805.0,,,,,,,0.007,,,,
Niue,NIU,Oceania,Not classified,2009,1801.0,,,,,,,0.004,,,,
Niue,NIU,Oceania,Not classified,2010,1786.0,,,,,,,0.004,,,,
Niue,NIU,Oceania,Not classified,2011,1776.0,,,,,,95.0,0.004,,,,
Niue,NIU,Oceania,Not classified,2012,1784.0,,,,,,,0.004,,,,
Niue,NIU,Oceania,Not classified,2013,1786.0,,,,,,,0.007,,,,
Niue,NIU,Oceania,Not classified,2014,1792.0,,,,,,,0.007,,,,
Niue,NIU,Oceania,Not classified,2015,1803.0,,,,,,,0.007,,,,
Niue,NIU,Oceania,Not classified,2016,1806.0,,,,,,,0.007,,,,
Niue,NIU,Oceania,Not classified,2017,1803.0,,,,,,,0.007,,,,
Niue,NIU,Oceania,Not classified,2018,1805.0,,,,,,,0.007,,,,
Niue,NIU,Oceania,Not classified,2019,1814.0,,,,,,,0.007,,,,
Niue,NIU,Oceania,Not classified,2020,1822.0,,,,,,,0.007,,,,
Niue,NIU,Oceania,Not classified,2021,1836.0,,,,,,,0.007,,,,
Niue,NIU,Oceania,Not classified,2022,1844.0,,,,,,,0.007,,,,
Niue,NIU,Oceania,Not classified,2023,1841.0,,,,,,,0.007,,,,
North Korea,PRK,Asia,Low income,1990,21112134.0,50223946260.0,2378.913768736026,69.34431707,2037.205782,,,118.383,,,,
North Korea,PRK,Asia,Low income,1991,21428637.0,48202054341.0,2249.422319347703,69.32531707,2070.270026,,,112.819,,,,
North Korea,PRK,Asia,Low income,1992,21750912.0,44917408392.0,2065.081610922797,68.95170732,2105.011639,,,97.985,,,,
North Korea,PRK,Asia,Low income,1993,22073354.0,43046073181.0,1950.1374000978738,68.23026829,2131.437986,,,89.585,,,,
North Korea,PRK,Asia,Low income,1994,22393967.0,42085991707.0,1879.345080172709,67.22821951,2197.079864,,,81.584,,,,
North Korea,PRK,Asia,Low income,1995,22669307.0,40146511697.0,1770.9633425053532,66.11729268,8656.402009,,,76.085,,,,
North Korea,PRK,Asia,Low income,1996,22895753.0,38689712954.0,1689.820507497613,65.12419512,8873.971014,,,66.292,,,,
North Korea,PRK,Asia,Low income,1997,23110836.0,36018760289.0,1558.5226033796441,64.44195122,8966.014728,,,63.679,,,,
North Korea,PRK,Asia,Low income,1998,23311570.0,35521586609.0,1523.7749584862795,64.1915122,9019.465209,,,58.749,,,,
North Korea,PRK,Asia,Low income,1999,23497594.0,37610923377.0,1600.6287016875003,64.39526829,9108.952101,,,64.143,,,,
North Korea,PRK,Asia,Low income,2000,23665909.0,37758035363.0,1595.4610221394835,64.98256098,9168.797094,,,69.165,,,,
North Korea,PRK,Asia,Low income,2001,23815364.0,39161385107.0,1644.3748290809244,65.80365854,9273.197467,,,71.668,,,,
North Korea,PRK,Asia,Low income,2002,23943975.0,39634147135.0,1655.2868575497594,66.64829268,9336.863561,,,68.642,,,,
North Korea,PRK,Asia,Low income,2003,24090382.0,40352082900.0,1675.028768742646,67.3542439,2905.731429,,,70.143,,,,
North Korea,PRK,Asia,Low income,2004,24254946.0,41171424607.0,1697.4444967636705,67.85982927,2824.397039,,,71.722,,,,
North Korea,PRK,Asia,Low income,2005,24396434.0,42708227011.0,1750.59301744673,68.1565122,2805.131546,,,75.01,,,,
North Korea,PRK,Asia,Low income,2006,24524508.0,42264169568.0,1723.3442386693343,68.29173171,2778.842302,,,76.17,,,,
North Korea,PRK,Asia,Low income,2007,24646384.0,41765545354.0,1694.5911965828334,68.37417073,2744.108309,,,63.478,,,,
North Korea,PRK,Asia,Low income,2008,24764620.0,43163303891.0,1742.9423060398262,68.48939024,2696.638788,,99.99826,70.326,,,,
North Korea,PRK,Asia,Low income,2009,24878338.0,42791212438.0,1720.0189352681036,68.66097561,2647.781693,,,67.66,,,,
North Korea,PRK,Asia,Low income,2010,24987257.0,42605438930.0,1705.0866739794608,68.89792683,2589.970738,,,65.355,,,,
North Korea,PRK,Asia,Low income,2011,25097877.0,42961431310.0,1711.755592315637,69.18880488,2547.1222,,,47.867,,,,
North Korea,PRK,Asia,Low income,2012,25211737.0,43545173971.0,1727.1786537754222,69.50063415,2495.256463,,,46.755,,,,
North Korea,PRK,Asia,Low income,2013,25329456.0,44033758330.0,1738.4407438517433,69.80695122,2431.742144,,,36.144,,,,
North Korea,PRK,Asia,Low income,2014,25451263.0,44518471841.0,1749.165526323782,,2359.070702,,,39.825,,,,
North Korea,PRK,Asia,Low income,2015,25575355.0,44032955306.0,1721.6947841388712,,2277.089126,,99.999237,31.278,,,,
North Korea,PRK,Asia,Low income,2016,25698325.0,45739740287.0,1779.872434759853,,2185.709928,,,34.236,,,,
North Korea,PRK,Asia,Low income,2017,25817710.0,44160501992.0,1710.4732368595046,,2109.195655,,,69.708,,,,
North Korea,PRK,Asia,Low income,2018,25931153.0,42349472757.0,1633.150394700922,,,,,62.608,,,,
North Korea,PRK,Asia,Low income,2019,26037633.0,42499100315.0,1632.2182709541992,,,,,69.512,,,,
North Korea,PRK,Asia,Low income,2020,26136312.0,40572892149.0,1552.3572013144012,,,,,65.577,,,,
North Korea,PRK,Asia,Low income,2021,26232530.0,40550428396.0,1545.8069959702705,,,,,53.97,,,,
North Korea,PRK,Asia,Low income,2022,26328843.0,40488847458.0,1537.81339567409,,,,,56.289,,,,
North Korea,PRK,Asia,Low income,2023,26418196.0,,,,,,,62.025,,,,
North Macedonia,MKD,Europe,Upper middle income,1990,2063690.0,17074264103.0,8273.657430621848,,,,,11.098,4.612,,,
North Macedonia,MKD,Europe,Upper middle income,1991,2056002.0,16091738511.0,7826.713452126992,,,,,7.789,8.041,,,
North Macedonia,MKD,Europe,Upper middle income,1992,2032516.0,15099004830.0,7428.726184689321,,,,,8.394,7.83,,,
North Macedonia,MKD,Europe,Upper middle income,1993,2006853.0,14032388036.0,6992.235124346427,,,,,7.599,4.804,,,
North Macedonia,MKD,Europe,Upper middle income,1994,1992669.0,13843334272.0,6947.131847788067,,,,,7.903,6.818,,,
North Macedonia,MKD,Europe,Upper middle income,1995,1998531.0,13754792054.0,6882.451187397143,,,,,7.925,7.805,,,
North Macedonia,MKD,Europe,Upper middle income,1996,2012553.0,13985282522.0,6949.025701186503,,,,,9.416,7.127,,,
North Macedonia,MKD,Europe,Upper middle income,1997,2025764.0,14249362170.0,7034.06821821298,,,,,8.446,8.375,,,
North Macedonia,MKD,Europe,Upper middle income,1998,2037575.0,14789521174.0,7258.39351876618,,,,,9.647,8.919,,,
North Macedonia,MKD,Europe,Upper middle income,1999,2048088.0,15508166039.0,7572.0213384385825,,,,,8.783,11.962,,,
North Macedonia,MKD,Europe,Upper middle income,2000,2057254.0,16307994486.0,7927.069037658937,,,,,8.468,10.608,,,
North Macedonia,MKD,Europe,Upper middle income,2001,2066300.0,15872667390.0,7681.685810385714,,,,,8.292,5.981,,,
North Macedonia,MKD,Europe,Upper middle income,2002,2074482.0,16017432272.0,7721.171970641346,,,,,7.837,7.348,,,
North Macedonia,MKD,Europe,Upper middle income,2003,2081417.0,16466000239.0,7910.956929341886,,,,,8.533,11.797,,,
North Macedonia,MKD,Europe,Upper middle income,2004,2086581.0,17324217189.0,8302.681366790937,,,,,8.229,12.822,,,
North Macedonia,MKD,Europe,Upper middle income,2005,2089809.0,18219129334.0,8718.083487055515,,,,,8.596,12.409,,4.49359846115112,
North Macedonia,MKD,Europe,Upper middle income,2006,2089232.0,19227779553.0,9203.27639678121,,,,,8.651,13.409,,,
North Macedonia,MKD,Europe,Upper middle income,2007,2081972.0,20547244002.0,9869.126002655175,,,,,9.013,8.212,,4.4280219078064,
North Macedonia,MKD,Europe,Upper middle income,2008,2070837.0,21752220835.0,10504.071945305208,,,,,8.936,7.049,,4.1802020072937,
North Macedonia,MKD,Europe,Upper middle income,2009,2060601.0,21758909955.0,10559.496940455721,,,,,8.248,10.849,,4.89818000793457,
North Macedonia,MKD,Europe,Upper middle income,2010,2051510.0,22583127369.0,11008.051322684267,,,,,8.182,18.923,,4.63964748382568,
North Macedonia,MKD,Europe,Upper middle income,2011,2040445.0,23201482935.0,11370.795554401124,,,,,8.823,11.084,,5.18619060516357,
North Macedonia,MKD,Europe,Upper middle income,2012,2027288.0,23095684802.0,11392.404434890355,,,,,8.457,8.636,,5.20382595062256,
North Macedonia,MKD,Europe,Upper middle income,2013,2013280.0,23771197646.0,11807.199021497257,,,,,7.452,13.683,,4.97558975219727,
North Macedonia,MKD,Europe,Upper middle income,2014,1997842.0,24633991465.0,12330.300126336317,,,,,7.167,11.857,,5.34574604034424,
North Macedonia,MKD,Europe,Upper middle income,2015,1980366.0,25583815729.0,12918.731047190267,,,,,6.72,17.673,,5.23386669158936,
North Macedonia,MKD,Europe,Upper middle income,2016,1961268.0,26312536822.0,13416.084299544988,,,,,6.606,17.241,,5.23983478546143,
North Macedonia,MKD,Europe,Upper middle income,2017,1940877.0,26597107306.0,13703.654227444604,,,,,7.09,11.201,,5.01548528671265,
North Macedonia,MKD,Europe,Upper middle income,2018,1919730.0,27363281668.0,14253.713630562632,,,,,6.654,16.351,,5.0536642074585,
North Macedonia,MKD,Europe,Upper middle income,2019,1897643.0,28433274864.0,14983.468894834275,,,,,7.625,10.903,,5.10120010375977,
North Macedonia,MKD,Europe,Upper middle income,2020,1872021.0,27100243788.0,14476.463558902384,,,,,6.98,13.396,,5.19899988174438,
North Macedonia,MKD,Europe,Upper middle income,2021,1851109.0,28165634846.0,15215.54638111532,,,,,6.518,14.348,,,
North Macedonia,MKD,Europe,Upper middle income,2022,1840236.0,28770256385.0,15634.003673985293,,,,,7.352,13.053,,,
North Macedonia,MKD,Europe,Upper middle income,2023,1831800.0,,,,,,,7.338,16.833,,,
Northern Mariana Islands,MNP,Oceania,Not classified,1990,,,,,573.3083455,,,,,,,
Northern Mariana Islands,MNP,Oceania,Not classified,1991,,,,,513.3052335,,,,,,,
Northern Mariana Islands,MNP,Oceania,Not classified,1992,,,,,471.0411283,,,,,,,
Northern Mariana Islands,MNP,Oceania,Not classified,1993,,,,,448.9002326,,,,,,,
Northern Mariana Islands,MNP,Oceania,Not classified,1994,,,,,441.3742574,,,,,,,
Northern Mariana Islands,MNP,Oceania,Not classified,1995,,,,,438.2789544,,,,,,,
Northern Mariana Islands,MNP,Oceania,Not classified,1996,,,,,438.6925226,,,,,,,
Northern Mariana Islands,MNP,Oceania,Not classified,1997,,,,,430.0550455,,,,,,,
Northern Mariana Islands,MNP,Oceania,Not classified,1998,,,,,418.4593681,,,,,,,
Northern Mariana Islands,MNP,Oceania,Not classified,1999,,,,,407.4077013,,,,,,,
Northern Mariana Islands,MNP,Oceania,Not classified,2000,,,,,409.2047209,,,,,,,
Northern Mariana Islands,MNP,Oceania,Not classified,2001,,,,,429.2222237,,,,,,,
Northern Mariana Islands,MNP,Oceania,Not classified,2002,,,,,467.5895023,,,,,,,
Northern Mariana Islands,MNP,Oceania,Not classified,2003,,,,,535.9543385,,,,,,,
Northern Mariana Islands,MNP,Oceania,Not classified,2004,,,,,620.0676025,,,,,,,
Northern Mariana Islands,MNP,Oceania,Not classified,2005,,,,,645.7600978,,,,,,,
Northern Mariana Islands,MNP,Oceania,Not classified,2006,,,,,604.0530471,,,,,,,
Northern Mariana Islands,MNP,Oceania,Not classified,2007,,,,,528.8494143,,,,,,,
Northern Mariana Islands,MNP,Oceania,Not classified,2008,,,,,460.5226064,,,,,,,
Northern Mariana Islands,MNP,Oceania,Not classified,2009,,,,,419.5551786,,,,,,,
Northern Mariana Islands,MNP,Oceania,Not classified,2010,,,,,396.9281664,,,,,,,
Northern Mariana Islands,MNP,Oceania,Not classified,2011,,,,,407.5435926,,,,,,,
Northern Mariana Islands,MNP,Oceania,Not classified,2012,,,,,435.3321854,,,,,,,
Northern Mariana Islands,MNP,Oceania,Not classified,2013,,,,,456.194268,,,,,,,
Northern Mariana Islands,MNP,Oceania,Not classified,2014,,,,,459.0108605,,,,,,,
Northern Mariana Islands,MNP,Oceania,Not classified,2015,,,,,447.3715196,,,,,,,
Northern Mariana Islands,MNP,Oceania,Not classified,2016,,,,,438.3107896,,,,,,,
Northern Mariana Islands,MNP,Oceania,Not classified,2017,,,,,434.5029341,,,,,,,
Northern Mariana Islands,MNP,Oceania,Not classified,2018,,,,,,,,,,,,
Northern Mariana Islands,MNP,Oceania,Not classified,2019,,,,,,,,,,,,
Northern Mariana Islands,MNP,Oceania,Not classified,2020,,,,,,,,,,,,
Northern Mariana Islands,MNP,Oceania,Not classified,2021,,,,,,,,,,,,
Northern Mariana Islands,MNP,Oceania,Not classified,2022,,,,,,,,,,,,
Northern Mariana Islands,MNP,Oceania,Not classified,2023,,,,,,,,,,,,
Norway,NOR,Europe,High income,1990,4241440.0,124859200464.0,29437.926851258064,76.53731707,716.7149305,,,35.009,71.558,,,
Norway,NOR,Europe,High income,1991,4261618.0,132697585836.0,31137.841504330045,76.98073171,637.23819,,,33.466,70.179,,,
Norway,NOR,Europe,High income,1992,4286255.0,141648316012.0,33047.10429314168,77.18439024,575.4254565,,,34.402,71.026,,,
Norway,NOR,Europe,High income,1993,4311864.0,150177267961.0,34828.85080814237,77.15170732,525.768187,,,35.948,70.755,,,
Norway,NOR,Europe,High income,1994,4336467.0,162645039026.0,37506.347684878034,77.6897561,498.2660884,,,37.863,68.297,,,
Norway,NOR,Europe,High income,1995,4358991.0,174592147085.0,40053.33965704449,77.73658537,422.5074016,,,38.469,69.429,,,
Norway,NOR,Europe,High income,1996,4381137.0,189011166346.0,43142.03512604148,78.1504878,408.2800137,,,41.54,64.532,,,
Norway,NOR,Europe,High income,1997,4404988.0,205129717023.0,46567.5995083301,78.14268293,404.8420741,,,41.644,65.003,,,
Norway,NOR,Europe,High income,1998,4431308.0,216978667712.0,48964.925866583864,78.32926829,388.9276679,,,41.838,65.899,,,
Norway,NOR,Europe,High income,1999,4461789.0,228192617125.0,51143.749093693135,78.28292683,398.5710315,,,42.609,67.145,,,
Norway,NOR,Europe,High income,2000,4490864.0,242751277829.0,54054.470994668285,78.63414634,375.202035,,,42.131,70.793,,,
Norway,NOR,Europe,High income,2001,4513650.0,255455331302.0,56596.17633223666,78.78536585,362.2136146,,,43.519,66.998,,,
Norway,NOR,Europe,High income,2002,4538016.0,267081351259.0,58854.21101622383,78.98780488,353.7277925,,,42.571,68.324,,,
Norway,NOR,Europe,High income,2003,4564666.0,277856282106.0,60871.10910327284,79.3902439,346.9041311,,,43.919,62.65,,,
Norway,NOR,Europe,High income,2004,4591739.0,297743119876.0,64843.215147028175,79.84146341,328.4609523,,,44.257,63.413,,7.41568231582642,
Norway,NOR,Europe,High income,2005,4623120.0,314940774381.0,68122.99364520064,80.04146341,320.0963298,,,43.279,68.685,,,
Norway,NOR,Europe,High income,2006,4660487.0,332457531096.0,71335.36282710369,80.34390244,318.1834851,,,43.859,65.662,,7.63228750228882,
Norway,NOR,Europe,High income,2007,4709017.0,352692911227.0,74897.35357230606,80.39512195,302.2237457,,,45.605,67.798,,,
Norway,NOR,Europe,High income,2008,4768097.0,364943654963.0,76538.63899224365,80.59268293,291.0216154,,,44.692,69.317,,,
Norway,NOR,Europe,High income,2009,4828625.0,370113292846.0,76649.83154541925,80.79512195,296.2710558,,,43.098,67.628,,,
Norway,NOR,Europe,High income,2010,4889160.0,383760934305.0,78492.2019948212,80.99756098,264.2777968,,,45.659,64.629,,7.67827701568604,
Norway,NOR,Europe,High income,2011,4952969.0,399420041611.0,80642.54825963982,81.29512195,241.9860454,,100.0,44.775,65.624,,,
Norway,NOR,Europe,High income,2012,5018453.0,410276121127.0,81753.50474080359,81.45121951,241.823945,,,44.258,69.202,,7.44447088241577,
Norway,NOR,Europe,High income,2013,5080126.0,414445317738.0,81581.70048105106,81.45121951,237.9341056,,,44.539,66.873,,7.60343360900879,
Norway,NOR,Europe,High income,2014,5137397.0,422933730082.0,82324.5176656583,,234.2824309,,,44.975,67.914,,7.59633159637451,
Norway,NOR,Europe,High income,2015,5189777.0,430788988142.0,83007.22519329829,,230.4465827,,,45.523,67.676,,7.57874488830566,
Norway,NOR,Europe,High income,2016,5235974.0,435806553454.0,83233.13932689505,,214.1855076,,,44.708,69.046,,7.44426202774048,
Norway,NOR,Europe,High income,2017,5276807.0,446543702505.0,84623.84591761646,,213.1982104,,,44.197,68.894,,7.44213962554932,
Norway,NOR,Europe,High income,2018,5311751.0,450245217440.0,84763.99165548234,,,,,44.472,68.132,,7.29003238677979,
Norway,NOR,Europe,High income,2019,5347733.0,455304831150.0,85139.78374574796,,,,,42.866,66.741,,7.39249992370605,
Norway,NOR,Europe,High income,2020,5379275.0,449485260525.0,83558.70642884032,,,,,41.275,70.963,,7.36509990692139,
Norway,NOR,Europe,High income,2021,5408082.0,467007972731.0,86353.71518608631,,,,,41.058,71.305,,,
Norway,NOR,Europe,High income,2022,5456796.0,482328451592.0,88390.41290750103,,,,,40.833,69.648,,,
Norway,NOR,Europe,High income,2023,5519167.0,,,,,,,38.869,70.758,,,
Oman,OMN,Asia,High income,1990,1763957.0,18309502487.0,10379.789579337817,67.26773171,3088.925036,,,11.285,0.0,,,
Oman,OMN,Asia,High income,1991,1851476.0,20523449762.0,11084.91266535456,67.84634146,2900.720298,,,11.658,0.0,,,
Oman,OMN,Asia,High income,1992,1938240.0,23477627483.0,12112.858821920918,68.4054878,2636.816201,,,11.956,0.0,,,
Oman,OMN,Asia,High income,1993,2021677.0,26328163578.0,13022.932732577954,68.94665854,2360.079748,,,13.291,0.0,,,
Oman,OMN,Asia,High income,1994,2081839.0,28891343065.0,13877.798938822838,69.47385366,2142.228477,,,17.466,0.0,,,
Oman,OMN,Asia,High income,1995,2120531.0,32313285852.0,15238.299205246232,69.98853659,1896.753992,,,18.816,0.0,,,
Oman,OMN,Asia,High income,1996,2156925.0,35842067925.0,16617.206404951492,70.4907561,1659.237879,,,18.197,0.0,,,
Oman,OMN,Asia,High income,1997,2190726.0,41346951900.0,18873.62997472071,70.97897561,1437.76792,,,18.145,0.0,,,
Oman,OMN,Asia,High income,1998,2222492.0,46306004470.0,20835.172621543745,71.45168293,1241.52314,,,18.543,0.0,,,
Oman,OMN,Asia,High income,1999,2252910.0,50522589652.0,22425.480668113683,71.91039024,1043.43257,,,22.076,0.0,,,
Oman,OMN,Asia,High income,2000,2282139.0,58124187550.0,25469.170611430767,72.35658537,936.6429603,,,23.984,0.0,,,
Oman,OMN,Asia,High income,2001,2310223.0,64949142360.0,28113.79782817503,72.79021951,816.4269301,,,22.512,0.0,,,
Oman,OMN,Asia,High income,2002,2337144.0,68131998222.0,29151.818724905268,73.21331707,719.4876105,,,26.979,0.0,,,
Oman,OMN,Asia,High income,2003,2363801.0,69978417960.0,29604.19170649306,73.62441463,639.5226238,,81.363312,34.563,0.0,,,
Oman,OMN,Asia,High income,2004,2404822.0,74745449481.0,31081.48939131462,74.023,570.1399614,,,29.247,0.0,,,
Oman,OMN,Asia,High income,2005,2459808.0,80936605625.0,32903.6272851377,74.40760976,538.0789262,,,31.835,0.0,,,
Oman,OMN,Asia,High income,2006,2514794.0,90553430362.0,36008.2894909086,74.77380488,558.2646631,,,40.45,0.0,,,
Oman,OMN,Asia,High income,2007,2570175.0,100681198254.0,39172.896107852575,75.12060976,611.0632652,,,45.308,0.0,,,
Oman,OMN,Asia,High income,2008,2626536.0,115217924982.0,43866.874462029074,75.44704878,683.4344052,,86.62114,47.436,0.0,,,
Oman,OMN,Asia,High income,2009,2684665.0,127016653137.0,47311.9190427856,75.75460976,752.0817386,,,44.504,0.0,,6.85298204421997,
Oman,OMN,Asia,High income,2010,2757450.0,135198273857.0,49030.18145641807,76.04580488,803.0214084,,87.201721,51.429,0.0,,,
Oman,OMN,Asia,High income,2011,3076762.0,132756531310.0,43148.131480433,76.32314634,843.0481877,,,57.305,0.0,,,
Oman,OMN,Asia,High income,2012,3547104.0,144522749866.0,40743.87158256426,76.59104878,882.7557399,,,63.105,0.0,,,
Oman,OMN,Asia,High income,2013,3833915.0,152076951430.0,39666.229279991865,76.85202439,912.9826336,,,65.587,0.001,,,
Oman,OMN,Asia,High income,2014,4002444.0,154041791696.0,38486.93240829853,,920.6429848,,91.981201,66.19,0.001,,,
Oman,OMN,Asia,High income,2015,4184898.0,161770059399.0,38655.6755741717,,940.8047106,,93.971649,67.883,0.003,,,
Oman,OMN,Asia,High income,2016,4390880.0,169932976616.0,38701.34838938891,,979.0738279,,,66.24,0.003,,,
Oman,OMN,Asia,High income,2017,4537397.0,170449577065.0,37565.49780964725,,929.9181875,,,66.344,0.011,,,
Oman,OMN,Asia,High income,2018,4597878.0,172643265345.0,37548.46591079624,,,,,70.678,0.01,,,
Oman,OMN,Asia,High income,2019,4591248.0,170692383655.0,37177.77468239572,,,,,72.035,0.017,,,
Oman,OMN,Asia,High income,2020,4522502.0,165230251016.0,36535.141613204374,,,,,71.845,0.109,,,
Oman,OMN,Asia,High income,2021,4500429.0,170025212745.0,37779.77893774127,,,,,75.041,0.496,,,
Oman,OMN,Asia,High income,2022,4730229.0,177355008173.0,37493.95815149753,,,,,77.994,1.136,,,
Oman,OMN,Asia,High income,2023,5049267.0,,,,,,,79.811,1.142,,,
Pakistan,PAK,Asia,Lower middle income,1990,116155584.0,290069526062.0,2497.249947639194,61.18731707,9811.321585,,,67.827,15.694,,,
Pakistan,PAK,Asia,Lower middle income,1991,120060409.0,311483364597.0,2594.388668099573,61.47946341,9467.511287,,,67.477,15.851,,,
Pakistan,PAK,Asia,Lower middle income,1992,123546855.0,327814343506.0,2653.3604882617205,61.76063415,9132.784067,,,72.015,16.468,,,
Pakistan,PAK,Asia,Lower middle income,1993,127020117.0,338978430026.0,2668.698770179845,62.03182927,8800.433381,,,77.176,16.362,,,
Pakistan,PAK,Asia,Lower middle income,1994,130748076.0,356454516834.0,2726.2696916014274,62.29553659,8484.718391,,,84.018,15.512,,,
Pakistan,PAK,Asia,Lower middle income,1995,134582255.0,376967615526.0,2801.02020527149,62.55378049,8249.614159,,,83.614,15.541,,,
Pakistan,PAK,Asia,Lower middle income,1996,138557089.0,391435181933.0,2825.0823163079012,62.81253659,7993.975187,,,93.542,15.909,,,
Pakistan,PAK,Asia,Lower middle income,1997,142531801.0,402359547116.0,2822.9457867862066,63.07434146,7817.970988,,,93.788,12.213,,,
Pakistan,PAK,Asia,Lower middle income,1998,146522354.0,419024845538.0,2859.8014848846888,63.34068293,7627.910878,,42.69931,96.741,14.898,,,
Pakistan,PAK,Asia,Lower middle income,1999,150565381.0,440333180316.0,2924.531372294671,63.61256098,7574.478801,,,99.389,12.713,,,
Pakistan,PAK,Asia,Lower middle income,2000,154879124.0,459798536606.0,2968.757342700363,63.88597561,7585.433593,,,103.94,10.753,,,
Pakistan,PAK,Asia,Lower middle income,2001,159270910.0,477964444881.0,3000.9525586373557,64.16092683,7603.621177,,,105.401,10.829,,,
Pakistan,PAK,Asia,Lower middle income,2002,163222552.0,504824722487.0,3092.8613497416704,64.43039024,7611.273202,,,110.566,11.551,,,
Pakistan,PAK,Asia,Lower middle income,2003,167110250.0,543920300431.0,3254.8589953698233,64.69136585,7590.966246,,,113.142,12.784,,5.22465753555298,
Pakistan,PAK,Asia,Lower middle income,2004,171285999.0,592025705114.0,3456.3578375953543,64.94082927,7531.437437,,,124.637,12.115,,,
Pakistan,PAK,Asia,Lower middle income,2005,175453212.0,641139042718.0,3654.188118927113,65.1747561,7534.354135,,49.873638,129.947,12.98,,5.67146062850952,
Pakistan,PAK,Asia,Lower middle income,2006,179682690.0,685965623310.0,3817.6500101929687,65.39312195,7387.323307,,54.151211,137.912,11.995,,4.41391897201538,
Pakistan,PAK,Asia,Lower middle income,2007,184493231.0,719253757580.0,3898.5373809188695,65.59590244,7154.332434,,,148.349,11.84,,5.20814657211304,
Pakistan,PAK,Asia,Lower middle income,2008,189499112.0,746912719652.0,3941.5103942650667,65.78463415,7031.693939,,55.526371,147.901,10.105,,5.7861328125,
Pakistan,PAK,Asia,Lower middle income,2009,194376535.0,774880575078.0,3986.49237716888,65.96126829,6831.97456,,54.892639,148.355,10.194,,5.26718616485596,
Pakistan,PAK,Asia,Lower middle income,2010,199239048.0,805491514683.0,4042.8396078413302,66.12634146,6656.390213,,55.375191,147.504,10.436,,5.13156509399414,
Pakistan,PAK,Asia,Lower middle income,2011,203746069.0,845096928750.0,4147.7950121825415,66.28387805,6401.704106,,54.738022,149.488,10.606,,5.13808250427246,
Pakistan,PAK,Asia,Lower middle income,2012,207667129.0,878485024934.0,4230.255549658993,66.43587805,6171.604393,,56.764339,150.555,3.989,,5.43565797805786,
Pakistan,PAK,Asia,Lower middle income,2013,211073979.0,918328534363.0,4350.742515556595,66.58536585,5999.915341,,55.59499,148.183,10.559,,4.82319498062134,
Pakistan,PAK,Asia,Lower middle income,2014,214264649.0,961516822345.0,4487.5196483998625,,6028.001805,,,150.81,10.733,,5.54850816726685,
Pakistan,PAK,Asia,Lower middle income,2015,217290884.0,1010825281718.0,4651.945185689428,,5617.563057,,56.440311,144.896,10.407,,5.83087062835693,
Pakistan,PAK,Asia,Lower middle income,2016,220138863.0,1061146810870.0,4820.352010585246,,5338.420882,,,176.741,10.286,,5.47155380249023,
Pakistan,PAK,Asia,Lower middle income,2017,223273974.0,1117267177186.0,5004.018861535559,,5066.508545,,,211.981,8.975,,4.44271755218506,
Pakistan,PAK,Asia,Lower middle income,2018,226928893.0,1165406508457.0,5135.558073061238,,,,,203.5,8.879,,,
Pakistan,PAK,Asia,Lower middle income,2019,230800908.0,1172330212219.0,5079.40034715548,,,,,190.826,10.438,,4.93400001525879,
Pakistan,PAK,Asia,Lower middle income,2020,235001745.0,1202026422230.0,5114.968070683901,,,,,215.51,11.468,,4.51579999923706,
Pakistan,PAK,Asia,Lower middle income,2021,239477805.0,1278204948031.0,5337.467278151309,,,,,243.552,9.927,,,
Pakistan,PAK,Asia,Lower middle income,2022,243700667.0,1318834969356.0,5411.70028622039,,,,,211.97,10.571,,,
Pakistan,PAK,Asia,Lower middle income,2023,247504505.0,,,,,,,186.861,12.266,,,
Palau,PLW,Oceania,Upper middle income,1990,15282.0,,,69.06926829,,,,0.234,,,,
Palau,PLW,Oceania,Upper middle income,1991,15635.0,,,,,,,0.234,,,,
Palau,PLW,Oceania,Upper middle income,1992,16017.0,,,,,,,0.194,,,,
Palau,PLW,Oceania,Upper middle income,1993,16397.0,,,,,,,0.194,,,,
Palau,PLW,Oceania,Upper middle income,1994,16796.0,,,,,,94.433296,0.198,,,,
Palau,PLW,Oceania,Upper middle income,1995,17217.0,,,71.84463415,,,,0.194,,,,
Palau,PLW,Oceania,Upper middle income,1996,17683.0,,,,,,,0.198,,,,
Palau,PLW,Oceania,Upper middle income,1997,18126.0,,,,,,,0.198,,,,
Palau,PLW,Oceania,Upper middle income,1998,18548.0,,,,,,,0.202,,,,
Palau,PLW,Oceania,Upper middle income,1999,18926.0,,,,,,,0.202,,,,
Palau,PLW,Oceania,Upper middle income,2000,19206.0,,,70.49365854,,,,0.209,,,,
Palau,PLW,Oceania,Upper middle income,2001,19379.0,,,,,,,0.213,,,,
Palau,PLW,Oceania,Upper middle income,2002,19527.0,,,,,,,0.213,,,,
Palau,PLW,Oceania,Upper middle income,2003,19683.0,,,,,,,0.213,,,,
Palau,PLW,Oceania,Upper middle income,2004,19841.0,,,,,,96.989799,0.213,,,,
Palau,PLW,Oceania,Upper middle income,2005,19837.0,,,69.12926829,,,,0.224,,,,
Palau,PLW,Oceania,Upper middle income,2006,19616.0,,,,,,,0.227,,,,
Palau,PLW,Oceania,Upper middle income,2007,19324.0,,,,,,,0.253,,,,
Palau,PLW,Oceania,Upper middle income,2008,19031.0,,,,,,,0.205,,,,
Palau,PLW,Oceania,Upper middle income,2009,18736.0,,,,,,,0.194,,,,
Palau,PLW,Oceania,Upper middle income,2010,18420.0,,,,,,,0.209,,,,
Palau,PLW,Oceania,Upper middle income,2011,18099.0,,,,,,,0.213,,,,
Palau,PLW,Oceania,Upper middle income,2012,17791.0,,,,,,,0.224,,,,
Palau,PLW,Oceania,Upper middle income,2013,17670.0,,,,,,99.523972,0.227,,,,
Palau,PLW,Oceania,Upper middle income,2014,17740.0,,,,,,,0.22,,,,
Palau,PLW,Oceania,Upper middle income,2015,17791.0,,,,,,99.523972,0.202,,,,
Palau,PLW,Oceania,Upper middle income,2016,17824.0,,,,,,,0.209,,,,
Palau,PLW,Oceania,Upper middle income,2017,17838.0,,,,,,,0.216,,,,
Palau,PLW,Oceania,Upper middle income,2018,17843.0,,,,,,,0.213,,,,
Palau,PLW,Oceania,Upper middle income,2019,17821.0,,,,,,,0.216,,,,
Palau,PLW,Oceania,Upper middle income,2020,17817.0,,,,,,,0.209,,,,
Palau,PLW,Oceania,Upper middle income,2021,17809.0,,,,,,,0.213,,,,
Palau,PLW,Oceania,Upper middle income,2022,17784.0,,,,,,,0.217,,,,
Palau,PLW,Oceania,Upper middle income,2023,17751.0,,,,,,,0.216,,,,
Palestine,PSE,Asia,Not classified,1990,2139065.0,10144810000.0,4742.637554258519,68.04773171,2910.015535,,,0.861,,,,
Palestine,PSE,Asia,Not classified,1991,2228955.0,9454877455.0,4241.843130525291,68.39197561,2820.916044,,,0.883,,,,
Palestine,PSE,Asia,Not classified,1992,2324698.0,11394776250.0,4901.6157152455935,68.72268293,2724.820558,,,0.912,,,,
Palestine,PSE,Asia,Not classified,1993,2425066.0,12261093169.0,5055.983288289885,69.04436585,2630.511844,,,0.934,,,,
Palestine,PSE,Asia,Not classified,1994,2529164.0,13843761534.0,5473.651188297793,69.3604878,2514.330474,,,0.964,,,,
Palestine,PSE,Asia,Not classified,1995,2636554.0,14426654108.0,5471.784043869384,69.66756098,2428.980229,,,0.945,,,,
Palestine,PSE,Asia,Not classified,1996,2746830.0,14210402096.0,5173.382443034334,69.96060976,2370.867352,,,1.037,,,,
Palestine,PSE,Asia,Not classified,1997,2859581.0,15853595460.0,5544.027415205234,70.23360976,2330.954608,,86.062889,0.865,,,,
Palestine,PSE,Asia,Not classified,1998,2962895.0,17641238398.0,5954.054530450792,70.48209756,2287.93187,,,1.458,,,,
Palestine,PSE,Asia,Not classified,1999,3056256.0,18589120867.0,6082.317995285735,70.70604878,2239.611876,,,1.367,,,,
Palestine,PSE,Asia,Not classified,2000,3151800.0,16535485180.0,5246.3624532013455,70.90746341,2274.898194,,,1.66,,,,
Palestine,PSE,Asia,Not classified,2001,3242286.0,14595986667.0,4501.757916173959,71.09034146,2289.328513,,,1.345,,,,
Palestine,PSE,Asia,Not classified,2002,3322369.0,12429343876.0,3741.108791949359,71.26068293,2311.907465,,,1.154,,,,
Palestine,PSE,Asia,Not classified,2003,3398071.0,13784762233.0,4056.643381789256,71.42397561,2255.596702,,,1.275,,,,
Palestine,PSE,Asia,Not classified,2004,3475178.0,14801525695.0,4259.213684881753,71.58519512,2225.128426,,92.279968,2.191,,,4.71638774871826,
Palestine,PSE,Asia,Not classified,2005,3557406.0,15962719146.0,4487.179463350542,71.74887805,2130.232236,,,2.737,,,4.15105390548706,
Palestine,PSE,Asia,Not classified,2006,3645096.0,14923434404.0,4094.112858481642,71.9175122,2132.352405,,93.449966,2.268,,,4.38560342788696,
Palestine,PSE,Asia,Not classified,2007,3736694.0,15482101098.0,4143.2616901464235,72.09156098,2005.561057,,93.882141,2.327,,,4.47019147872925,
Palestine,PSE,Asia,Not classified,2008,3829039.0,15978427884.0,4172.960339134702,72.27007317,2004.905744,,94.058647,2.052,,,4.70260381698608,
Palestine,PSE,Asia,Not classified,2009,3921245.0,16895251586.0,4308.644725335958,72.45304878,1915.833838,,94.599167,2.088,,,4.75121974945068,
Palestine,PSE,Asia,Not classified,2010,4016918.0,17771111593.0,4424.066309792732,72.6404878,1719.982884,,94.932007,2.034,,,4.64660835266113,
Palestine,PSE,Asia,Not classified,2011,4115912.0,19437411000.0,4722.504028268826,72.82943902,1642.413202,,95.267242,2.246,,,4.84402799606323,
Palestine,PSE,Asia,Not classified,2012,4215318.0,20660752000.0,4901.350740323743,73.01787805,1557.685089,,95.913757,2.195,,,4.72193813323975,
Palestine,PSE,Asia,Not classified,2013,4315263.0,21115612000.0,4893.238720328286,73.20334146,1447.056701,,96.284859,2.437,,,4.69523906707764,
Palestine,PSE,Asia,Not classified,2014,4415887.0,21084591000.0,4774.712532272678,,1382.472487,,96.428421,2.836,,,4.90661811828613,
Palestine,PSE,Asia,Not classified,2015,4521564.0,21808077000.0,4823.1269091845215,,1295.798957,,96.668037,3.001,,,4.62813282012939,
Palestine,PSE,Asia,Not classified,2016,4632743.0,23665914839.0,5108.402266000941,,1225.985114,,,3.235,,,4.55392169952393,
Palestine,PSE,Asia,Not classified,2017,4742747.0,23886477912.0,5036.422544150047,,1180.034986,,,3.265,,,4.48253726959229,
Palestine,PSE,Asia,Not classified,2018,4850593.0,24082206405.0,4964.796346549793,,,,,2.957,,,,
Palestine,PSE,Asia,Not classified,2019,4957773.0,24410373377.0,4923.656927616492,,,,,3.265,,,4.51669979095459,
Palestine,PSE,Asia,Not classified,2020,5069692.0,21647493143.0,4269.981912707912,,,,,3.327,,,4.48250007629395,
Palestine,PSE,Asia,Not classified,2021,5185341.0,23165411997.0,4467.480923048262,,,,,3.635,,,,
Palestine,PSE,Asia,Not classified,2022,5305274.0,24076501614.0,4538.220196355551,,,,,4.702,,,,
Palestine,PSE,Asia,Not classified,2023,5409201.0,,,,,,,4.755,,,,
Panama,PAN,Americas,High income,1990,2455588.0,17035767000.0,6937.551006113404,73.05958537,2134.987075,,88.779861,2.618,,,,
Panama,PAN,Americas,High income,1991,2508273.0,18696766794.0,7454.0398090638455,73.28460976,2108.235501,,,3.089,,,,
Panama,PAN,Americas,High income,1992,2561342.0,20281943424.0,7918.483132670295,73.50407317,2075.467302,,,4.098,,,,
Panama,PAN,Americas,High income,1993,2615099.0,21447805218.0,8201.527061881787,73.71682927,2046.221056,,,3.749,,,,
Panama,PAN,Americas,High income,1994,2669545.0,22126487628.0,8288.486475410604,73.92529268,2007.36276,,,4.136,,,,
Panama,PAN,Americas,High income,1995,2724555.0,22570156089.0,8283.978884258164,74.13026829,1974.688765,,,3.608,,,,
Panama,PAN,Americas,High income,1996,2780228.0,23274084902.0,8371.286420394299,74.33163415,1950.16338,,,4.397,,,,
Panama,PAN,Americas,High income,1997,2836702.0,24846156289.0,8758.817912138815,74.5317561,1933.936819,,,4.572,,,,
Panama,PAN,Americas,High income,1998,2893918.0,26740256885.0,9240.157075977964,74.729,1881.841785,,,5.835,,,,
Panama,PAN,Americas,High income,1999,2951820.0,27866809468.0,9440.551750445487,74.92482927,1835.200567,,,5.552,,,,
Panama,PAN,Americas,High income,2000,3010376.0,28706485449.0,9535.847166267602,75.11663415,1806.28269,,91.89962,5.636,,,,
Panama,PAN,Americas,High income,2001,3069545.0,28943056968.0,9429.103325737202,75.30390244,1749.243007,,,6.909,,,,
Panama,PAN,Americas,High income,2002,3129343.0,29668000666.0,9480.58447603858,75.48621951,1683.17473,,,5.71,,,,
Panama,PAN,Americas,High income,2003,3189813.0,31009621095.0,9721.45423415103,75.66321951,1663.013129,,,5.929,,,,
Panama,PAN,Americas,High income,2004,3251158.0,33428600750.0,10282.059730717487,75.83656098,1651.947697,,,5.505,,,6.12798833847046,
Panama,PAN,Americas,High income,2005,3313024.0,35933065263.0,10846.002100497913,76.00890244,1648.390564,,,6.742,,,6.89413976669312,
Panama,PAN,Americas,High income,2006,3375024.0,39099565107.0,11584.973945963051,76.18346341,1629.076469,,,7.282,,,6.93090343475342,
Panama,PAN,Americas,High income,2007,3437490.0,43958183203.0,12787.872314683098,76.36385366,1606.381879,,,7.134,,,7.03374004364014,
Panama,PAN,Americas,High income,2008,3500646.0,47885663330.0,13679.093324489251,76.55117073,1554.995966,,,6.809,,,7.32146739959717,
Panama,PAN,Americas,High income,2009,3564383.0,48772972500.0,13683.426416297014,76.74646341,1540.408498,,,8.051,,,7.24808073043823,
Panama,PAN,Americas,High income,2010,3628537.0,51741885375.0,14259.710008468977,76.94870732,1546.693839,,94.094116,9.06,,,6.85983562469482,
Panama,PAN,Americas,High income,2011,3693509.0,57996520000.0,15702.282030448552,77.15680488,1533.147218,,,9.899,,,6.86648035049438,
Panama,PAN,Americas,High income,2012,3759261.0,63359010000.0,16854.113082331874,77.36809756,1539.203333,,,9.54,,,6.63117122650146,
Panama,PAN,Americas,High income,2013,3825333.0,67546261000.0,17657.61595134332,77.57895122,1518.151736,,,10.274,,,6.60555028915405,
Panama,PAN,Americas,High income,2014,3892100.0,71636840000.0,18405.70386166851,,1458.027139,,,10.689,,,6.1176381111145,
Panama,PAN,Americas,High income,2015,3960034.0,75784011000.0,19137.21220575379,,1403.819228,,95.038231,10.652,,,6.5676589012146,
Panama,PAN,Americas,High income,2016,4029085.0,79454188125.0,19720.15684082118,,1410.574792,,,10.334,,,6.28143405914307,
Panama,PAN,Americas,High income,2017,4098704.0,83812229677.0,20448.470950085684,,1356.533959,,,9.568,,,6.08595514297485,
Panama,PAN,Americas,High income,2018,4167860.0,86820962356.0,20831.06494843877,,,,,9.121,,,,
Panama,PAN,Americas,High income,2019,4234698.0,89670319909.0,21175.139268254785,,,,,12.449,,,6.17959976196289,
Panama,PAN,Americas,High income,2020,4293258.0,73827064971.0,17196.04667853644,,,,,6.557,,,6.30910015106201,
Panama,PAN,Americas,High income,2021,4345410.0,85518149482.0,19680.110618330607,,,,,10.145,,,,
Panama,PAN,Americas,High income,2022,4400775.0,94762119668.0,21533.052625503464,,,,,11.707,,,,
Panama,PAN,Americas,High income,2023,4458758.0,,,,,,,13.002,,,,
Papua New Guinea,PNG,Oceania,Lower middle income,1990,3896482.0,,,55.70934146,4940.699452,,,2.154,,,,
Papua New Guinea,PNG,Oceania,Lower middle income,1991,4021840.0,,,56.04707317,4932.743466,,,2.173,,,,
Papua New Guinea,PNG,Oceania,Lower middle income,1992,4166702.0,,,56.39919512,4830.59889,,,2.191,,,,
Papua New Guinea,PNG,Oceania,Lower middle income,1993,4320880.0,,,56.73846341,4722.457734,,,2.195,,,,
Papua New Guinea,PNG,Oceania,Lower middle income,1994,4480210.0,,,57.05592683,4630.830611,,,2.186,,,,
Papua New Guinea,PNG,Oceania,Lower middle income,1995,4644282.0,,,57.35195122,4551.747094,,,2.052,,,,
Papua New Guinea,PNG,Oceania,Lower middle income,1996,4813363.0,,,57.63085366,4442.89612,,,2.197,,,,
Papua New Guinea,PNG,Oceania,Lower middle income,1997,4987887.0,,,57.90629268,4442.610811,,,2.611,,,,
Papua New Guinea,PNG,Oceania,Lower middle income,1998,5166390.0,,,58.1895122,4505.620519,,,3.536,,,,
Papua New Guinea,PNG,Oceania,Lower middle income,1999,5349333.0,,,58.48487805,4503.215916,,,2.548,,,,
Papua New Guinea,PNG,Oceania,Lower middle income,2000,5537068.0,,,58.79929268,4546.000333,,57.343262,2.938,,,,
Papua New Guinea,PNG,Oceania,Lower middle income,2001,5728444.0,,,59.1387561,4596.867177,,,3.336,,,,
Papua New Guinea,PNG,Oceania,Lower middle income,2002,5924010.0,,,59.50139024,4658.76136,,,3.666,,,,
Papua New Guinea,PNG,Oceania,Lower middle income,2003,6124005.0,,,59.87978049,4735.125771,,,4.053,,,,
Papua New Guinea,PNG,Oceania,Lower middle income,2004,6328042.0,,,60.265,4724.844917,,,4.687,,,,
Papua New Guinea,PNG,Oceania,Lower middle income,2005,6535905.0,,,60.64358537,4670.318336,,,4.984,,,,
Papua New Guinea,PNG,Oceania,Lower middle income,2006,6747724.0,,,60.99802439,4610.8729,,,5.051,,,,
Papua New Guinea,PNG,Oceania,Lower middle income,2007,6963353.0,,,61.31690244,4521.422632,,,6.581,,,,
Papua New Guinea,PNG,Oceania,Lower middle income,2008,7183002.0,,,61.59121951,4422.119926,,,5.545,,,,
Papua New Guinea,PNG,Oceania,Lower middle income,2009,7406442.0,,,61.8205122,4331.126529,,,5.265,,,,
Papua New Guinea,PNG,Oceania,Lower middle income,2010,7633524.0,,,62.00780488,4224.243692,,,4.715,,,,
Papua New Guinea,PNG,Oceania,Lower middle income,2011,7859349.0,,,62.16212195,4074.103608,,,5.298,,,,
Papua New Guinea,PNG,Oceania,Lower middle income,2012,8081396.0,,,62.29892683,3963.03237,,,4.372,,,,
Papua New Guinea,PNG,Oceania,Lower middle income,2013,8302700.0,,,62.43073171,3849.524904,,,4.532,,,,
Papua New Guinea,PNG,Oceania,Lower middle income,2014,8523440.0,,,,3729.923715,,63.096088,6.125,,,,
Papua New Guinea,PNG,Oceania,Lower middle income,2015,8743247.0,,,,3613.719659,,63.433491,6.316,,,,
Papua New Guinea,PNG,Oceania,Lower middle income,2016,8961717.0,,,,3498.080686,,,7.024,,,,
Papua New Guinea,PNG,Oceania,Lower middle income,2017,9178717.0,,,,3401.46013,,,6.55,,,,
Papua New Guinea,PNG,Oceania,Lower middle income,2018,9394518.0,,,,,,,7.596,,,,
Papua New Guinea,PNG,Oceania,Lower middle income,2019,9609014.0,,,,,,,7.583,,,,
Papua New Guinea,PNG,Oceania,Lower middle income,2020,9815743.0,,,,,,,7.911,,,,
Papua New Guinea,PNG,Oceania,Lower middle income,2021,10012898.0,,,,,,,7.873,,,,
Papua New Guinea,PNG,Oceania,Lower middle income,2022,10203177.0,,,,,,,8.436,,,,
Papua New Guinea,PNG,Oceania,Lower middle income,2023,10389638.0,,,,,,,8.358,,,,
Paraguay,PRY,Americas,Upper middle income,1990,4035752.0,22196120000.0,5499.872142787763,68.01260976,3038.732047,,,2.13,,,,
Paraguay,PRY,Americas,Upper middle income,1991,4144370.0,22815091205.0,5505.0806769183255,68.19104878,2875.575071,,,2.098,,,,
Paraguay,PRY,Americas,Upper middle income,1992,4253608.0,23297733832.0,5477.169930092288,68.37046341,2832.633433,,90.27182,2.571,,,,
Paraguay,PRY,Americas,Upper middle income,1993,4362706.0,24342699255.0,5579.724889781709,68.55085366,2777.550423,,,2.905,,,,
Paraguay,PRY,Americas,Upper middle income,1994,4471423.0,25180861240.0,5631.5095306348785,68.7307561,2701.242792,,,3.393,,,,
Paraguay,PRY,Americas,Upper middle income,1995,4579803.0,26637512671.0,5816.30097866655,68.91521951,2672.471879,,,3.925,,,,
Paraguay,PRY,Americas,Upper middle income,1996,4687540.0,26835505969.0,5724.859087922449,69.11280488,2591.033497,,,3.706,,,,
Paraguay,PRY,Americas,Upper middle income,1997,4794415.0,27717303684.0,5781.164893735732,69.32704878,2500.140351,,,4.092,,,,
Paraguay,PRY,Americas,Upper middle income,1998,4900028.0,27958225603.0,5705.72772298444,69.56146341,2438.967473,,,4.374,,,,
Paraguay,PRY,Americas,Upper middle income,1999,5003139.0,27635393000.0,5523.610877091362,69.81253659,2410.833293,,,4.362,,,,
Paraguay,PRY,Americas,Upper middle income,2000,5100875.0,26799187738.0,5253.84129938491,70.07670732,2415.421599,,,3.592,,,,
Paraguay,PRY,Americas,Upper middle income,2001,5187690.0,27438613750.0,5289.177601205932,70.34690244,2390.048004,,,3.687,,,,
Paraguay,PRY,Americas,Upper middle income,2002,5261334.0,31664872141.0,6018.411327051276,70.61504878,2350.265762,,,3.853,,,,
Paraguay,PRY,Americas,Upper middle income,2003,5326437.0,33135448282.0,6220.940617902736,70.87156098,2326.238295,,,4.026,,,,
Paraguay,PRY,Americas,Upper middle income,2004,5388181.0,34591080511.0,6419.806704897255,71.11092683,2286.382463,,,4.058,,,4.7300820350647,
Paraguay,PRY,Americas,Upper middle income,2005,5448100.0,35443580706.0,6505.677338154586,71.32656098,2155.337602,,,3.772,,,5.27246141433716,
Paraguay,PRY,Americas,Upper middle income,2006,5505145.0,37261533412.0,6768.492639521756,71.5134878,2067.615352,,,3.901,,,5.57006168365479,
Paraguay,PRY,Americas,Upper middle income,2007,5559385.0,39406021841.0,7088.198036473459,71.67421951,1940.54224,,94.55822,4.041,,,5.57614707946777,
Paraguay,PRY,Americas,Upper middle income,2008,5613577.0,42050621581.0,7490.878201367862,71.81180488,1852.23321,,93.292084,4.27,,,5.84117412567139,
Paraguay,PRY,Americas,Upper middle income,2009,5671243.0,40509009629.0,7142.880252001192,71.92778049,1775.111804,,93.754242,4.525,,,5.6770806312561,
Paraguay,PRY,Americas,Upper middle income,2010,5737973.0,45961696292.0,8010.092813612055,72.02665854,1683.178054,,93.870918,5.011,,,5.82005834579468,
Paraguay,PRY,Americas,Upper middle income,2011,5814632.0,48113309093.0,8274.523494006156,72.11346341,1598.779042,,,5.192,,,5.93624067306519,
Paraguay,PRY,Americas,Upper middle income,2012,5897011.0,47772664940.0,8101.1659873111985,72.19373171,1514.364735,,,5.159,,,5.11864185333252,
Paraguay,PRY,Americas,Upper middle income,2013,5982447.0,51734453611.0,8647.707804348287,72.2734878,1444.628169,,,5.169,,,5.5597243309021,
Paraguay,PRY,Americas,Upper middle income,2014,6069819.0,54476893712.0,8975.044183689826,,1368.488075,,94.616722,5.451,,,5.8013801574707,
Paraguay,PRY,Americas,Upper middle income,2015,6159106.0,56087783311.0,9106.481250850367,,1164.136465,,95.53611,6.045,,,5.71329545974731,
Paraguay,PRY,Americas,Upper middle income,2016,6249129.0,58481604773.0,9358.360944861275,,1098.043288,,,7.187,,,,
Paraguay,PRY,Americas,Upper middle income,2017,6338658.0,61294571103.0,9669.960282286882,,1099.695421,,,7.939,,,5.6526255607605,
Paraguay,PRY,Americas,Upper middle income,2018,6427382.0,63258456042.0,9842.025266585992,,,,,8.504,,,,
Paraguay,PRY,Americas,Upper middle income,2019,6515059.0,63004153609.0,9670.542294244764,,,,,8.268,,,5.65259981155396,
Paraguay,PRY,Americas,Upper middle income,2020,6603741.0,62487519891.0,9462.442559603716,,,,,7.444,,,5.57829999923706,
Paraguay,PRY,Americas,Upper middle income,2021,6684184.0,64997640183.0,9724.094995439982,,,,,8.187,,,,
Paraguay,PRY,Americas,Upper middle income,2022,6760460.0,65127634644.0,9633.609938376974,,,,,7.533,,,,
Paraguay,PRY,Americas,Upper middle income,2023,6844150.0,,,,,,,7.646,,,,
Peru,PER,Americas,Upper middle income,1990,22014772.0,103572000000.0,4704.659217002111,65.53043902,5723.953472,,,21.401,28.065,,,
Peru,PER,Americas,Upper middle income,1991,22483784.0,108468600578.0,4824.303621579001,66.02365854,5757.426813,,,20.758,31.07,,,
Peru,PER,Americas,Upper middle income,1992,22946345.0,110495351335.0,4815.379152322515,66.51736585,5307.103267,,,20.986,26.897,,,
Peru,PER,Americas,Upper middle income,1993,23413783.0,92121419172.0,3934.4953001400927,67.0134878,4876.237226,,87.150627,23.885,29.879,,,
Peru,PER,Americas,Upper middle income,1994,23881497.0,103509723878.0,4334.3063409299675,67.5125122,4419.320484,,,24.177,29.688,,,
Peru,PER,Americas,Upper middle income,1995,24348922.0,111333590886.0,4572.423817612952,68.01543902,4141.859679,,,25.143,27.773,,,
Peru,PER,Americas,Upper middle income,1996,24811174.0,114659592873.0,4621.288491749725,68.5237561,3891.81285,,,24.717,27.724,,,
Peru,PER,Americas,Upper middle income,1997,25274149.0,122417899136.0,4843.601228116523,69.03253659,3612.659431,,,27.747,28.091,,,
Peru,PER,Americas,Upper middle income,1998,25738101.0,122316689368.0,4752.358745037172,69.53680488,3429.899481,,,28.066,28.377,,,
Peru,PER,Americas,Upper middle income,1999,26186499.0,124629013218.0,4759.2850505903825,70.03009756,3104.752693,,,29.562,29.158,,,
Peru,PER,Americas,Upper middle income,2000,26598328.0,128561599053.0,4833.4466381871825,70.50543902,2929.354917,,,28.678,31.45,,,
Peru,PER,Americas,Upper middle income,2001,26964610.0,130005019162.0,4821.3202105278,70.95239024,2744.504087,,,25.26,34.392,,,
Peru,PER,Americas,Upper middle income,2002,27288211.0,137911092694.0,5053.870797686224,71.36692683,2614.763588,,,25.592,34.293,,,
Peru,PER,Americas,Upper middle income,2003,27580485.0,144583674826.0,5242.245552462185,71.74756098,2522.101532,,,24.914,35.519,,,
Peru,PER,Americas,Upper middle income,2004,27852190.0,152840586065.0,5487.560800963945,72.09680488,2400.165273,,87.669853,28.504,31.152,,4.81084537506104,
Peru,PER,Americas,Upper middle income,2005,28101175.0,163489485317.0,5817.887875400228,72.41860976,2291.1398,,87.908669,30.321,30.827,,5.21396207809448,
Peru,PER,Americas,Upper middle income,2006,28324488.0,176775277493.0,6241.075831379547,72.72097561,2181.361895,,88.699341,28.299,33.532,,5.12923097610474,
Peru,PER,Americas,Upper middle income,2007,28530704.0,192942634714.0,6762.631399281279,73.01487805,1992.679304,,89.590813,34.567,30.645,,5.51884698867798,
Peru,PER,Americas,Upper middle income,2008,28719038.0,211009673563.0,7347.37958712266,73.30729268,1903.824912,,,35.572,27.606,,5.61278533935547,
Peru,PER,Americas,Upper middle income,2009,28896819.0,212830474173.0,7365.186949227872,73.60368293,1895.28003,,,39.424,28.469,,5.89245748519897,
Peru,PER,Americas,Upper middle income,2010,29086021.0,230353256282.0,7919.723921054722,73.90509756,1835.149787,,,42.505,25.513,,5.82455730438232,
Peru,PER,Americas,Upper middle income,2011,29304083.0,244711917914.0,8350.778897056769,74.21053659,1747.679884,,,42.327,24.656,,5.78255748748779,
Peru,PER,Americas,Upper middle income,2012,29550367.0,259737230567.0,8789.644831382297,74.51553659,1648.18088,,93.841721,45.509,24.827,,5.86581563949585,
Peru,PER,Americas,Upper middle income,2013,29817908.0,274939626306.0,9220.620920354306,74.81460976,1567.421441,,,42.718,24.991,,5.57726335525513,
Peru,PER,Americas,Upper middle income,2014,30115825.0,281488723310.0,9346.870733576117,,1463.810411,,93.707947,49.388,24.772,,5.70062875747681,
Peru,PER,Americas,Upper middle income,2015,30457598.0,290642734598.0,9542.536302370265,,1308.86198,,94.374352,49.204,24.89,,5.71093654632568,
Peru,PER,Americas,Upper middle income,2016,30866497.0,302131843581.0,9788.342473102795,,1280.249702,,,52.698,23.56,,5.6796612739563,
Peru,PER,Americas,Upper middle income,2017,31324639.0,309742529723.0,9888.143634249065,,1221.789271,,,54.726,27.624,,5.99938154220581,
Peru,PER,Americas,Upper middle income,2018,31897590.0,322061010919.0,10096.719248037234,,,,,56.014,28.247,,,
Peru,PER,Americas,Upper middle income,2019,32449302.0,329252610797.0,10146.677755872839,,,,,58.668,28.051,,5.83960008621216,
Peru,PER,Americas,Upper middle income,2020,32838577.0,292988745490.0,8922.090183444916,,,,,47.237,31.113,,5.55910015106201,
Peru,PER,Americas,Upper middle income,2021,33155883.0,332691638600.0,10034.166141797521,,,,,59.962,28.608,,,
Peru,PER,Americas,Upper middle income,2022,33475436.0,341677633395.0,10206.81652645241,,,,,64.785,26.155,,,
Peru,PER,Americas,Upper middle income,2023,33845616.0,,,,,,,66.065,25.562,,,
Philippines,PHL,Asia,Lower middle income,1990,62854668.0,227937191062.0,3626.4162760671966,65.22356098,3766.583335,,93.573898,40.774,18.763,,,
Philippines,PHL,Asia,Lower middle income,1991,64382249.0,228436344826.0,3548.1262051905023,65.40104878,3600.577611,,,42.874,17.445,,,
Philippines,PHL,Asia,Lower middle income,1992,65926130.0,230909837938.0,3502.5541153105755,65.56053659,3491.112472,,,47.772,15.153,,,
Philippines,PHL,Asia,Lower middle income,1993,67530621.0,237664033762.0,3519.3521137914604,65.71453659,3422.586627,,,48.342,14.536,,,
Philippines,PHL,Asia,Lower middle income,1994,69019297.0,250065486564.0,3623.1242193614344,65.86804878,3321.788876,,,53.479,15.869,,,
Philippines,PHL,Asia,Lower middle income,1995,70546245.0,263742284726.0,3738.572970481987,66.02360976,3256.259062,,,59.22,14.08,,,
Philippines,PHL,Asia,Lower middle income,1996,72190237.0,281422828353.0,3898.35024856616,66.18268293,3154.019097,,,60.437,14.387,,,
Philippines,PHL,Asia,Lower middle income,1997,73908813.0,298360005981.0,4036.8664286490434,66.34078049,3072.964606,,,69.147,13.018,,,
Philippines,PHL,Asia,Lower middle income,1998,75791031.0,299105469124.0,3946.449404072627,66.49590244,3027.029515,,,67.379,13.896,,,
Philippines,PHL,Asia,Lower middle income,1999,77753256.0,310804334612.0,3997.316004515618,66.64802439,2997.898843,,,67.295,17.887,,,
Philippines,PHL,Asia,Lower middle income,2000,79625401.0,327247671365.0,4109.840167272752,66.79665854,2972.232407,,92.60006,71.467,18.729,,,
Philippines,PHL,Asia,Lower middle income,2001,81401488.0,339580401272.0,4171.673142780879,66.94129268,2944.17489,,,69.799,17.257,,,
Philippines,PHL,Asia,Lower middle income,2002,83068889.0,354896572700.0,4272.316350589449,67.08192683,2915.183523,,,69.492,16.848,,,
Philippines,PHL,Asia,Lower middle income,2003,84731836.0,375676507230.0,4433.711400163688,67.21904878,2871.363997,,92.590691,69.501,16.612,,,
Philippines,PHL,Asia,Lower middle income,2004,86394510.0,404092179609.0,4677.290022352115,67.35421951,2812.221513,,,71.999,17.238,,4.66994571685791,
Philippines,PHL,Asia,Lower middle income,2005,88015959.0,426864086040.0,4849.848719366905,67.48992683,2744.100759,,,72.334,16.653,,5.07356214523315,
Philippines,PHL,Asia,Lower middle income,2006,89508992.0,452834616353.0,5059.096368250913,67.62819512,2679.946809,,,65.646,19.318,,4.58906507492065,
Philippines,PHL,Asia,Lower middle income,2007,91075180.0,486739179739.0,5344.366925643189,67.77056098,2616.921119,,,70.01,17.341,,4.87991094589233,
Philippines,PHL,Asia,Lower middle income,2008,92699091.0,511142140299.0,5513.993015303678,67.91853659,2556.605386,,95.420097,76.605,18.352,,4.94151401519775,
Philippines,PHL,Asia,Lower middle income,2009,94384256.0,521163648845.0,5521.7222758528715,68.07160976,2520.114224,,,75.581,17.917,,4.99395656585693,
Philippines,PHL,Asia,Lower middle income,2010,96337127.0,565514808274.0,5870.164762895618,68.23026829,2428.669321,,,82.246,15.667,,5.00196504592896,
Philippines,PHL,Asia,Lower middle income,2011,98248614.0,590943092007.0,6014.772808978252,68.3914878,2340.401438,,,82.98,16.874,,4.97692537307739,
Philippines,PHL,Asia,Lower middle income,2012,100175511.0,631700459807.0,6305.936985008242,68.55373171,2275.206639,,,87.476,17.177,,5.31255006790161,
Philippines,PHL,Asia,Lower middle income,2013,102076334.0,674346563689.0,6606.2968492677255,68.7144878,2240.299523,,96.398003,94.825,15.493,,5.54748916625977,
Philippines,PHL,Asia,Lower middle income,2014,103767127.0,717154029846.0,6911.187103079379,,2254.735619,,,100.074,14.804,,5.430832862854,
Philippines,PHL,Asia,Lower middle income,2015,105312988.0,762678999551.0,7242.022223802063,,2232.938482,,96.618027,111.046,14.375,,5.5942702293396,
Philippines,PHL,Asia,Lower middle income,2016,106735721.0,817202925336.0,7656.320842541551,,2100.361183,,,120.216,13.798,,5.8691725730896,
Philippines,PHL,Asia,Lower middle income,2017,108119691.0,873843247356.0,8082.184098694844,,2014.11833,,,133.576,13.161,,6.26774501800537,
Philippines,PHL,Asia,Lower middle income,2018,109465284.0,929253628653.0,8489.025878314078,,,,,139.857,12.831,,5.07958507537842,
Philippines,PHL,Asia,Lower middle income,2019,110804685.0,986114678778.0,8899.57567027062,,,,,142.601,11.974,,5.88019990921021,
Philippines,PHL,Asia,Lower middle income,2020,112081270.0,892256290776.0,7960.797471120733,,,,,131.457,12.827,,5.90360021591187,
Philippines,PHL,Asia,Lower middle income,2021,113100947.0,943141651518.0,8338.936821793366,,,,,140.27,12.948,,,
Philippines,PHL,Asia,Lower middle income,2022,113964343.0,1014811024029.0,8904.636286360199,,,,,150.963,13.032,,,
Philippines,PHL,Asia,Lower middle income,2023,114891199.0,,,,,,,160.98,12.922,,,
Poland,POL,Europe,High income,1990,38055448.0,310673160937.0,8163.697374867325,70.8902439,1589.305614,,,376.342,0.339,,,
Poland,POL,Europe,High income,1991,38152947.0,291288814472.0,7634.765788131648,70.58780488,1485.893585,,,373.366,0.356,,,
Poland,POL,Europe,High income,1992,38233636.0,301270050123.0,7879.712254492353,71.0902439,1384.481012,,,364.283,0.4,,,
Poland,POL,Europe,High income,1993,38294882.0,315272045792.0,8232.746239876127,71.59512195,1304.154564,,,364.958,0.382,,,
Poland,POL,Europe,High income,1994,38344312.0,334402893305.0,8721.0560279449,71.69512195,1422.864638,,99.402367,359.991,0.459,,,
Poland,POL,Europe,High income,1995,38364668.0,360934041475.0,9407.980318635886,71.89268293,1244.467584,,,362.483,0.492,,,
Poland,POL,Europe,High income,1996,38359164.0,386314591617.0,10070.985687201108,72.24634146,1177.95103,,,377.119,0.497,,,
Poland,POL,Europe,High income,1997,38348307.0,414942244343.0,10820.353668885566,72.64634146,988.1307246,,,367.199,0.519,,,
Poland,POL,Europe,High income,1998,38326431.0,437955026714.0,11426.971290752326,72.99756098,908.9700903,,,338.98,0.644,,,
Poland,POL,Europe,High income,1999,38287717.0,462542429541.0,12080.700177056782,73.04390244,868.9143711,,,329.204,0.61,,,
Poland,POL,Europe,High income,2000,38258077.0,488207682001.0,12760.904893390225,73.74878049,791.450199,,,317.306,0.644,,,
Poland,POL,Europe,High income,2001,38247359.0,499086644170.0,13048.917813384187,74.2,736.0314542,,,313.267,0.777,,,
Poland,POL,Europe,High income,2002,38229407.0,514089670231.0,13447.492665292977,74.49756098,717.7358228,,,305.852,0.775,,,
Poland,POL,Europe,High income,2003,38203527.0,537330337680.0,14064.940592526968,74.59756098,691.3614187,,,318.733,0.642,,5.58720922470093,
Poland,POL,Europe,High income,2004,38167568.0,570430122148.0,14945.41444579335,74.84634146,680.1831963,,99.617943,323.621,0.849,,,
Poland,POL,Europe,High income,2005,38124377.0,595958527688.0,15631.954528411048,74.99512195,653.3305937,,,322.577,1.088,,5.88613748550415,
Poland,POL,Europe,High income,2006,38071169.0,638713864539.0,16776.838781572482,75.14390244,621.4862878,,,336.387,1.203,,,
Poland,POL,Europe,High income,2007,38020420.0,690249985288.0,18154.71752516148,75.24390244,617.6826817,,,335.735,1.515,,5.77202749252319,
Poland,POL,Europe,High income,2008,37995902.0,726319216200.0,19115.725064245085,75.54390244,593.9635987,,,329.428,2.154,,5.88702964782715,
Poland,POL,Europe,High income,2009,38002153.0,760579624624.0,20014.119321713166,75.69512195,541.8914981,,,315.886,2.923,,5.64620494842529,
Poland,POL,Europe,High income,2010,38095356.0,795619859853.0,20884.956682200318,76.24634146,477.6683811,,,334.028,3.379,,5.87593173980713,
Poland,POL,Europe,High income,2011,38208644.0,843236863910.0,22069.269558741733,76.74634146,444.7725664,,,333.406,3.959,,5.74613189697266,
Poland,POL,Europe,High income,2012,38247867.0,856266755052.0,22387.307377219233,76.79756098,445.0893116,,,325.778,5.13,,5.75028228759766,
Poland,POL,Europe,High income,2013,38259267.0,863601156195.0,22572.339302658358,76.84878049,437.7337045,,,321.757,5.052,,6.0070219039917,
Poland,POL,Europe,High income,2014,38265113.0,896737189458.0,23434.850158628826,,420.1264559,,99.774109,309.415,5.922,,6.16207647323608,
Poland,POL,Europe,High income,2015,38266314.0,936043804062.0,24461.300455068653,,394.3588378,,99.787422,312.549,6.387,,6.20126819610596,
Poland,POL,Europe,High income,2016,38263260.0,963689941627.0,25185.77720839782,,393.4422508,,,323.3,5.878,,6.11148500442505,
Poland,POL,Europe,High income,2017,38254964.0,1013223736654.0,26486.072151420663,,366.3242414,,,336.505,5.924,,6.24209403991699,
Poland,POL,Europe,High income,2018,38241070.0,1073462064151.0,28070.921241246648,,,,,335.719,5.621,,6.13945531845093,
Poland,POL,Europe,High income,2019,38225884.0,1121231497071.0,29331.734933088796,,,,,317.444,6.71,,6.166100025177,
Poland,POL,Europe,High income,2020,38171005.0,1098581305284.0,28780.518230630816,,,,,302.102,7.663,,6.12279987335205,
Poland,POL,Europe,High income,2021,38040303.0,1173809548862.0,30856.99787570041,,,,,330.694,7.599,,,
Poland,POL,Europe,High income,2022,38385734.0,1231021338216.0,32069.76159986937,,,,,314.892,9.37,,,
Poland,POL,Europe,High income,2023,38762847.0,,,,,,,283.243,11.752,,,
Portugal,PRT,Europe,High income,1990,9989526.0,171225929203.0,17140.545928105097,73.96585366,1121.57562,,,45.311,13.736,,,
Portugal,PRT,Europe,High income,1991,9969181.0,177606537211.0,17815.559493904264,74.01463415,1107.793929,,87.947853,46.879,13.248,,,
Portugal,PRT,Europe,High income,1992,9960345.0,183951331948.0,18468.369514108195,74.31219512,980.6300371,,,50.957,7.339,,,
Portugal,PRT,Europe,High income,1993,9972341.0,183378088561.0,18388.670078670595,74.51219512,893.2553008,,,49.469,12.161,,,
Portugal,PRT,Europe,High income,1994,9998487.0,186788072120.0,18681.633743185343,74.91463415,786.3418074,,,50.243,14.334,,,
Portugal,PRT,Europe,High income,1995,10031756.0,191728089193.0,19112.11648219913,75.31219512,739.6839086,,,54.503,10.868,,,
Portugal,PRT,Europe,High income,1996,10067655.0,199215852007.0,19787.71143895972,75.26097561,718.5121151,,,51.8,17.71,,,
Portugal,PRT,Europe,High income,1997,10110548.0,208848444082.0,20656.491031148857,75.41219512,684.7357232,,,54.669,15.714,,,
Portugal,PRT,Europe,High income,1998,10159524.0,219709918106.0,21626.005126421278,75.71219512,648.6179045,,,59.211,14.322,,,
Portugal,PRT,Europe,High income,1999,10214877.0,229149917332.0,22432.95903925226,75.96341463,595.3513022,,,66.878,8.619,,,
Portugal,PRT,Europe,High income,2000,10283196.0,238756377443.0,23218.110152038334,76.31463415,566.9005352,,,65.504,12.409,,,
Portugal,PRT,Europe,High income,2001,10354329.0,244348167969.0,23598.648253208874,76.81463415,506.8808807,,,65.187,14.858,,,
Portugal,PRT,Europe,High income,2002,10413045.0,247190712485.0,23738.56182173418,77.06585366,495.528273,,,69.583,9.233,,,
Portugal,PRT,Europe,High income,2003,10454246.0,245847246169.0,23516.497140874628,77.2195122,420.730815,,,64.482,16.157,,,
Portugal,PRT,Europe,High income,2004,10481386.0,251279602163.0,23973.890682300986,77.67073171,388.3999901,,,67.302,11.475,,5.40524625778198,
Portugal,PRT,Europe,High income,2005,10502993.0,254196923131.0,24202.33195728113,78.07073171,372.7921508,,,69.64,7.701,,,
Portugal,PRT,Europe,High income,2006,10524123.0,259159946424.0,24625.32473480213,78.4195122,340.5896865,,,64.856,14.808,,5.71696662902832,
Portugal,PRT,Europe,High income,2007,10546822.0,266663287450.0,25283.757273043957,78.32195122,336.3398777,,,62.38,15.435,,,
Portugal,PRT,Europe,High income,2008,10564086.0,268239264717.0,25391.62069648051,78.52439024,335.2843272,,,60.01,14.553,,5.0945258140564,
Portugal,PRT,Europe,High income,2009,10576265.0,261270596745.0,24703.484334498047,78.72682927,340.1040871,,,57.147,18.133,,5.21999788284302,
Portugal,PRT,Europe,High income,2010,10578659.0,267277408809.0,25265.717404162475,79.02682927,286.6063341,,,52.89,26.402,,4.99396228790283,
Portugal,PRT,Europe,High income,2011,10557050.0,263425010810.0,24952.52090404043,80.47073171,296.6594328,,94.477051,51.784,23.66,,5.15768814086914,
Portugal,PRT,Europe,High income,2012,10513155.0,252737143203.0,24040.085321960916,80.37317073,299.7358675,,,49.932,20.965,,5.12691164016724,
Portugal,PRT,Europe,High income,2013,10458287.0,250405237435.0,23943.23634788374,80.37317073,288.8982911,,,48.146,28.202,,5.08086633682251,
Portugal,PRT,Europe,High income,2014,10406203.0,252388910611.0,24253.69854989375,,291.9378294,,,47.942,29.761,,5.44663715362549,
Portugal,PRT,Europe,High income,2015,10370264.0,256911888409.0,24773.9004917329,,302.5772929,,95.428108,52.233,23.685,,5.71149921417236,
Portugal,PRT,Europe,High income,2016,10346377.0,262100101273.0,25332.548898324505,,309.9168404,,,50.311,28.268,,5.91982269287109,
Portugal,PRT,Europe,High income,2017,10330838.0,271290329012.0,26260.244233042857,,272.3945502,,,55.165,20.606,,6.09547328948975,
Portugal,PRT,Europe,High income,2018,10325355.0,279020275961.0,27022.826426887987,,,,,51.34,26.2,,5.76779222488403,
Portugal,PRT,Europe,High income,2019,10343218.0,286505655767.0,27699.856637170367,,,,,47.583,25.366,,5.92899990081787,
Portugal,PRT,Europe,High income,2020,10370519.0,262724232089.0,25333.75929295342,,,,,41.738,30.635,,6.01630020141602,
Portugal,PRT,Europe,High income,2021,10390957.0,277181288542.0,26675.24161075828,,,,,40.3,32.197,,,
Portugal,PRT,Europe,High income,2022,10417074.0,295712910456.0,28387.32934564927,,,,,40.722,28.753,,,
Portugal,PRT,Europe,High income,2023,10430735.0,,,,,,,37.622,34.67,,,
Puerto Rico,PRI,Americas,High income,1990,,,,74.16917073,1366.318681,,89.622498,,,,,
Puerto Rico,PRI,Americas,High income,1991,,,,74.03880488,1301.199713,,,,,,,
Puerto Rico,PRI,Americas,High income,1992,,,,73.94636585,1336.899479,,,,,,,
Puerto Rico,PRI,Americas,High income,1993,,,,73.92087805,1290.181553,,,,,,,
Puerto Rico,PRI,Americas,High income,1994,,,,73.97690244,1187.625332,,,,,,,
Puerto Rico,PRI,Americas,High income,1995,,,,74.12507317,1218.658351,,,,,,,
Puerto Rico,PRI,Americas,High income,1996,,,,74.3624878,1092.478734,,,,,,,
Puerto Rico,PRI,Americas,High income,1997,,,,74.66663415,1148.986074,,,,,,,
Puerto Rico,PRI,Americas,High income,1998,,,,75.01141463,1066.807136,,,,,,,
Puerto Rico,PRI,Americas,High income,1999,,,,75.38117073,1037.827893,,,,,,,
Puerto Rico,PRI,Americas,High income,2000,,,,76.68926829,968.4730221,,,,,,,
Puerto Rico,PRI,Americas,High income,2001,,,,77.06682927,914.1191695,,,,,,,
Puerto Rico,PRI,Americas,High income,2002,,,,77.7604878,933.8475573,,,,,,,
Puerto Rico,PRI,Americas,High income,2003,,,,78.07121951,923.2928601,,,,,,,
Puerto Rico,PRI,Americas,High income,2004,,,,78.17585366,857.705999,,90.529343,,,,,
Puerto Rico,PRI,Americas,High income,2005,,,,78.29609756,902.2851875,,,,,,,
Puerto Rico,PRI,Americas,High income,2006,,,,78.41634146,868.6364025,,,,,,,
Puerto Rico,PRI,Americas,High income,2007,,,,78.42585366,837.9803089,,,,,,,
Puerto Rico,PRI,Americas,High income,2008,,,,78.55892683,828.6754353,,,,,,,
Puerto Rico,PRI,Americas,High income,2009,,,,78.00778049,796.8080971,,,,,,,
Puerto Rico,PRI,Americas,High income,2010,,,,78.1822439,787.0569075,,91.965233,,,,,
Puerto Rico,PRI,Americas,High income,2011,,,,78.35885366,822.7349697,,,,,,,
Puerto Rico,PRI,Americas,High income,2012,,,,78.53553659,828.6368139,,,,,,,
Puerto Rico,PRI,Americas,High income,2013,,,,78.71119512,695.1173921,,,,,,,
Puerto Rico,PRI,Americas,High income,2014,,,,,656.9116597,,,,,,,
Puerto Rico,PRI,Americas,High income,2015,,,,,648.9151225,,93.329422,,,,,
Puerto Rico,PRI,Americas,High income,2016,,,,,724.8578464,,,,,,,
Puerto Rico,PRI,Americas,High income,2017,,,,,778.0515258,,,,,,,
Puerto Rico,PRI,Americas,High income,2018,,,,,,,,,,,,
Puerto Rico,PRI,Americas,High income,2019,,,,,,,,,,,,
Puerto Rico,PRI,Americas,High income,2020,,,,,,,,,,,,
Puerto Rico,PRI,Americas,High income,2021,,,,,,,,,,,,
Puerto Rico,PRI,Americas,High income,2022,,,,,,,,,,,,
Puerto Rico,PRI,Americas,High income,2023,,,,,,,,,,,,
Qatar,QAT,Asia,High income,1990,440184.0,5221963495.0,11863.137903694818,75.2994878,1713.415627,,,11.428,0.0,,,
Qatar,QAT,Asia,High income,1991,454860.0,5733970758.0,12606.012307083498,75.47995122,1644.673025,,,17.414,0.0,,,
Qatar,QAT,Asia,High income,1992,469657.0,7176897674.0,15281.147037093027,75.65139024,1567.609195,,,26.816,0.0,,,
Qatar,QAT,Asia,High income,1993,484553.0,7997299870.0,16504.48943665605,75.81478049,1504.033019,,,30.721,0.0,,,
Qatar,QAT,Asia,High income,1994,499469.0,9138716419.0,18296.86410768236,75.97163415,1454.810962,,,32.375,0.0,,,
Qatar,QAT,Asia,High income,1995,514334.0,10472257097.0,20360.810479182786,76.12295122,1409.196338,,,33.17,0.0,,,
Qatar,QAT,Asia,High income,1996,529024.0,12098817027.0,22870.072108259737,76.26973171,1359.573773,,,34.472,0.0,,,
Qatar,QAT,Asia,High income,1997,550511.0,17467653871.0,31729.890721529635,76.412,1300.877307,,83.262161,42.232,0.0,,,
Qatar,QAT,Asia,High income,1998,580543.0,21692788085.0,37366.376108229706,76.55073171,1241.935806,,,36.96,0.0,,,
Qatar,QAT,Asia,High income,1999,612510.0,25157531177.0,41072.84971184144,76.68695122,1180.304174,,,36.325,0.0,,,
Qatar,QAT,Asia,High income,2000,644993.0,30159719266.0,46759.76214625585,76.82014634,1108.731428,,,40.406,0.0,,,
Qatar,QAT,Asia,High income,2001,677934.0,34920337897.0,51509.937393610584,76.95082927,1042.314521,,,45.914,0.0,,,
Qatar,QAT,Asia,High income,2002,711215.0,41661485450.0,58577.906048100784,77.07697561,985.0568574,,,45.175,0.0,,,
Qatar,QAT,Asia,High income,2003,744690.0,47126236240.0,63283.02547368704,77.20160976,935.9392918,,,46.631,0.0,,,
Qatar,QAT,Asia,High income,2004,773341.0,63193934807.0,81715.4848986411,77.3247561,888.6039648,,88.962387,47.44,0.0,,,
Qatar,QAT,Asia,High income,2005,825419.0,76893678098.0,93157.14576233404,77.44892683,855.9636923,,,47.682,0.0,,,
Qatar,QAT,Asia,High income,2006,972841.0,103895902583.0,106796.38562005508,77.57717073,824.1410738,,,59.753,0.0,,,
Qatar,QAT,Asia,High income,2007,1208601.0,127834802409.0,105770.88915944964,77.711,794.6151851,,93.082741,59.53,0.0,,6.41782426834106,
Qatar,QAT,Asia,High income,2008,1426942.0,156781224399.0,109872.17728471094,77.84992683,769.6870779,,93.989731,61.871,0.0,,6.8496527671814,
Qatar,QAT,Asia,High income,2009,1586052.0,186164264424.0,117375.88958243487,77.99595122,743.3735175,,94.724289,65.305,0.0,,6.59160423278809,
Qatar,QAT,Asia,High income,2010,1709238.0,238648100494.0,139622.51043681454,78.14604878,714.481023,,96.283737,73.651,0.0,,6.61129856109619,
Qatar,QAT,Asia,High income,2011,1810960.0,296148824653.0,163531.4002810664,78.29968293,682.0230778,,96.406868,81.809,0.008,,,
Qatar,QAT,Asia,High income,2012,1907122.0,310156648715.0,162630.73296569387,78.45380488,652.6524783,,96.678589,93.738,0.007,,,
Qatar,QAT,Asia,High income,2013,2032650.0,327388964338.0,161065.0945012668,78.60690244,622.6047701,,97.477852,91.433,0.051,,6.37452936172485,
Qatar,QAT,Asia,High income,2014,2218378.0,344851898869.0,155452.27137530214,,599.9762157,,97.746689,91.642,0.065,,,
Qatar,QAT,Asia,High income,2015,2427340.0,361242719905.0,148822.4640573632,,580.2375394,,97.757088,93.31,0.065,,,
Qatar,QAT,Asia,High income,2016,2599382.0,372311173588.0,143230.65004989647,,560.8693724,,,91.378,0.069,,,
Qatar,QAT,Asia,High income,2017,2706716.0,366733973367.0,135490.37777402578,,543.0833892,,,105.657,0.075,,,
Qatar,QAT,Asia,High income,2018,2761144.0,371263146890.0,134459.90027684177,,,,,102.621,0.077,,,
Qatar,QAT,Asia,High income,2019,2797927.0,373817411294.0,133605.13383444241,,,,,101.43,0.066,,,
Qatar,QAT,Asia,High income,2020,2803375.0,360517012801.0,128601.06578713158,,,,,101.329,0.086,,,
Qatar,QAT,Asia,High income,2021,2814988.0,366245595916.0,130105.56205426098,,,,,104.386,0.081,,,
Qatar,QAT,Asia,High income,2022,2892466.0,381778107010.0,131990.52538906247,,,,,109.594,0.192,,,
Qatar,QAT,Asia,High income,2023,2979086.0,,,,,,,119.544,0.816,,,
Reunion,REU,Africa,Not classified,1990,,,,,,,,,,,,
Reunion,REU,Africa,Not classified,1991,,,,,,,,,,,,
Reunion,REU,Africa,Not classified,1992,,,,,,,,,,,,
Reunion,REU,Africa,Not classified,1993,,,,,,,,,,,,
Reunion,REU,Africa,Not classified,1994,,,,,,,,,,,,
Reunion,REU,Africa,Not classified,1995,,,,,,,,,,,,
Reunion,REU,Africa,Not classified,1996,,,,,,,,,,,,
Reunion,REU,Africa,Not classified,1997,,,,,,,,,,,,
Reunion,REU,Africa,Not classified,1998,,,,,,,,,,,,
Reunion,REU,Africa,Not classified,1999,,,,,,,,,,,,
Reunion,REU,Africa,Not classified,2000,,,,,,,,,,,,
Reunion,REU,Africa,Not classified,2001,,,,,,,,,,,,
Reunion,REU,Africa,Not classified,2002,,,,,,,,,,,,
Reunion,REU,Africa,Not classified,2003,,,,,,,,,,,,
Reunion,REU,Africa,Not classified,2004,,,,,,,,,,,,
Reunion,REU,Africa,Not classified,2005,,,,,,,,,,,,
Reunion,REU,Africa,Not classified,2006,,,,,,,,,,,,
Reunion,REU,Africa,Not classified,2007,,,,,,,,,,,,
Reunion,REU,Africa,Not classified,2008,,,,,,,,,,,,
Reunion,REU,Africa,Not classified,2009,,,,,,,,,,,,
Reunion,REU,Africa,Not classified,2010,,,,,,,,,,,,
Reunion,REU,Africa,Not classified,2011,,,,,,,,,,,,
Reunion,REU,Africa,Not classified,2012,,,,,,,,,,,,
Reunion,REU,Africa,Not classified,2013,,,,,,,,,,,,
Reunion,REU,Africa,Not classified,2014,,,,,,,,,,,,
Reunion,REU,Africa,Not classified,2015,,,,,,,,,,,,
Reunion,REU,Africa,Not classified,2016,,,,,,,,,,,,
Reunion,REU,Africa,Not classified,2017,,,,,,,,,,,,
Reunion,REU,Africa,Not classified,2018,,,,,,,,,,,,
Reunion,REU,Africa,Not classified,2019,,,,,,,,,,53.94,,
Reunion,REU,Africa,Not classified,2020,,,,,,,,,,,,
Reunion,REU,Africa,Not classified,2021,,,,,,,,,,,,
Reunion,REU,Africa,Not classified,2022,,,,,,,,,,,,
Reunion,REU,Africa,Not classified,2023,,,,,,,,,,,,
Romania,ROU,Europe,High income,1990,22939530.0,127957829968.0,5578.0493309148005,69.74121951,2351.968559,,,176.535,4.324,,,
Romania,ROU,Europe,High income,1991,22947416.0,114884267222.0,5006.414108760655,69.78439024,2053.448095,,,142.258,6.517,,,
Romania,ROU,Europe,High income,1992,22912389.0,109843021990.0,4794.044915613121,69.78439024,2167.768787,,96.709976,132.003,5.926,,,
Romania,ROU,Europe,High income,1993,22842257.0,115101791639.0,5038.985054716791,69.56341463,2260.6763,,,122.709,6.656,,,
Romania,ROU,Europe,High income,1994,22756247.0,123373706511.0,5421.531349655327,69.5097561,2243.08387,,,120.868,7.212,,,
Romania,ROU,Europe,High income,1995,22657722.0,136457737663.0,6022.570921428023,69.45609756,2018.168211,,,125.675,8.403,,,
Romania,ROU,Europe,High income,1996,22541915.0,146513857110.0,6499.6189148082585,69.10487805,2177.156058,,,129.117,7.979,,,
Romania,ROU,Europe,High income,1997,22411511.0,145416621981.0,6488.479156135434,69.00487805,2253.282002,,,118.115,9.362,,,
Romania,ROU,Europe,High income,1998,22284901.0,144240925408.0,6472.585424902718,69.80731707,2033.005972,,,104.783,11.044,,,
Romania,ROU,Europe,High income,1999,22166156.0,148247538550.0,6688.012957681973,70.51219512,1827.983157,,,88.899,12.167,,,
Romania,ROU,Europe,High income,2000,22046264.0,157839292272.0,7159.457596624989,71.16341463,1816.023442,,,93.206,9.836,,,
Romania,ROU,Europe,High income,2001,21919916.0,173763436827.0,7927.194466757993,71.16097561,1756.88681,,,98.928,9.765,,,
Romania,ROU,Europe,High income,2002,21770020.0,190219311781.0,8737.672807879828,71.0097561,1699.12615,,97.297592,99.069,10.037,,,
Romania,ROU,Europe,High income,2003,21593448.0,204513401651.0,9471.085935465238,71.3097561,1678.804652,,,103.707,8.239,,5.04864835739136,
Romania,ROU,Europe,High income,2004,21403215.0,228570981481.0,10679.282597544341,71.59427561,1681.488162,,,103.233,9.814,,,
Romania,ROU,Europe,High income,2005,21213395.0,244044803180.0,11504.278460849855,71.87889512,1541.556548,,,101.337,11.901,,5.39372396469116,
Romania,ROU,Europe,High income,2006,21035732.0,274969703969.0,13071.553866963128,72.16341463,1412.646717,,,104.29,10.578,,,
Romania,ROU,Europe,High income,2007,20870714.0,304650701380.0,14597.04260141747,72.56585366,1210.047269,,,108.497,9.612,,5.3675651550293,
Romania,ROU,Europe,High income,2008,20718745.0,339689310169.0,16395.264779261484,72.56585366,1109.889511,,,106.997,10.317,,4.90916585922241,
Romania,ROU,Europe,High income,2009,20576922.0,326954238767.0,15889.365706250916,73.3097561,1005.942081,,,87.806,10.621,,5.0227575302124,
Romania,ROU,Europe,High income,2010,20432575.0,335489566640.0,16419.34835134583,73.45853659,943.94203,,,84.488,13.83,,5.16687488555908,
Romania,ROU,Europe,High income,2011,20282009.0,350086824382.0,17260.954000266935,74.56341463,904.4644588,,98.604286,92.391,10.997,,5.08158445358276,
Romania,ROU,Europe,High income,2012,20158451.0,356825919340.0,17701.05844640543,74.46341463,895.6806338,,,89.848,10.404,,5.72689342498779,
Romania,ROU,Europe,High income,2013,20062913.0,357789262640.0,17833.36560548311,74.46341463,885.5621711,,,78.795,14.507,,5.77749109268188,
Romania,ROU,Europe,High income,2014,19968179.0,372532510801.0,18656.308659943403,,888.6418073,,,79.335,17.513,,5.96887063980103,
Romania,ROU,Europe,High income,2015,19871018.0,384306463712.0,19340.049096226474,,801.6911888,,98.757027,78.046,18.196,,6.08990478515625,
Romania,ROU,Europe,High income,2016,19777049.0,395288226514.0,19987.219858432873,,729.4322953,,,76.587,18.867,,6.15087890625,
Romania,ROU,Europe,High income,2017,19689405.0,456012361225.0,23160.291599720764,,707.6400662,,,79.432,16.748,,6.12994241714478,
Romania,ROU,Europe,High income,2018,19597874.0,473122658487.0,24141.529764248917,,,,,79.874,17.773,,,
Romania,ROU,Europe,High income,2019,19501542.0,456564507688.0,23411.713170579023,,,,,76.69,17.297,,6.1399998664856,
Romania,ROU,Europe,High income,2020,19392467.0,483499378450.0,24932.32957158055,,,,,73.946,18.117,,6.47700023651123,
Romania,ROU,Europe,High income,2021,19248159.0,505119539256.0,26242.485801161554,,,,,77.501,18.153,,,
Romania,ROU,Europe,High income,2022,19166776.0,504741667296.0,26334.19763949868,,,,,73.186,17.783,,,
Romania,ROU,Europe,High income,2023,19118482.0,,,,,,,67.866,20.908,,,
Russia,RUS,Europe,High income,1990,148979537.0,1834865200000.0,12316.22299913578,68.90243902,1533.658125,,,2536.284,4.619,,,
Russia,RUS,Europe,High income,1991,149448433.0,1782589449407.0,11927.789496508136,68.47439024,1476.064386,,,2407.642,4.718,,,
Russia,RUS,Europe,High income,1992,148915993.0,1557839202683.0,10461.19474006395,66.87317073,1471.131011,,,1963.458,5.034,,,
Russia,RUS,Europe,High income,1993,148135419.0,1453308047704.0,9810.672272132299,64.93585366,1682.994844,,,1866.525,5.454,,,
Russia,RUS,Europe,High income,1994,148200734.0,1297672618325.0,8756.182127444794,64.46707317,1750.661775,,,1646.876,6.035,,,
Russia,RUS,Europe,High income,1995,148291406.0,1274033410385.0,8591.417700800544,65.22121951,1652.338891,,,1618.286,6.39,,,
Russia,RUS,Europe,High income,1996,148084580.0,1256336600822.0,8483.912375089965,66.19414634,1592.463047,,,1586.633,5.811,,,
Russia,RUS,Europe,High income,1997,147853769.0,1303661447743.0,8817.235140911424,66.95073171,1660.611925,,,1481.964,6.271,,,
Russia,RUS,Europe,High income,1998,147635543.0,1263722609285.0,8559.745056005924,66.78390244,1593.360251,,,1465.859,6.325,,,
Russia,RUS,Europe,High income,1999,147241973.0,1375023643662.0,9338.530417967166,66.04365854,1625.843203,,,1494.088,6.326,,,
Russia,RUS,Europe,High income,2000,146717784.0,1547057523527.0,10544.444452125857,65.34146341,1616.879293,,,1480.576,6.354,,,
Russia,RUS,Europe,High income,2001,146117290.0,1662886727147.0,11380.492528618619,65.48780488,1551.3796,,,1518.081,6.595,,,
Russia,RUS,Europe,High income,2002,145939502.0,1781424730851.0,12206.597298454533,65.08536585,1401.819549,,99.440971,1508.33,6.127,,,
Russia,RUS,Europe,High income,2003,145794230.0,1955875991276.0,13415.31822813564,65.00756098,1291.150318,,,1539.006,5.738,,,
Russia,RUS,Europe,High income,2004,145180091.0,2143914665541.0,14767.277322763215,65.42121951,1181.521036,,,1545.353,6.387,,4.96374273300171,
Russia,RUS,Europe,High income,2005,144597886.0,2331247104465.0,16122.276534976452,65.47,1110.967234,,,1563.98,6.235,,5.22286748886108,
Russia,RUS,Europe,High income,2006,144102948.0,2576148450528.0,17877.139130616535,66.64317073,1092.279436,,,1623.428,5.962,,5.6187539100647,
Russia,RUS,Europe,High income,2007,143859767.0,2858759376272.0,19871.84767421457,67.49756098,1029.081092,,,1624.315,6.025,,5.15822792053223,
Russia,RUS,Europe,High income,2008,143811837.0,3078094367564.0,21403.623177165868,67.84878049,916.5129197,,,1652.731,5.539,,5.38477325439453,
Russia,RUS,Europe,High income,2009,143869128.0,2903690263125.0,20182.85857077691,68.60487805,844.5230336,,,1545.236,6.13,,5.38876628875732,
Russia,RUS,Europe,High income,2010,143934468.0,3105249267337.0,21574.049013312087,68.85609756,781.4673994,,99.684273,1633.147,5.597,,5.62073564529419,
Russia,RUS,Europe,High income,2011,144043751.0,3306765993750.0,22956.677889830848,69.65853659,809.314323,,,1684.989,5.274,,5.53717756271362,
Russia,RUS,Europe,High income,2012,144291025.0,3439833075673.0,23839.54979648249,70.36585366,887.1532308,,,1700.104,5.226,,6.03697681427002,
Russia,RUS,Europe,High income,2013,144604105.0,3500216789791.0,24205.514703687008,71.07317073,814.0226478,,,1637.547,5.816,,5.99553871154785,
Russia,RUS,Europe,High income,2014,144925639.0,3525987597216.0,24329.63291758196,,737.9989057,,,1637.311,5.531,,5.85494565963745,
Russia,RUS,Europe,High income,2015,145307612.0,3456429719677.0,23786.983160090746,,619.1115146,,99.719566,1635.244,5.423,,5.57874298095703,
Russia,RUS,Europe,High income,2016,145778668.0,3463123938280.0,23756.04048103938,,569.9514242,,,1629.328,5.807,,5.51350021362305,
Russia,RUS,Europe,High income,2017,146186798.0,3526353842599.0,24122.245584714154,,559.0535331,,,1661.012,5.769,,5.44052362442017,
Russia,RUS,Europe,High income,2018,146430146.0,3625347362801.0,24758.203565548585,,,,,1709.91,5.709,,5.49528884887695,
Russia,RUS,Europe,High income,2019,146533063.0,3705035583500.0,25284.63889067821,,,,,1704.459,5.855,,5.47720003128052,
Russia,RUS,Europe,High income,2020,146371295.0,3606716578675.0,24640.87359939666,,,,,1631.902,6.679,,5.45860004425049,
Russia,RUS,Europe,High income,2021,145836172.0,3809571453737.0,26122.267209105023,,,,,1674.524,6.586,,,
Russia,RUS,Europe,High income,2022,145579889.0,3731440829579.0,25631.56803601492,,,,,1675.461,5.92,,,
Russia,RUS,Europe,High income,2023,145440502.0,,,,,,,1733.135,5.913,,,
Rwanda,RWA,Africa,Low income,1990,7375313.0,9760500152.0,1323.4014816727101,32.61156098,9582.156178,,,0.524,,,,
Rwanda,RWA,Africa,Low income,1991,7526964.0,9167410895.0,1217.9427050534584,29.12631707,9905.425502,,57.853489,0.472,,,,
Rwanda,RWA,Africa,Low income,1992,7683266.0,9540351727.0,1241.705249694596,27.06441463,10152.87089,,,0.479,,,,
Rwanda,RWA,Africa,Low income,1993,7981142.0,8498078373.0,1064.7697250593963,26.76378049,16742.86731,,,0.483,,,,
Rwanda,RWA,Africa,Low income,1994,6792358.0,4238308069.0,623.981843860409,28.25529268,23883.30298,,,0.462,,,,
Rwanda,RWA,Africa,Low income,1995,5674118.0,5523726463.0,973.4951692932717,31.23919512,11920.80038,,,0.451,,,,
Rwanda,RWA,Africa,Low income,1996,6708767.0,6185436762.0,921.9930818882218,35.13907317,11622.46974,,,0.464,,,,
Rwanda,RWA,Africa,Low income,1997,7755237.0,6891736436.0,888.6558123239819,39.17553659,12697.65986,,,0.483,,,,
Rwanda,RWA,Africa,Low income,1998,8081688.0,7337662385.0,907.93685489962,42.73629268,13344.76601,,,0.482,,,,
Rwanda,RWA,Africa,Low income,1999,8147917.0,7619522357.0,935.1497268565696,45.57268293,12028.09317,,,0.502,,,,
Rwanda,RWA,Africa,Low income,2000,8213936.0,8053572290.0,980.4766302050564,47.64265854,10618.7812,,64.888603,0.515,,,,
Rwanda,RWA,Africa,Low income,2001,8287091.0,8517814124.0,1027.8412683051265,49.13078049,9376.756985,,,0.519,,,,
Rwanda,RWA,Africa,Low income,2002,8400185.0,9398566544.0,1118.8523281332496,50.43785366,8428.231923,,,0.512,,,,
Rwanda,RWA,Africa,Low income,2003,8586878.0,9366054447.0,1090.7403653574675,51.86207317,7616.677106,,,0.505,,,,
Rwanda,RWA,Africa,Low income,2004,8816849.0,9814510529.0,1113.15397700471,53.45509756,7039.06298,,,0.516,,,4.21470355987549,
Rwanda,RWA,Africa,Low income,2005,9054532.0,10465323107.0,1155.8104943469193,55.1924878,6535.495544,,,0.514,,,,
Rwanda,RWA,Africa,Low income,2006,9299251.0,11146496514.0,1198.6445482544777,56.9757561,6057.914251,,,0.514,,,4.36298894882202,
Rwanda,RWA,Africa,Low income,2007,9549940.0,11698650639.0,1224.9972920248713,58.64790244,5688.458284,,,0.542,,,4.02976179122925,
Rwanda,RWA,Africa,Low income,2008,9804268.0,12678494332.0,1293.16072673656,60.09246341,5352.851928,,,0.531,,,,
Rwanda,RWA,Africa,Low income,2009,10060438.0,13135703239.0,1305.679060792383,61.28002439,4876.049909,,,0.555,,,4.09743595123291,
Rwanda,RWA,Africa,Low income,2010,10317560.0,13742192522.0,1331.9227144790048,62.21214634,4433.312247,,65.852272,0.581,,,3.33304786682129,
Rwanda,RWA,Africa,Low income,2011,10573742.0,14451195383.0,1366.7058817020502,62.92241463,4134.253643,,,0.643,,,3.46638774871826,
Rwanda,RWA,Africa,Low income,2012,10829904.0,15700063621.0,1449.6955486401357,63.49285366,3969.775273,,68.331032,0.718,,,3.59567832946777,
Rwanda,RWA,Africa,Low income,2013,11093340.0,16440168692.0,1481.9854698404629,63.99397561,3823.027271,,,0.779,,,3.48310899734497,
Rwanda,RWA,Africa,Low income,2014,11364758.0,17455015690.0,1535.8897822549322,,3771.465412,,,0.83,,,3.33298993110657,
Rwanda,RWA,Africa,Low income,2015,11640026.0,19000488690.0,1632.340743053323,,3650.538949,,71.2435,0.967,,,3.10837388038635,
Rwanda,RWA,Africa,Low income,2016,11919183.0,20135193148.0,1689.3098417903307,,3536.173217,,,1.052,,,3.5610466003418,
Rwanda,RWA,Africa,Low income,2017,12202062.0,20935170126.0,1715.7075686060275,,3419.415576,,,1.17,,,3.26815223693848,
Rwanda,RWA,Africa,Low income,2018,12488000.0,22730987759.0,1820.2264381005766,,,,,1.313,,,,
Rwanda,RWA,Africa,Low income,2019,12776102.0,24883378782.0,1947.6502913016818,,,,,1.413,,29.11,3.41470003128052,
Rwanda,RWA,Africa,Low income,2020,13065838.0,24048043469.0,1840.5282132688312,,,,,1.394,,,3.2681999206543,
Rwanda,RWA,Africa,Low income,2021,13355260.0,26663035281.0,1996.444493106087,,,,,1.699,,,,
Rwanda,RWA,Africa,Low income,2022,13651025.0,28466253314.0,2085.28321602224,,,,,1.957,,,,
Rwanda,RWA,Africa,Low income,2023,13954473.0,,,,,,,2.016,,,,
Saint Helena,SHN,Africa,Not classified,1990,6639.0,,,,,,,0.007,,,,
Saint Helena,SHN,Africa,Not classified,1991,6601.0,,,,,,,0.007,,,,
Saint Helena,SHN,Africa,Not classified,1992,6545.0,,,,,,,0.007,,,,
Saint Helena,SHN,Africa,Not classified,1993,6495.0,,,,,,,0.011,,,,
Saint Helena,SHN,Africa,Not classified,1994,6433.0,,,,,,,0.011,,,,
Saint Helena,SHN,Africa,Not classified,1995,6373.0,,,,,,,0.011,,,,
Saint Helena,SHN,Africa,Not classified,1996,6309.0,,,,,,,0.011,,,,
Saint Helena,SHN,Africa,Not classified,1997,6249.0,,,,,,,0.011,,,,
Saint Helena,SHN,Africa,Not classified,1998,6184.0,,,,,,,0.011,,,,
Saint Helena,SHN,Africa,Not classified,1999,6113.0,,,,,,,0.011,,,,
Saint Helena,SHN,Africa,Not classified,2000,6045.0,,,,,,,0.011,,,,
Saint Helena,SHN,Africa,Not classified,2001,5963.0,,,,,,,0.011,,,,
Saint Helena,SHN,Africa,Not classified,2002,5879.0,,,,,,,0.011,,,,
Saint Helena,SHN,Africa,Not classified,2003,5775.0,,,,,,,0.011,,,,
Saint Helena,SHN,Africa,Not classified,2004,5678.0,,,,,,,0.007,,,,
Saint Helena,SHN,Africa,Not classified,2005,5570.0,,,,,,,0.011,,,,
Saint Helena,SHN,Africa,Not classified,2006,5457.0,,,,,,,0.011,,,,
Saint Helena,SHN,Africa,Not classified,2007,5346.0,,,,,,,0.011,,,,
Saint Helena,SHN,Africa,Not classified,2008,5295.0,,,,,,,0.011,,,,
Saint Helena,SHN,Africa,Not classified,2009,5320.0,,,,,,,0.011,,,,
Saint Helena,SHN,Africa,Not classified,2010,5352.0,,,,,,,0.011,,,,
Saint Helena,SHN,Africa,Not classified,2011,5385.0,,,,,,,0.011,,,,
Saint Helena,SHN,Africa,Not classified,2012,5428.0,,,,,,,0.011,,,,
Saint Helena,SHN,Africa,Not classified,2013,5462.0,,,,,,,0.011,,,,
Saint Helena,SHN,Africa,Not classified,2014,5493.0,,,,,,,0.011,,,,
Saint Helena,SHN,Africa,Not classified,2015,5529.0,,,,,,,0.011,,,,
Saint Helena,SHN,Africa,Not classified,2016,5544.0,,,,,,,0.015,,,,
Saint Helena,SHN,Africa,Not classified,2017,5528.0,,,,,,,0.011,,,,
Saint Helena,SHN,Africa,Not classified,2018,5507.0,,,,,,,0.011,,,,
Saint Helena,SHN,Africa,Not classified,2019,5485.0,,,,,,,0.015,,53.71,,
Saint Helena,SHN,Africa,Not classified,2020,5451.0,,,,,,,0.011,,,,
Saint Helena,SHN,Africa,Not classified,2021,5415.0,,,,,,,0.007,,,,
Saint Helena,SHN,Africa,Not classified,2022,5369.0,,,,,,,0.011,,,,
Saint Helena,SHN,Africa,Not classified,2023,5316.0,,,,,,,0.011,,,,
Saint Kitts and Nevis,KNA,Americas,Not classified,1990,40456.0,,,,,,,0.106,,,,
Saint Kitts and Nevis,KNA,Americas,Not classified,1991,40382.0,,,,,,,0.106,,,,
Saint Kitts and Nevis,KNA,Americas,Not classified,1992,40740.0,,,67.95121951,,,,0.11,,,,
Saint Kitts and Nevis,KNA,Americas,Not classified,1993,41266.0,,,,,,,0.114,,,,
Saint Kitts and Nevis,KNA,Americas,Not classified,1994,41798.0,,,,,,,0.121,,,,
Saint Kitts and Nevis,KNA,Americas,Not classified,1995,42347.0,,,,,,,0.125,,,,
Saint Kitts and Nevis,KNA,Americas,Not classified,1996,42903.0,,,,,,,0.132,,,,
Saint Kitts and Nevis,KNA,Americas,Not classified,1997,43453.0,,,70.03634146,,,,0.139,,,,
Saint Kitts and Nevis,KNA,Americas,Not classified,1998,44018.0,,,,,,,0.15,,,,
Saint Kitts and Nevis,KNA,Americas,Not classified,1999,44625.0,,,,,,,0.158,,,,
Saint Kitts and Nevis,KNA,Americas,Not classified,2000,45272.0,,,,,,,0.172,,,,
Saint Kitts and Nevis,KNA,Americas,Not classified,2001,45785.0,,,,,,,0.176,,,,
Saint Kitts and Nevis,KNA,Americas,Not classified,2002,46048.0,,,71.33658537,,,,0.194,,,,
Saint Kitts and Nevis,KNA,Americas,Not classified,2003,46200.0,,,,,,97.800003,0.194,,,,
Saint Kitts and Nevis,KNA,Americas,Not classified,2004,46337.0,,,,,,,0.209,,,,
Saint Kitts and Nevis,KNA,Americas,Not classified,2005,46459.0,,,,,,,0.194,,,,
Saint Kitts and Nevis,KNA,Americas,Not classified,2006,46592.0,,,,,,,0.202,,,,
Saint Kitts and Nevis,KNA,Americas,Not classified,2007,46734.0,,,,,,,0.216,,,,
Saint Kitts and Nevis,KNA,Americas,Not classified,2008,46857.0,,,,,,,0.216,,,,
Saint Kitts and Nevis,KNA,Americas,Not classified,2009,46941.0,,,,,,,0.22,,,,
Saint Kitts and Nevis,KNA,Americas,Not classified,2010,46871.0,,,,,,,0.22,,,,
Saint Kitts and Nevis,KNA,Americas,Not classified,2011,46917.0,,,,,,,0.227,,,,
Saint Kitts and Nevis,KNA,Americas,Not classified,2012,47056.0,,,,,,,0.224,,,,
Saint Kitts and Nevis,KNA,Americas,Not classified,2013,47092.0,,,,,,,0.224,,,,
Saint Kitts and Nevis,KNA,Americas,Not classified,2014,47112.0,,,,,,,0.227,,,,
Saint Kitts and Nevis,KNA,Americas,Not classified,2015,47108.0,,,,,,,0.231,,,,
Saint Kitts and Nevis,KNA,Americas,Not classified,2016,47099.0,,,,,,,0.238,,,,
Saint Kitts and Nevis,KNA,Americas,Not classified,2017,47075.0,,,,,,,0.242,,,,
Saint Kitts and Nevis,KNA,Americas,Not classified,2018,47032.0,,,,,,,0.249,,,,
Saint Kitts and Nevis,KNA,Americas,Not classified,2019,46976.0,,,,,,,0.26,,,,
Saint Kitts and Nevis,KNA,Americas,Not classified,2020,46896.0,,,,,,,0.242,,,,
Saint Kitts and Nevis,KNA,Americas,Not classified,2021,46786.0,,,,,,,0.234,,,,
Saint Kitts and Nevis,KNA,Americas,Not classified,2022,46732.0,,,,,,,0.251,,,,
Saint Kitts and Nevis,KNA,Americas,Not classified,2023,46783.0,,,,,,,0.25,,,,
Saint Lucia,LCA,Americas,Not classified,1990,137874.0,718014000.0,5207.754906653901,71.04943902,1759.237627,,,0.18,,,,
Saint Lucia,LCA,Americas,Not classified,1991,139536.0,732565360.0,5250.009746588694,71.13817073,1703.543892,,,0.187,,,,
Saint Lucia,LCA,Americas,Not classified,1992,141629.0,808957688.0,5711.808231365046,71.1945122,1664.197295,,,0.213,,,,
Saint Lucia,LCA,Americas,Not classified,1993,143735.0,829979959.0,5774.376171426584,71.2145122,1599.989739,,,0.234,,,,
Saint Lucia,LCA,Americas,Not classified,1994,145901.0,862136440.0,5909.050931796218,71.20514634,1541.861021,,,0.26,,,,
Saint Lucia,LCA,Americas,Not classified,1995,148227.0,889991191.0,6004.244779965863,71.18095122,1509.234885,,,0.275,,,,
Saint Lucia,LCA,Americas,Not classified,1996,150453.0,936978316.0,6227.714409151031,71.1574878,1481.938511,,,0.293,,,,
Saint Lucia,LCA,Americas,Not classified,1997,152584.0,951717700.0,6237.336155822367,71.15529268,1484.668556,,,0.293,,,,
Saint Lucia,LCA,Americas,Not classified,1998,154688.0,1031515653.0,6668.3624650910215,71.19136585,1469.867141,,,0.322,,,,
Saint Lucia,LCA,Americas,Not classified,1999,156719.0,1081004035.0,6897.721622777072,71.27617073,1508.756228,,,0.337,,,,
Saint Lucia,LCA,Americas,Not classified,2000,158624.0,1100265060.0,6936.308881379867,71.42353659,1504.456835,,,0.341,,,,
Saint Lucia,LCA,Americas,Not classified,2001,160247.0,1080200365.0,6740.846100082997,71.64426829,1534.603907,,90.099998,0.359,,,,
Saint Lucia,LCA,Americas,Not classified,2002,161655.0,1106971931.0,6847.7432247687975,71.92829268,1575.127853,,,0.355,,,,
Saint Lucia,LCA,Americas,Not classified,2003,162985.0,1185932109.0,7276.326711047029,72.26163415,1593.60411,,,0.377,,,,
Saint Lucia,LCA,Americas,Not classified,2004,164250.0,1306608275.0,7954.997108066971,72.62892683,1615.443743,,,0.399,,,,
Saint Lucia,LCA,Americas,Not classified,2005,165460.0,1321769047.0,7988.450664813248,73.00792683,1671.335628,,,0.392,,,,
Saint Lucia,LCA,Americas,Not classified,2006,166657.0,1443383695.0,8660.804496660807,73.374,1640.79952,,,0.414,,,,
Saint Lucia,LCA,Americas,Not classified,2007,167766.0,1491085385.0,8887.887802057629,73.70692683,1621.022413,,,0.421,,,,
Saint Lucia,LCA,Americas,Not classified,2008,168816.0,1589069531.0,9413.026792484125,73.99443902,1603.483629,,,0.425,,,,
Saint Lucia,LCA,Americas,Not classified,2009,169880.0,1609861406.0,9476.462243936896,74.22814634,1601.441226,,,0.425,,,,
Saint Lucia,LCA,Americas,Not classified,2010,170921.0,1619438310.0,9474.776709707994,74.41102439,1563.110495,,,0.484,,,,
Saint Lucia,LCA,Americas,Not classified,2011,171814.0,1661310000.0,9669.235335886482,74.55295122,1582.849423,,,0.484,,,,
Saint Lucia,LCA,Americas,Not classified,2012,172595.0,1630854000.0,9449.022277586257,74.67417073,1573.843003,,,0.487,,,,
Saint Lucia,LCA,Americas,Not classified,2013,173380.0,1636031000.0,9436.099896181797,74.79195122,1498.929974,,,0.487,,,,
Saint Lucia,LCA,Americas,Not classified,2014,174145.0,1635705000.0,9392.77613483017,,1448.805278,,,0.487,,,,
Saint Lucia,LCA,Americas,Not classified,2015,174919.0,1670340000.0,9549.219924650839,,1393.715175,,,0.48,,,,
Saint Lucia,LCA,Americas,Not classified,2016,175651.0,1719860632.0,9791.351213485832,,1349.75558,,,0.473,,,,
Saint Lucia,LCA,Americas,Not classified,2017,176352.0,1781316024.0,10100.911948829613,,1314.396246,,,0.495,,,,
Saint Lucia,LCA,Americas,Not classified,2018,177032.0,1830625072.0,10340.645035925709,,,,,0.509,,,,
Saint Lucia,LCA,Americas,Not classified,2019,177675.0,1824037649.0,10266.14689179682,,,,,0.502,,,,
Saint Lucia,LCA,Americas,Not classified,2020,178261.0,1361621707.0,7638.36008437067,,,,,0.487,,,,
Saint Lucia,LCA,Americas,Not classified,2021,178540.0,1515672504.0,8489.260132183264,,,,,0.506,,,,
Saint Lucia,LCA,Americas,Not classified,2022,178794.0,1749086152.0,9782.689307247447,,,,,0.518,,,,
Saint Lucia,LCA,Americas,Not classified,2023,179291.0,,,,,,,0.517,,,,
Saint Pierre and Miquelon,SPM,Americas,Not classified,1990,6377.0,,,,,,,0.092,,,,
Saint Pierre and Miquelon,SPM,Americas,Not classified,1991,6400.0,,,,,,,0.103,,,,
Saint Pierre and Miquelon,SPM,Americas,Not classified,1992,6428.0,,,,,,,0.095,,,,
Saint Pierre and Miquelon,SPM,Americas,Not classified,1993,6440.0,,,,,,,0.073,,,,
Saint Pierre and Miquelon,SPM,Americas,Not classified,1994,6455.0,,,,,,,0.07,,,,
Saint Pierre and Miquelon,SPM,Americas,Not classified,1995,6459.0,,,,,,,0.07,,,,
Saint Pierre and Miquelon,SPM,Americas,Not classified,1996,6451.0,,,,,,,0.07,,,,
Saint Pierre and Miquelon,SPM,Americas,Not classified,1997,6438.0,,,,,,,0.048,,,,
Saint Pierre and Miquelon,SPM,Americas,Not classified,1998,6392.0,,,,,,,0.055,,,,
Saint Pierre and Miquelon,SPM,Americas,Not classified,1999,6338.0,,,,,,,0.055,,,,
Saint Pierre and Miquelon,SPM,Americas,Not classified,2000,6317.0,,,,,,,0.055,,,,
Saint Pierre and Miquelon,SPM,Americas,Not classified,2001,6299.0,,,,,,,0.055,,,,
Saint Pierre and Miquelon,SPM,Americas,Not classified,2002,6273.0,,,,,,,0.059,,,,
Saint Pierre and Miquelon,SPM,Americas,Not classified,2003,6234.0,,,,,,,0.062,,,,
Saint Pierre and Miquelon,SPM,Americas,Not classified,2004,6191.0,,,,,,,0.059,,,,
Saint Pierre and Miquelon,SPM,Americas,Not classified,2005,6139.0,,,,,,,0.062,,,,
Saint Pierre and Miquelon,SPM,Americas,Not classified,2006,6094.0,,,,,,,0.062,,,,
Saint Pierre and Miquelon,SPM,Americas,Not classified,2007,6074.0,,,,,,,0.062,,,,
Saint Pierre and Miquelon,SPM,Americas,Not classified,2008,6063.0,,,,,,,0.062,,,,
Saint Pierre and Miquelon,SPM,Americas,Not classified,2009,6054.0,,,,,,,0.062,,,,
Saint Pierre and Miquelon,SPM,Americas,Not classified,2010,6047.0,,,,,,,0.062,,,,
Saint Pierre and Miquelon,SPM,Americas,Not classified,2011,6036.0,,,,,,,0.066,,,,
Saint Pierre and Miquelon,SPM,Americas,Not classified,2012,6019.0,,,,,,,0.066,,,,
Saint Pierre and Miquelon,SPM,Americas,Not classified,2013,5999.0,,,,,,,0.066,,,,
Saint Pierre and Miquelon,SPM,Americas,Not classified,2014,5984.0,,,,,,,0.066,,,,
Saint Pierre and Miquelon,SPM,Americas,Not classified,2015,5971.0,,,,,,,0.066,,,,
Saint Pierre and Miquelon,SPM,Americas,Not classified,2016,5957.0,,,,,,,0.066,,,,
Saint Pierre and Miquelon,SPM,Americas,Not classified,2017,5946.0,,,,,,,0.066,,,,
Saint Pierre and Miquelon,SPM,Americas,Not classified,2018,5932.0,,,,,,,0.059,,,,
Saint Pierre and Miquelon,SPM,Americas,Not classified,2019,5899.0,,,,,,,0.066,,,,
Saint Pierre and Miquelon,SPM,Americas,Not classified,2020,5852.0,,,,,,,0.062,,,,
Saint Pierre and Miquelon,SPM,Americas,Not classified,2021,5802.0,,,,,,,0.055,,,,
Saint Pierre and Miquelon,SPM,Americas,Not classified,2022,5760.0,,,,,,,0.053,,,,
Saint Pierre and Miquelon,SPM,Americas,Not classified,2023,5707.0,,,,,,,0.053,,,,
Saint Vincent and the Grenadines,VCT,Americas,Not classified,1990,111825.0,,,70.07665854,2372.993463,,,0.081,,,,
Saint Vincent and the Grenadines,VCT,Americas,Not classified,1991,112236.0,,,70.23743902,2312.815726,,,0.084,,,,
Saint Vincent and the Grenadines,VCT,Americas,Not classified,1992,112524.0,,,70.36814634,2261.973112,,,0.084,,,,
Saint Vincent and the Grenadines,VCT,Americas,Not classified,1993,112753.0,,,70.46660976,2239.992397,,,0.103,,,,
Saint Vincent and the Grenadines,VCT,Americas,Not classified,1994,112933.0,,,70.53626829,2216.306679,,,0.121,,,,
Saint Vincent and the Grenadines,VCT,Americas,Not classified,1995,113064.0,,,70.5775122,2183.923643,,,0.128,,,,
Saint Vincent and the Grenadines,VCT,Americas,Not classified,1996,113136.0,,,70.59178049,2162.297318,,,0.132,,,,
Saint Vincent and the Grenadines,VCT,Americas,Not classified,1997,113158.0,,,70.58765854,2133.402832,,,0.132,,,,
Saint Vincent and the Grenadines,VCT,Americas,Not classified,1998,113195.0,,,70.57631707,2104.886093,,,0.161,,,,
Saint Vincent and the Grenadines,VCT,Americas,Not classified,1999,113384.0,,,70.56939024,2078.372632,,,0.165,,,,
Saint Vincent and the Grenadines,VCT,Americas,Not classified,2000,113561.0,,,70.58312195,2047.657283,,,0.143,,,,
Saint Vincent and the Grenadines,VCT,Americas,Not classified,2001,113506.0,,,70.63434146,2033.959697,,,0.176,,,,
Saint Vincent and the Grenadines,VCT,Americas,Not classified,2002,113365.0,,,70.72870732,2089.637407,,,0.187,,,,
Saint Vincent and the Grenadines,VCT,Americas,Not classified,2003,113149.0,,,70.8667561,2050.878283,,,0.202,,,,
Saint Vincent and the Grenadines,VCT,Americas,Not classified,2004,112856.0,,,71.04492683,2044.229971,,,0.22,,,,
Saint Vincent and the Grenadines,VCT,Americas,Not classified,2005,112465.0,,,71.25256098,2013.912716,,,0.22,,,,
Saint Vincent and the Grenadines,VCT,Americas,Not classified,2006,112027.0,,,71.47280488,1988.900471,,,0.22,,,,
Saint Vincent and the Grenadines,VCT,Americas,Not classified,2007,111544.0,,,71.68734146,1958.716252,,,0.238,,,,
Saint Vincent and the Grenadines,VCT,Americas,Not classified,2008,111047.0,,,71.88092683,1898.164756,,,0.22,,,,
Saint Vincent and the Grenadines,VCT,Americas,Not classified,2009,110521.0,,,72.04746341,1850.807393,,,0.278,,,,
Saint Vincent and the Grenadines,VCT,Americas,Not classified,2010,109974.0,,,72.18492683,1815.121371,,,0.224,,,,
Saint Vincent and the Grenadines,VCT,Americas,Not classified,2011,109367.0,,,72.29943902,1778.087859,,,0.216,,,,
Saint Vincent and the Grenadines,VCT,Americas,Not classified,2012,108753.0,,,72.40121951,1735.113045,,,0.231,,,,
Saint Vincent and the Grenadines,VCT,Americas,Not classified,2013,108156.0,,,72.50097561,1713.079215,,,0.216,,,,
Saint Vincent and the Grenadines,VCT,Americas,Not classified,2014,107555.0,,,,1676.542897,,,0.256,,,,
Saint Vincent and the Grenadines,VCT,Americas,Not classified,2015,106975.0,,,,1643.507969,,,0.234,,,,
Saint Vincent and the Grenadines,VCT,Americas,Not classified,2016,106365.0,,,,1608.136524,,,0.242,,,,
Saint Vincent and the Grenadines,VCT,Americas,Not classified,2017,105674.0,,,,1576.243794,,,0.213,,,,
Saint Vincent and the Grenadines,VCT,Americas,Not classified,2018,104939.0,,,,,,,0.242,,,,
Saint Vincent and the Grenadines,VCT,Americas,Not classified,2019,104183.0,,,,,,,0.22,,,,
Saint Vincent and the Grenadines,VCT,Americas,Not classified,2020,103540.0,,,,,,,0.238,,,,
Saint Vincent and the Grenadines,VCT,Americas,Not classified,2021,102848.0,,,,,,,0.234,,,,
Saint Vincent and the Grenadines,VCT,Americas,Not classified,2022,102063.0,,,,,,,0.247,,,,
Saint Vincent and the Grenadines,VCT,Americas,Not classified,2023,101331.0,,,,,,,0.246,,,,
Samoa,WSM,Oceania,Upper middle income,1990,169061.0,,,65.04041463,1545.932636,,,0.092,,,,
Samoa,WSM,Oceania,Upper middle income,1991,169378.0,,,65.55895122,1539.97729,,97.944328,0.095,,,,
Samoa,WSM,Oceania,Upper middle income,1992,170340.0,,,66.07002439,1505.296864,,,0.099,,,,
Samoa,WSM,Oceania,Upper middle income,1993,171786.0,,,66.56914634,1423.265689,,,0.106,,,,
Samoa,WSM,Oceania,Upper middle income,1994,173167.0,,,67.05180488,1348.814074,,,0.099,,,,
Samoa,WSM,Oceania,Upper middle income,1995,174585.0,,,67.51502439,1301.716625,,,0.11,,,,
Samoa,WSM,Oceania,Upper middle income,1996,176086.0,,,67.95426829,1256.981053,,,0.125,,,,
Samoa,WSM,Oceania,Upper middle income,1997,177561.0,,,68.37053659,1207.402573,,,0.125,,,,
Samoa,WSM,Oceania,Upper middle income,1998,178921.0,,,68.76480488,1154.878056,,,0.139,,,,
Samoa,WSM,Oceania,Upper middle income,1999,180279.0,,,69.13704878,1154.494031,,,0.139,,,,
Samoa,WSM,Oceania,Upper middle income,2000,181695.0,,,69.48731707,1141.486126,,,0.143,,,,
Samoa,WSM,Oceania,Upper middle income,2001,183174.0,,,69.81660976,1118.288312,,,0.154,,,,
Samoa,WSM,Oceania,Upper middle income,2002,184482.0,,,70.12841463,1088.382749,,,0.161,,,,
Samoa,WSM,Oceania,Upper middle income,2003,185447.0,,,70.42626829,1079.557629,,,0.161,,,,
Samoa,WSM,Oceania,Upper middle income,2004,186265.0,,,70.71460976,1070.833046,,98.540482,0.169,,,,
Samoa,WSM,Oceania,Upper middle income,2005,186993.0,,,70.99692683,1064.416579,,,0.172,,,,
Samoa,WSM,Oceania,Upper middle income,2006,187724.0,,,71.27665854,1055.080891,,,0.169,,,,
Samoa,WSM,Oceania,Upper middle income,2007,188766.0,,,71.55729268,1051.665878,,,0.18,,,,
Samoa,WSM,Oceania,Upper middle income,2008,190117.0,,,71.83780488,1036.676612,,,0.161,,,,
Samoa,WSM,Oceania,Upper middle income,2009,191530.0,,,72.12170732,1090.333191,,,0.169,,,,
Samoa,WSM,Oceania,Upper middle income,2010,193035.0,,,72.40802439,1025.816459,,,0.187,,,,
Samoa,WSM,Oceania,Upper middle income,2011,194726.0,,,72.69578049,1022.938632,,98.973259,0.191,,,,
Samoa,WSM,Oceania,Upper middle income,2012,196518.0,,,72.98204878,1022.977993,,,0.191,,,,
Samoa,WSM,Oceania,Upper middle income,2013,198284.0,,,73.26487805,956.1858674,,,0.191,,,,
Samoa,WSM,Oceania,Upper middle income,2014,200051.0,,,,916.3438765,,,0.202,,,,
Samoa,WSM,Oceania,Upper middle income,2015,201794.0,,,,911.1276182,,99.015007,0.227,,,,
Samoa,WSM,Oceania,Upper middle income,2016,203509.0,,,,910.5283927,,,0.238,,,,
Samoa,WSM,Oceania,Upper middle income,2017,205423.0,,,,901.0197491,,,0.234,,,,
Samoa,WSM,Oceania,Upper middle income,2018,207595.0,,,,,,,0.234,,,,
Samoa,WSM,Oceania,Upper middle income,2019,209794.0,,,,,,,0.26,,,,
Samoa,WSM,Oceania,Upper middle income,2020,211957.0,,,,,,,0.234,,,,
Samoa,WSM,Oceania,Upper middle income,2021,213792.0,,,,,,,0.267,,,,
Samoa,WSM,Oceania,Upper middle income,2022,215270.0,,,,,,,0.236,,,,
Samoa,WSM,Oceania,Upper middle income,2023,216673.0,,,,,,,0.235,,,,
San Marino,SMR,Europe,Not classified,1990,23501.0,,,,,,,,,,,
San Marino,SMR,Europe,Not classified,1991,23823.0,,,,,,,,,,,
San Marino,SMR,Europe,Not classified,1992,24149.0,,,,,,,,,,,
San Marino,SMR,Europe,Not classified,1993,24499.0,,,,,,,,,,,
San Marino,SMR,Europe,Not classified,1994,24853.0,,,,,,,,,,,
San Marino,SMR,Europe,Not classified,1995,25183.0,,,,,,,,,,,
San Marino,SMR,Europe,Not classified,1996,25503.0,,,79.1195122,,,,,,,,
San Marino,SMR,Europe,Not classified,1997,25821.0,,,79.47317073,,,,,,,,
San Marino,SMR,Europe,Not classified,1998,26149.0,,,80.17317073,,,,,,,,
San Marino,SMR,Europe,Not classified,1999,26485.0,,,80.52439024,,,,,,,,
San Marino,SMR,Europe,Not classified,2000,26823.0,,,80.6195122,,,,,,,,
San Marino,SMR,Europe,Not classified,2001,27173.0,,,80.97317073,,,,,,,,
San Marino,SMR,Europe,Not classified,2002,27515.0,,,81.1195122,,,,,,,,
San Marino,SMR,Europe,Not classified,2003,27871.0,,,81.2195122,,,,,,,,
San Marino,SMR,Europe,Not classified,2004,28230.0,,,81.72195122,,,,,,,,
San Marino,SMR,Europe,Not classified,2005,28600.0,,,81.97560976,,,,,,,,
San Marino,SMR,Europe,Not classified,2006,28966.0,,,82.1804878,,,,,,,,
San Marino,SMR,Europe,Not classified,2007,29334.0,,,82.50609756,,,,,,,,
San Marino,SMR,Europe,Not classified,2008,29721.0,,,82.83170732,,,,,,,,
San Marino,SMR,Europe,Not classified,2009,30115.0,,,82.99554324,,,,,,,,
San Marino,SMR,Europe,Not classified,2010,30648.0,,,83.15937916,,,,,,,,
San Marino,SMR,Europe,Not classified,2011,32194.0,,,83.32321508,,,96.0,,,,,
San Marino,SMR,Europe,Not classified,2012,33494.0,,,,,,,,,,,
San Marino,SMR,Europe,Not classified,2013,33641.0,,,,,,,,,,,
San Marino,SMR,Europe,Not classified,2014,33753.0,,,,,,,,,,,
San Marino,SMR,Europe,Not classified,2015,33927.0,,,,,,,,,,,
San Marino,SMR,Europe,Not classified,2016,34188.0,,,,,,,,,,,
San Marino,SMR,Europe,Not classified,2017,34405.0,,,,,,,,,,,
San Marino,SMR,Europe,Not classified,2018,34557.0,,,,,,,,,,,
San Marino,SMR,Europe,Not classified,2019,34674.0,,,,,,,,,,,
San Marino,SMR,Europe,Not classified,2020,34796.0,,,,,,,,,,,
San Marino,SMR,Europe,Not classified,2021,34599.0,,,,,,,,,,,
San Marino,SMR,Europe,Not classified,2022,34113.0,,,,,,,,,,,
San Marino,SMR,Europe,Not classified,2023,33761.0,,,,,,,,,,,
Sao Tome and Principe,STP,Africa,Lower middle income,1990,122993.0,257172000.0,2090.9482653484347,61.77143902,6010.372843,,,0.048,,,,
Sao Tome and Principe,STP,Africa,Lower middle income,1991,125711.0,262157958.0,2085.4018980041524,61.93453659,5773.784043,,73.242416,0.048,,,,
Sao Tome and Principe,STP,Africa,Lower middle income,1992,128127.0,264441187.0,2063.8989986497772,62.09509756,5724.58383,,,0.048,,,,
Sao Tome and Principe,STP,Africa,Lower middle income,1993,130478.0,268616534.0,2058.7113076533974,62.25514634,5703.115747,,,0.048,,,,
Sao Tome and Principe,STP,Africa,Lower middle income,1994,132745.0,275609588.0,2076.233289389431,62.41470732,5714.004223,,,0.048,,,,
Sao Tome and Principe,STP,Africa,Lower middle income,1995,134905.0,281874143.0,2089.4269522997665,62.57026829,5624.326406,,,0.048,,,,
Sao Tome and Principe,STP,Africa,Lower middle income,1996,136974.0,288736950.0,2107.9690306189495,62.71831707,5481.171292,,,0.048,,,,
Sao Tome and Principe,STP,Africa,Lower middle income,1997,138935.0,291643204.0,2099.1341562601215,62.85990244,5318.401181,,,0.048,,,,
Sao Tome and Principe,STP,Africa,Lower middle income,1998,140765.0,300902178.0,2137.6207011686142,62.99746341,5157.411803,,,0.048,,,,
Sao Tome and Principe,STP,Africa,Lower middle income,1999,142459.0,310102879.0,2176.786857973171,63.13702439,4957.657835,,,0.048,,,,
Sao Tome and Principe,STP,Africa,Lower middle income,2000,144029.0,312853560.0,2172.1567184386477,63.29253659,4630.864896,,,0.051,,,,
Sao Tome and Principe,STP,Africa,Lower middle income,2001,146386.0,323367292.0,2209.0042217151913,63.47797561,4324.995903,,84.908508,0.051,,,,
Sao Tome and Principe,STP,Africa,Lower middle income,2002,149932.0,330763135.0,2206.0876597390816,63.70185366,4070.716151,,,0.055,,,,
Sao Tome and Principe,STP,Africa,Lower middle income,2003,153824.0,356840538.0,2319.7975478468898,63.96512195,3937.574702,,,0.062,,,,
Sao Tome and Principe,STP,Africa,Lower middle income,2004,157721.0,370949154.0,2351.93255178448,64.26129268,3771.348283,,,0.073,,,,
Sao Tome and Principe,STP,Africa,Lower middle income,2005,161650.0,400193555.0,2475.6792762140426,64.57690244,4016.633829,,,0.077,,,,
Sao Tome and Principe,STP,Africa,Lower middle income,2006,165651.0,436915676.0,2637.5673916849278,64.89246341,3633.030947,,,0.081,,,,
Sao Tome and Principe,STP,Africa,Lower middle income,2007,169709.0,454094461.0,2675.7240983094594,65.188,3458.805101,,,0.081,,,,
Sao Tome and Principe,STP,Africa,Lower middle income,2008,173808.0,491548804.0,2828.1138037374576,65.45004878,3457.208162,,69.536392,0.084,,,,
Sao Tome and Principe,STP,Africa,Lower middle income,2009,177866.0,507380515.0,2852.5997942271147,65.67209756,3333.747438,,,0.092,,,,
Sao Tome and Principe,STP,Africa,Lower middle income,2010,181810.0,544428757.0,2994.4929156812054,65.85368293,3238.942058,,,0.106,,,,
Sao Tome and Principe,STP,Africa,Lower middle income,2011,185665.0,572220000.0,3082.0025314410364,66.00326829,3202.30036,,,0.099,,,,
Sao Tome and Principe,STP,Africa,Lower middle income,2012,189452.0,588711000.0,3107.4414627451806,66.13487805,3243.845713,,90.143097,0.11,,,,
Sao Tome and Principe,STP,Africa,Lower middle income,2013,193158.0,619718000.0,3208.3475703827953,66.26097561,3164.720743,,,0.11,,,,
Sao Tome and Principe,STP,Africa,Lower middle income,2014,196780.0,660060000.0,3354.3042992174,,2943.959667,,,0.128,,,,
Sao Tome and Principe,STP,Africa,Lower middle income,2015,200308.0,687730000.0,3433.3626215627933,,2792.745932,,91.747108,0.136,,,,
Sao Tome and Principe,STP,Africa,Lower middle income,2016,203702.0,718608950.0,3527.7461684224995,,2664.065527,,,0.147,,,,
Sao Tome and Principe,STP,Africa,Lower middle income,2017,206986.0,745271993.0,3600.591310523417,,2539.717063,,,0.139,,,,
Sao Tome and Principe,STP,Africa,Lower middle income,2018,210198.0,768095622.0,3654.1528558787427,,,,,0.139,,,,
Sao Tome and Principe,STP,Africa,Lower middle income,2019,213405.0,784993764.0,3678.4225486750543,,,,,0.147,,27.12,,
Sao Tome and Principe,STP,Africa,Lower middle income,2020,217450.0,809328569.0,3721.906502644286,,,,,0.143,,,,
Sao Tome and Principe,STP,Africa,Lower middle income,2021,221975.0,824700110.0,3715.283748169839,,,,,0.143,,,,
Sao Tome and Principe,STP,Africa,Lower middle income,2022,226313.0,825238400.0,3646.447177139625,,,,,0.136,,,,
Sao Tome and Principe,STP,Africa,Lower middle income,2023,230882.0,,,,,,,0.14,,,,
Saudi Arabia,SAU,Asia,High income,1990,10640697.0,230231005239.0,21636.83499671121,69.14897561,4383.458298,,,181.971,0.0,,,
Saudi Arabia,SAU,Asia,High income,1991,11160752.0,279266370692.0,25022.182259044912,69.56390244,4195.930718,,,244.534,0.0,,,
Saudi Arabia,SAU,Asia,High income,1992,11686682.0,306102220149.0,26192.39747851443,69.95743902,3989.79034,,70.821648,276.011,0.0,,,
Saudi Arabia,SAU,Asia,High income,1993,12215864.0,318013026200.0,26032.790329034444,70.33278049,3781.232088,,,297.754,0.0,,,
Saudi Arabia,SAU,Asia,High income,1994,12750037.0,336457977370.0,26388.78439097863,70.69392683,3570.356369,,,291.208,0.0,,,
Saudi Arabia,SAU,Asia,High income,1995,13289246.0,354296184185.0,26660.367652536494,71.04241463,3403.557799,,,274.604,0.0,,,
Saudi Arabia,SAU,Asia,High income,1996,13831002.0,381675255575.0,27595.633026081552,71.37963415,3212.180935,,,269.498,0.0,,,
Saudi Arabia,SAU,Asia,High income,1997,14374948.0,404619673714.0,28147.55738344236,71.7054878,3035.120331,,,227.149,0.0,,,
Saudi Arabia,SAU,Asia,High income,1998,14922188.0,436367217571.0,29242.84411716298,72.01880488,2863.988205,,,218.915,0.0,,,
Saudi Arabia,SAU,Asia,High income,1999,15472076.0,440370701905.0,28462.289217361653,72.32158537,2693.044347,,,237.716,0.0,,,
Saudi Arabia,SAU,Asia,High income,2000,16177733.0,488272422255.0,30181.75799136999,72.6147561,2531.065724,,79.350937,309.639,0.0,,,
Saudi Arabia,SAU,Asia,High income,2001,17041405.0,506978101388.0,29749.78303655127,72.89734146,2391.781142,,,324.374,0.0,,,
Saudi Arabia,SAU,Asia,High income,2002,17910909.0,518347038548.0,28940.297700580133,73.17085366,2256.407823,,,346.93,0.0,,,
Saudi Arabia,SAU,Asia,High income,2003,18786771.0,607244594721.0,32322.989124687792,73.43434146,2109.344953,,,351.228,0.0,,7.07964420318604,
Saudi Arabia,SAU,Asia,High income,2004,19669486.0,690846607941.0,35122.758568322526,73.69029268,1953.666641,,82.857742,407.702,0.0,,,
Saudi Arabia,SAU,Asia,High income,2005,20559886.0,768984265306.0,37402.16581482991,73.9382439,1803.764937,,,412.234,0.0,,7.26669406890869,
Saudi Arabia,SAU,Asia,High income,2006,21459141.0,833723402383.0,38851.667099955215,74.17863415,1662.982271,,,444.977,0.0,,6.81137037277222,
Saudi Arabia,SAU,Asia,High income,2007,22368313.0,896025266041.0,40057.79363159841,74.4115122,1528.549676,,,423.314,0.0,,6.14759016036987,
Saudi Arabia,SAU,Asia,High income,2008,23287884.0,1005243539213.0,43165.94582886964,74.63787805,1403.781329,,,469.43,0.0,,6.30709838867188,
Saudi Arabia,SAU,Asia,High income,2009,24217656.0,1040467027041.0,42963.159896275676,74.8592439,1303.571681,,,503.97,0.0,,6.69978952407837,
Saudi Arabia,SAU,Asia,High income,2010,25157134.0,1156842077931.0,45984.653018543366,75.07560976,1210.692572,,,555.64,0.0,,6.39635944366455,
Saudi Arabia,SAU,Asia,High income,2011,26105636.0,1347950226660.0,51634.452677575064,75.288,1119.840189,,,540.236,0.001,,6.49513292312622,
Saudi Arabia,SAU,Asia,High income,2012,27062447.0,1421109142119.0,52512.21894749577,75.49690244,1037.872933,,,605.712,0.002,,6.27837800979614,
Saudi Arabia,SAU,Asia,High income,2013,28026825.0,1461615692896.0,52150.59832485485,75.70336585,965.2875296,,94.426338,583.178,0.004,,6.34549188613892,
Saudi Arabia,SAU,Asia,High income,2014,28998127.0,1520484201383.0,52433.876208039226,,899.7417984,,,585.109,0.004,,6.47392129898071,
Saudi Arabia,SAU,Asia,High income,2015,29974944.0,1591797027903.0,53104.25360270898,,852.2261957,,94.842369,624.547,0.004,,6.29428243637085,
Saudi Arabia,SAU,Asia,High income,2016,30717804.0,1629412617614.0,53044.56717068707,,790.7948528,,,641.174,0.004,,6.35639333724976,
Saudi Arabia,SAU,Asia,High income,2017,30782400.0,1628276592787.0,52896.34962793675,,735.4565519,,,644.487,0.005,,6.5612473487854,
Saudi Arabia,SAU,Asia,High income,2018,30365119.0,1673253984473.0,55104.47643801429,,,,,652.204,0.013,,6.55958843231201,
Saudi Arabia,SAU,Asia,High income,2019,30472809.0,1687180073621.0,55366.739364953195,,,,,708.335,0.018,,6.49399995803833,
Saudi Arabia,SAU,Asia,High income,2020,30991206.0,1613932868835.0,52077.123711642584,,,,,653.565,0.078,,6.52279996871948,
Saudi Arabia,SAU,Asia,High income,2021,31328374.0,1677226744197.0,53536.98676468175,,,,,695.394,0.083,,,
Saudi Arabia,SAU,Asia,High income,2022,32175351.0,1823886192336.0,56685.821153466204,,,,,666.994,0.157,,,
Saudi Arabia,SAU,Asia,High income,2023,33264289.0,,,,,,,677.442,0.359,,,
Senegal,SEN,Africa,Lower middle income,1990,7720524.0,15993263040.0,2071.5255907500577,57.18309756,7439.174296,,,2.93,,,,
Senegal,SEN,Africa,Lower middle income,1991,7943091.0,16307693057.0,2053.0663764270107,57.4094878,7300.824728,,,3.108,,,,
Senegal,SEN,Africa,Lower middle income,1992,8168396.0,16415224652.0,2009.6019649390162,57.50660976,7240.301683,,,3.166,,,,
Senegal,SEN,Africa,Lower middle income,1993,8396289.0,16528654543.0,1968.5666540301318,57.51136585,7223.373134,,,3.286,,,,
Senegal,SEN,Africa,Lower middle income,1994,8624077.0,16427310135.0,1904.8195111198565,57.4562439,7208.255735,,,3.636,,,,
Senegal,SEN,Africa,Lower middle income,1995,8848112.0,17207967928.0,1944.8180502235957,57.37960976,7201.609153,,,2.99,,,,
Senegal,SEN,Africa,Lower middle income,1996,9067018.0,17463290035.0,1926.0235322131268,57.31934146,7240.510959,,,3.243,,,,
Senegal,SEN,Africa,Lower middle income,1997,9283505.0,17899120921.0,1928.056366749412,57.30336585,6983.003083,,,3.182,,,,
Senegal,SEN,Africa,Lower middle income,1998,9502951.0,18841602978.0,1982.710736696422,57.35914634,6883.641543,,,3.334,,,,
Senegal,SEN,Africa,Lower middle income,1999,9730897.0,19920223117.0,2047.110674072493,57.5082439,6736.000286,,,3.604,,,,
Senegal,SEN,Africa,Lower middle income,2000,9968262.0,20439620643.0,2050.469845495634,57.77426829,6511.07582,,,3.902,,,,
Senegal,SEN,Africa,Lower middle income,2001,10212941.0,21256566387.0,2081.3364521541835,58.17041463,6331.139396,,,4.258,,,,
Senegal,SEN,Africa,Lower middle income,2002,10466216.0,21289209696.0,2034.0885087791041,58.67685366,6131.56379,,39.275249,4.437,,,,
Senegal,SEN,Africa,Lower middle income,2003,10721176.0,22622569107.0,2110.0828031365218,59.26165854,5937.532896,,,4.928,,,,
Senegal,SEN,Africa,Lower middle income,2004,10975711.0,23858338191.0,2173.739650306026,59.89929268,5771.790271,,,5.238,,,4.4173526763916,
Senegal,SEN,Africa,Lower middle income,2005,11235473.0,25111741099.0,2235.040847768492,60.54970732,5651.150472,,,5.539,,,4.67998695373535,
Senegal,SEN,Africa,Lower middle income,2006,11500094.0,25681645040.0,2233.1682714941285,61.16868293,5358.11659,,41.891151,4.43,,,4.68349981307983,
Senegal,SEN,Africa,Lower middle income,2007,11770348.0,26900866878.0,2285.477615275266,61.72353659,5087.550617,,,5.196,,,4.33511400222778,
Senegal,SEN,Africa,Lower middle income,2008,12048963.0,27862112568.0,2312.4075132440857,62.19263415,4853.456454,,,4.74,,,4.37215614318848,
Senegal,SEN,Africa,Lower middle income,2009,12337390.0,28495333178.0,2309.672724782146,62.56441463,4626.280842,,49.695129,5.258,,,3.83420157432556,
Senegal,SEN,Africa,Lower middle income,2010,12635418.0,29674469620.0,2348.5150724732653,62.84187805,4429.480883,,,6.862,,,3.66873693466187,
Senegal,SEN,Africa,Lower middle income,2011,12958902.0,30201416523.0,2330.5536628797718,63.04258537,4235.873773,,52.05196,7.819,,,3.64736700057983,
Senegal,SEN,Africa,Lower middle income,2012,13310499.0,31410375400.0,2359.819522919464,63.20217073,4073.620919,,,7.362,,,4.39477729797363,
Senegal,SEN,Africa,Lower middle income,2013,13710857.0,32167998974.0,2346.1698254164567,63.35073171,3917.362126,,42.817501,7.853,,,4.61700057983398,
Senegal,SEN,Africa,Lower middle income,2014,14152103.0,34170131826.0,2414.491459396529,,3768.183123,,,8.724,,,4.59453392028809,
Senegal,SEN,Africa,Lower middle income,2015,14593335.0,36345743124.0,2490.571423461464,,3637.469679,,55.624851,9.845,,,4.68302488327026,
Senegal,SEN,Africa,Lower middle income,2016,15034517.0,38655882471.0,2571.1422901713436,,3501.436462,,,10.013,,,4.7693772315979,
Senegal,SEN,Africa,Lower middle income,2017,15475001.0,41519118886.0,2682.9800454293995,,3397.166798,,,10.757,,,5.48873662948608,
Senegal,SEN,Africa,Lower middle income,2018,15914495.0,44097044770.0,2770.8730167058397,,,,,11.33,,,,
Senegal,SEN,Africa,Lower middle income,2019,16352926.0,46131678369.0,2821.0045327056455,,,,,12.711,,58.23,5.13180017471313,
Senegal,SEN,Africa,Lower middle income,2020,16789217.0,46743389453.0,2784.1315919021117,,,,,10.82,,,5.04610013961792,
Senegal,SEN,Africa,Lower middle income,2021,17220866.0,49579310412.0,2879.025387689562,,,,,12.319,,,,
Senegal,SEN,Africa,Lower middle income,2022,17651099.0,51913993763.0,2941.11963017147,,,,,14.133,,,,
Senegal,SEN,Africa,Lower middle income,2023,18077573.0,,,,,,,14.082,,,,
Serbia,SRB,Europe,Upper middle income,1990,7874595.0,75948516071.0,9644.752024834293,,2638.472826,,,57.538,,,,
Serbia,SRB,Europe,Upper middle income,1991,7867067.0,68073341363.0,8652.950504044264,71.48780488,1942.879085,,,40.577,,,,
Serbia,SRB,Europe,Upper middle income,1992,7859811.0,50213316006.0,6388.616215580756,,2101.637389,,,43.636,,,,
Serbia,SRB,Europe,Upper middle income,1993,7849723.0,35705127092.0,4548.584337561975,,2129.282746,,,37.997,,,,
Serbia,SRB,Europe,Upper middle income,1994,7837157.0,37491186647.0,4783.773841330472,,1985.731158,,,36.967,,,,
Serbia,SRB,Europe,Upper middle income,1995,7823281.0,40606796137.0,5190.507171735235,,1928.365016,,,39.047,,,,
Serbia,SRB,Europe,Upper middle income,1996,7807720.0,43633612702.0,5588.521706977197,,1703.091709,,,45.696,,,,
Serbia,SRB,Europe,Upper middle income,1997,7789186.0,47961715204.0,6157.47463265096,72.03902439,1503.859462,,,49.098,,,,
Serbia,SRB,Europe,Upper middle income,1998,7765929.0,50248494231.0,6470.377752745358,,1567.064797,,,51.691,,,,
Serbia,SRB,Europe,Upper middle income,1999,7734367.0,42108008598.0,5444.273409575729,,1453.275913,,,35.652,,,,
Serbia,SRB,Europe,Upper middle income,2000,7694608.0,45972177454.0,5974.596425704857,71.58292683,1317.802471,,,39.606,,,,
Serbia,SRB,Europe,Upper middle income,2001,7651927.0,49551965376.0,6475.7498831340135,72.23414634,1407.819667,,,42.541,,,,
Serbia,SRB,Europe,Upper middle income,2002,7616741.0,54169287385.0,7111.872044093399,72.28536585,1426.005625,,,45.486,,,,
Serbia,SRB,Europe,Upper middle income,2003,7590946.0,57670215281.0,7597.23692949469,72.43658537,1362.163561,,96.39724,48.649,,,,
Serbia,SRB,Europe,Upper middle income,2004,7565843.0,64122161308.0,8475.217012565552,72.68292683,1209.273031,,,52.942,,,,
Serbia,SRB,Europe,Upper middle income,2005,7539139.0,69083768076.0,9163.349830265764,72.83414634,1045.190388,,,50.058,,,4.75038385391235,
Serbia,SRB,Europe,Upper middle income,2006,7511395.0,74079355840.0,9862.263379838232,73.38536585,869.5523923,,,53.721,,,,
Serbia,SRB,Europe,Upper middle income,2007,7482996.0,80235729936.0,10722.407166327497,73.63170732,709.4849994,,,52.16,,,4.38031196594238,
Serbia,SRB,Europe,Upper middle income,2008,7454285.0,86433151884.0,11595.096227740152,73.88536585,569.6104189,,,51.737,,,4.46130418777466,
Serbia,SRB,Europe,Upper middle income,2009,7425346.0,85543117613.0,11520.421757181417,73.98536585,552.687334,,,45.92,,,4.81518650054932,
Serbia,SRB,Europe,Upper middle income,2010,7395872.0,88047936265.0,11905.010831041966,74.33658537,530.4103308,,,45.694,,,5.15452194213867,
Serbia,SRB,Europe,Upper middle income,2011,7364858.0,91032746041.0,12360.421075464048,74.53658537,508.1040298,,97.96241,48.956,,,5.10184049606323,
Serbia,SRB,Europe,Upper middle income,2012,7324624.0,90412315334.0,12343.611813248024,74.83658537,442.4314133,,,43.764,,,5.11272859573364,
Serbia,SRB,Europe,Upper middle income,2013,7276183.0,93027618312.0,12785.222459633025,75.13658537,463.236223,,,44.576,,,5.3176851272583,
Serbia,SRB,Europe,Upper middle income,2014,7227203.0,91548933459.0,12667.270237047444,,460.0046289,,,37.331,,,5.75275468826294,
Serbia,SRB,Europe,Upper middle income,2015,7177257.0,93202353035.0,12985.790119400768,,439.4267208,,98.002892,43.897,,,5.12203121185303,
Serbia,SRB,Europe,Upper middle income,2016,7126083.0,96313997829.0,13515.699694909532,,445.248061,,,45.193,,,5.93649339675903,
Serbia,SRB,Europe,Upper middle income,2017,7073507.0,98337716405.0,13902.257593722605,,437.1464594,,,45.673,,,6.24140739440918,
Serbia,SRB,Europe,Upper middle income,2018,7020014.0,102758122729.0,14637.880028301937,,,,,44.478,,,6.04154634475708,
Serbia,SRB,Europe,Upper middle income,2019,6966155.0,107209329080.0,15390.029231333498,,,,,44.445,,,6.07789993286133,
Serbia,SRB,Europe,Upper middle income,2020,6907814.0,106240984752.0,15379.827070039813,,,,,45.356,,,6.17799997329712,
Serbia,SRB,Europe,Upper middle income,2021,6835429.0,114262090563.0,16716.154986468297,,,,,43.886,,,,
Serbia,SRB,Europe,Upper middle income,2022,6791215.0,116834638171.0,17203.790215889203,,,,,44.462,,,,
Serbia,SRB,Europe,Upper middle income,2023,6773204.0,,,,,,,42.907,,,,
Seychelles,SYC,Africa,High income,1990,74000.0,584969000.0,7904.986486486487,,1570.377251,,,0.15,,,,
Seychelles,SYC,Africa,High income,1991,74838.0,617088515.0,8245.657486838238,,1513.094726,,,0.172,,,,
Seychelles,SYC,Africa,High income,1992,75630.0,679250956.0,8981.23702234563,70.67073171,1444.778821,,,0.172,,,,
Seychelles,SYC,Africa,High income,1993,76420.0,730723726.0,9561.943548809213,,1477.007442,,,0.183,,,,
Seychelles,SYC,Africa,High income,1994,77279.0,744501064.0,9633.93760271225,,1331.397551,,87.81115,0.202,,,,
Seychelles,SYC,Africa,High income,1995,78144.0,760132177.0,9727.326179873055,,1195.549251,,,0.198,,,,
Seychelles,SYC,Africa,High income,1996,78901.0,795643257.0,10084.070632818342,,1162.983493,,,0.234,,,,
Seychelles,SYC,Africa,High income,1997,79670.0,929711785.0,11669.534140830927,71.41463415,1138.493374,,,0.271,,,,
Seychelles,SYC,Africa,High income,1998,80738.0,1062691437.0,13162.221469444376,,1098.381562,,,0.289,,,,
Seychelles,SYC,Africa,High income,1999,82033.0,1110391394.0,13535.91108456353,,1111.739445,,,0.304,,,,
Seychelles,SYC,Africa,High income,2000,83339.0,1136006730.0,13631.153841538775,,1133.724498,,,0.319,,,,
Seychelles,SYC,Africa,High income,2001,84621.0,1137693046.0,13444.571040285507,,1158.515227,,,0.341,,,,
Seychelles,SYC,Africa,High income,2002,85878.0,1181094301.0,13753.164966580498,72.95365854,1173.012552,,91.836456,0.348,,,,
Seychelles,SYC,Africa,High income,2003,87056.0,1134551439.0,13032.432445782026,71.02926829,1176.589798,,,0.341,,,,
Seychelles,SYC,Africa,High income,2004,88175.0,1140079489.0,12929.736195066629,72.6097561,1172.412079,,,0.377,,,,
Seychelles,SYC,Africa,High income,2005,89288.0,1274495332.0,14273.982304453006,72.13170732,1164.146021,,,0.381,,,,
Seychelles,SYC,Africa,High income,2006,90391.0,1430092128.0,15821.17830314965,72.21707317,1164.484578,,,0.385,,,,
Seychelles,SYC,Africa,High income,2007,91483.0,1619623050.0,17704.087644699015,73.19268293,1201.49277,,,0.403,,,,
Seychelles,SYC,Africa,High income,2008,92563.0,1625802984.0,17564.285772933028,73.16341463,1172.736493,,,0.414,,,,
Seychelles,SYC,Africa,High income,2009,93644.0,1630727660.0,17414.117936012986,73.03414634,1174.301276,,,0.443,,,,
Seychelles,SYC,Africa,High income,2010,94993.0,1772951640.0,18664.024085985282,73.19756098,1174.313194,,93.954231,0.44,,,,
Seychelles,SYC,Africa,High income,2011,97041.0,1917505000.0,19759.740728145836,72.72439024,1168.128855,,,0.403,,,,
Seychelles,SYC,Africa,High income,2012,99565.0,1991700000.0,20004.01747602069,74.22682927,1161.552177,,,0.418,,,,
Seychelles,SYC,Africa,High income,2013,102108.0,2096276000.0,20529.987855995612,74.22682927,1162.088268,,,0.414,,,,
Seychelles,SYC,Africa,High income,2014,104663.0,2231000000.0,21316.033364226136,,1139.763708,,,0.458,,,,
Seychelles,SYC,Africa,High income,2015,107247.0,2363480000.0,22037.725996997586,,1110.907266,,95.321083,0.498,,,,
Seychelles,SYC,Africa,High income,2016,109836.0,2658740126.0,24206.4544047489,,1088.094253,,,0.553,,,,
Seychelles,SYC,Africa,High income,2017,112443.0,2824383463.0,25118.357416646657,,1067.903983,,,0.575,,,,
Seychelles,SYC,Africa,High income,2018,115053.0,2983293782.0,25929.73483524984,,,,,0.597,,,,
Seychelles,SYC,Africa,High income,2019,117662.0,3137071789.0,26661.724167530723,,,,,0.59,,70.13,,
Seychelles,SYC,Africa,High income,2020,120299.0,2871729130.0,23871.596023242088,,,,,0.597,,,,
Seychelles,SYC,Africa,High income,2021,123000.0,2944095268.0,23935.733886178863,,,,,0.612,,,,
Seychelles,SYC,Africa,High income,2022,125533.0,3053368129.0,24323.23077597126,,,,,0.629,,,,
Seychelles,SYC,Africa,High income,2023,127961.0,,,,,,,0.641,,,,
Sierra Leone,SLE,Africa,Low income,1990,4196834.0,6912780000.0,1647.1416310485477,37.35736585,17443.81927,,,0.498,,,,
Sierra Leone,SLE,Africa,Low income,1991,4246268.0,6361130421.0,1498.0520355757103,36.76660976,17869.59154,,,0.557,,,,
Sierra Leone,SLE,Africa,Low income,1992,4166368.0,5753194720.0,1380.865713254326,36.28707317,17089.14785,,,0.282,,,,
Sierra Leone,SLE,Africa,Low income,1993,4157128.0,5761167651.0,1385.8528414328352,35.95390244,15874.85587,,,0.264,,,,
Sierra Leone,SLE,Africa,Low income,1994,4173111.0,5967832311.0,1430.0679543391009,35.79273171,16208.10304,,,0.275,,,,
Sierra Leone,SLE,Africa,Low income,1995,4179178.0,5367842746.0,1284.4254889358624,35.82012195,15888.84579,,,0.224,,,,
Sierra Leone,SLE,Africa,Low income,1996,4199215.0,4041803222.0,962.5139989259898,36.034,15005.29051,,,0.231,,,,
Sierra Leone,SLE,Africa,Low income,1997,4253710.0,3333148709.0,783.5862597591279,36.39826829,16043.58842,,,0.205,,,,
Sierra Leone,SLE,Africa,Low income,1998,4295783.0,3306704220.0,769.7558791959464,36.87880488,15656.42081,,,0.22,,,,
Sierra Leone,SLE,Africa,Low income,1999,4318047.0,3041564615.0,704.3843235147741,37.45307317,14933.71038,,,0.176,,,,
Sierra Leone,SLE,Africa,Low income,2000,4423615.0,3156875905.0,713.641649420214,38.11160976,14458.42351,,,0.271,,,,
Sierra Leone,SLE,Africa,Low income,2001,4692715.0,3731874073.0,795.2483952253652,38.84646341,14170.98131,,,0.374,,,,
Sierra Leone,SLE,Africa,Low income,2002,4971435.0,4723203819.0,950.0685051700365,39.64663415,13919.40395,,,0.502,,,,
Sierra Leone,SLE,Africa,Low income,2003,5177686.0,5165014591.0,997.552688788003,40.48607317,13617.47213,,,0.539,,,,
Sierra Leone,SLE,Africa,Low income,2004,5355715.0,5509297894.0,1028.676450109836,41.33317073,13328.17446,,34.82679,0.52,,,3.62818503379822,
Sierra Leone,SLE,Africa,Low income,2005,5501707.0,5761186841.0,1047.1635150690504,42.14521951,12913.19519,,,0.432,,,3.58512735366821,
Sierra Leone,SLE,Africa,Low income,2006,5624464.0,6009264027.0,1068.4154129175686,42.88253659,12473.73095,,,0.575,,,2.99725103378296,
Sierra Leone,SLE,Africa,Low income,2007,5749353.0,6495486321.0,1129.7769194203242,43.5264878,11918.04814,,,0.487,,,,
Sierra Leone,SLE,Africa,Low income,2008,5894728.0,6848797957.0,1161.8513961967371,44.06746341,11305.35134,,,0.506,,,4.13395595550537,
Sierra Leone,SLE,Africa,Low income,2009,6055655.0,7073732794.0,1168.1201775860745,44.50143902,10822.45033,,,0.502,,,4.50164365768433,
Sierra Leone,SLE,Africa,Low income,2010,6222715.0,7455363914.0,1198.0886018401936,44.83895122,10368.02317,,,0.546,,,,
Sierra Leone,SLE,Africa,Low income,2011,6387258.0,7933356000.0,1242.059738310242,45.10258537,9914.786789,,,0.714,,,4.51429128646851,
Sierra Leone,SLE,Africa,Low income,2012,6551078.0,9134190000.0,1394.3033497693052,45.32904878,9518.973974,,,0.832,,,4.49997043609619,
Sierra Leone,SLE,Africa,Low income,2013,6714057.0,11029545000.0,1642.754149987109,45.55095122,8957.983051,,,1.052,,,4.90861797332764,
Sierra Leone,SLE,Africa,Low income,2014,6876385.0,11528208000.0,1676.4925175073822,,8613.687077,,47.186241,1.129,,,4.73295307159424,
Sierra Leone,SLE,Africa,Low income,2015,7037660.0,9188877000.0,1305.6721978612209,,8362.054481,,48.4319,1.084,,,4.08956241607666,
Sierra Leone,SLE,Africa,Low income,2016,7205339.0,9765347713.0,1355.2933058389065,,8133.368824,,,1.14,,,4.30568313598633,
Sierra Leone,SLE,Africa,Low income,2017,7379300.0,10128155156.0,1372.5089311994363,,7942.533669,,,1.096,,,3.44738149642944,
Sierra Leone,SLE,Africa,Low income,2018,7554568.0,10480967104.0,1387.3681597677062,,,,,1.037,,,,
Sierra Leone,SLE,Africa,Low income,2019,7731994.0,11031662186.0,1426.7551405239062,,,,,1.118,,11.45,3.84940004348755,
Sierra Leone,SLE,Africa,Low income,2020,7912557.0,10814455084.0,1366.745931056168,,,,,1.187,,,3.57399988174438,
Sierra Leone,SLE,Africa,Low income,2021,8094603.0,11258356071.0,1390.8472189432885,,,,,1.484,,,,
Sierra Leone,SLE,Africa,Low income,2022,8276809.0,11681270534.0,1411.3253711665934,,,,,1.444,,,,
Sierra Leone,SLE,Africa,Low income,2023,8460523.0,,,,,,,1.38,,,,
Singapore,SGP,Asia,High income,1990,3039593.0,69065570813.0,22721.979821969588,75.29512195,682.7733158,,89.096001,43.536,0.097,,,
Singapore,SGP,Asia,High income,1991,3136294.0,74103369043.0,23627.685747254563,75.64634146,580.2962719,,,44.235,0.275,,,
Singapore,SGP,Asia,High income,1992,3226461.0,80052595653.0,24811.270197594207,75.94634146,549.6329931,,,47.441,0.256,,,
Singapore,SGP,Asia,High income,1993,3317892.0,89698198294.0,27034.695009361367,76.04634146,509.9616977,,,49.662,0.235,,,
Singapore,SGP,Asia,High income,1994,3417818.0,100708565980.0,29465.748609200375,76.19756098,474.9450446,,,60.086,0.205,,,
Singapore,SGP,Asia,High income,1995,3533624.0,109097198275.0,30874.02572401591,76.29512195,445.815723,,,40.546,0.197,,,
Singapore,SGP,Asia,High income,1996,3664566.0,120135527253.0,32783.01639348288,76.59512195,423.7011511,,,48.013,0.195,,,
Singapore,SGP,Asia,High income,1997,3796629.0,132363368332.0,34863.392849814925,76.89756098,415.4430222,,,56.737,0.185,,,
Singapore,SGP,Asia,High income,1998,3901418.0,131914179626.0,33811.8549783694,77.3,441.356697,,,47.412,0.183,,,
Singapore,SGP,Asia,High income,1999,3966562.0,139187634120.0,35090.24543672833,77.55121951,464.5030384,,,49.2,0.185,,,
Singapore,SGP,Asia,High income,2000,4035251.0,152153574500.0,37706.09919928153,77.95121951,279.3321331,,92.5494,37.369,0.173,,,
Singapore,SGP,Asia,High income,2001,4116169.0,152550774197.0,37061.34859793172,78.25121951,176.1838753,,,38.525,0.295,,,
Singapore,SGP,Asia,High income,2002,4146898.0,157982989858.0,38096.666437901295,78.55121951,217.9105652,,,40.208,0.307,,,
Singapore,SGP,Asia,High income,2003,4138241.0,160287778605.0,38733.311715049946,79.03902439,245.7156854,,,39.534,0.341,,,
Singapore,SGP,Asia,High income,2004,4172767.0,175483138246.0,42054.38219914987,79.4902439,272.3188408,,,41.0,0.292,,6.46270275115967,
Singapore,SGP,Asia,High income,2005,4268363.0,190691514722.0,44675.56173690007,79.9902439,279.4948532,,,39.6,0.275,,6.83375453948975,
Singapore,SGP,Asia,High income,2006,4407064.0,211578605777.0,48008.970547511904,80.14146341,244.0590276,,,40.6,0.247,,6.64195680618286,
Singapore,SGP,Asia,High income,2007,4596516.0,237920174358.0,51760.98035077002,80.44146341,218.9568482,,,41.1,0.238,,6.14467668533325,
Singapore,SGP,Asia,High income,2008,4806742.0,252508208683.0,52532.09110932103,80.7902439,212.7838939,,,40.2,0.236,,6.53140163421631,
Singapore,SGP,Asia,High income,2009,4968574.0,256114472232.0,51546.87687694699,81.24146341,204.3089015,,,40.8,0.223,,6.56104183197021,
Singapore,SGP,Asia,High income,2010,5077020.0,297586792174.0,58614.46127334539,81.54146341,202.6499664,,95.85733,44.4,0.233,,,
Singapore,SGP,Asia,High income,2011,5182242.0,319718127421.0,61694.943505339965,81.74390244,207.0781473,,96.179337,47.0,0.231,,6.53320693969727,
Singapore,SGP,Asia,High income,2012,5293345.0,333899221028.0,63079.058899051546,81.99512195,188.8455052,,96.36306,46.1,0.242,,7.06236457824707,
Singapore,SGP,Asia,High income,2013,5385589.0,349985256634.0,64985.51163744579,82.34634146,157.8874785,,96.540154,47.0,0.265,,6.61952495574951,
Singapore,SGP,Asia,High income,2014,5457899.0,363759075569.0,66648.18743787674,,129.7679923,,96.71666,47.6,0.277,,6.03348064422607,
Singapore,SGP,Asia,High income,2015,5525343.0,374587437267.0,67794.42240364083,,119.8824868,,96.774628,49.4,0.292,,6.37843799591064,
Singapore,SGP,Asia,High income,2016,5577936.0,388078809982.0,69573.9086970521,,126.2217388,,,49.1,0.284,,6.3745641708374,
Singapore,SGP,Asia,High income,2017,5604087.0,405715948493.0,72396.44004331125,,129.2178014,,,50.1,0.277,,6.3783597946167,
Singapore,SGP,Asia,High income,2018,5634366.0,420221993120.0,74581.94819434875,,,,,50.3,0.274,,,
Singapore,SGP,Asia,High income,2019,5669562.0,425816263950.0,75105.67199900099,,,,,49.0,0.293,,6.37650012969971,
Singapore,SGP,Asia,High income,2020,5620151.0,409204971045.0,72810.31613652373,,,,,46.7,0.314,,6.48019981384277,
Singapore,SGP,Asia,High income,2021,5546291.0,445551993008.0,80333.32419954165,,,,,50.1,0.338,,,
Singapore,SGP,Asia,High income,2022,5649888.0,461801118473.0,81736.33149418182,,,,,48.934,0.521,,,
Singapore,SGP,Asia,High income,2023,5789092.0,,,,,,,51.068,0.493,,,
Sint Maarten (Dutch part),SXM,Americas,Not classified,1990,28079.0,,,,,,,0.534,,,,
Sint Maarten (Dutch part),SXM,Americas,Not classified,1991,30063.0,,,,,,,0.426,,,,
Sint Maarten (Dutch part),SXM,Americas,Not classified,1992,31589.0,,,,,,,0.351,,,,
Sint Maarten (Dutch part),SXM,Americas,Not classified,1993,32050.0,,,,,,,0.542,,,,
Sint Maarten (Dutch part),SXM,Americas,Not classified,1994,31941.0,,,,,,,0.52,,,,
Sint Maarten (Dutch part),SXM,Americas,Not classified,1995,31796.0,,,,,,,0.514,,,,
Sint Maarten (Dutch part),SXM,Americas,Not classified,1996,31622.0,,,,,,,0.481,,,,
Sint Maarten (Dutch part),SXM,Americas,Not classified,1997,31421.0,,,,,,,0.503,,,,
Sint Maarten (Dutch part),SXM,Americas,Not classified,1998,31215.0,,,,,,,0.028,,,,
Sint Maarten (Dutch part),SXM,Americas,Not classified,1999,30998.0,,,,,,,0.208,,,,
Sint Maarten (Dutch part),SXM,Americas,Not classified,2000,30796.0,,,,,,,0.553,,,,
Sint Maarten (Dutch part),SXM,Americas,Not classified,2001,30751.0,,,,,,,0.563,,,,
Sint Maarten (Dutch part),SXM,Americas,Not classified,2002,30986.0,,,,,,,0.542,,,,
Sint Maarten (Dutch part),SXM,Americas,Not classified,2003,31346.0,,,,,,,0.543,,,,
Sint Maarten (Dutch part),SXM,Americas,Not classified,2004,31714.0,,,,,,,0.57,,,,
Sint Maarten (Dutch part),SXM,Americas,Not classified,2005,32083.0,,,,,,,0.564,,,,
Sint Maarten (Dutch part),SXM,Americas,Not classified,2006,32448.0,,,,,,,0.588,,,,
Sint Maarten (Dutch part),SXM,Americas,Not classified,2007,32811.0,,,74.54390244,,,,0.662,,,,
Sint Maarten (Dutch part),SXM,Americas,Not classified,2008,33165.0,,,74.53658537,,,,0.637,,,,
Sint Maarten (Dutch part),SXM,Americas,Not classified,2009,33514.0,,,75.58780488,,,,0.652,,,,
Sint Maarten (Dutch part),SXM,Americas,Not classified,2010,33814.0,,,,,,,0.449,,,,
Sint Maarten (Dutch part),SXM,Americas,Not classified,2011,34288.0,,,,,,,0.573,,,,
Sint Maarten (Dutch part),SXM,Americas,Not classified,2012,35040.0,,,,,,,0.7,,,,
Sint Maarten (Dutch part),SXM,Americas,Not classified,2013,35871.0,,,,,,,0.714,,,,
Sint Maarten (Dutch part),SXM,Americas,Not classified,2014,36695.0,,,,,,,0.725,,,,
Sint Maarten (Dutch part),SXM,Americas,Not classified,2015,37490.0,,,,,,,0.744,,,,
Sint Maarten (Dutch part),SXM,Americas,Not classified,2016,38274.0,,,,,,,0.747,,,,
Sint Maarten (Dutch part),SXM,Americas,Not classified,2017,39012.0,,,,,,,0.703,,,,
Sint Maarten (Dutch part),SXM,Americas,Not classified,2018,39736.0,,,,,,,0.685,,,,
Sint Maarten (Dutch part),SXM,Americas,Not classified,2019,40410.0,,,,,,,0.689,,,,
Sint Maarten (Dutch part),SXM,Americas,Not classified,2020,41027.0,,,,,,,0.652,,,,
Sint Maarten (Dutch part),SXM,Americas,Not classified,2021,41593.0,,,,,,,0.682,,,,
Sint Maarten (Dutch part),SXM,Americas,Not classified,2022,42163.0,,,,,,,0.692,,,,
Sint Maarten (Dutch part),SXM,Americas,Not classified,2023,42775.0,,,,,,,0.691,,,,
Slovakia,SVK,Europe,High income,1990,5266077.0,65119612994.0,12365.867987498093,70.93268293,1220.612987,,,61.529,2.112,,,
Slovakia,SVK,Europe,High income,1991,5284876.0,55297380289.0,10463.325968102185,70.88292683,1261.911957,,,53.334,1.768,,,
Slovakia,SVK,Europe,High income,1992,5306445.0,51864851101.0,9773.93548807158,71.79512195,1176.095924,,,48.931,2.529,,,
Slovakia,SVK,Europe,High income,1993,5326363.0,55439229551.0,10408.458745864673,72.44878049,1045.269842,,,46.394,4.615,,,
Slovakia,SVK,Europe,High income,1994,5343230.0,58762730616.0,10997.604560537353,72.3,1012.846462,,,43.804,5.892,,,
Slovakia,SVK,Europe,High income,1995,5354287.0,63261333115.0,11815.080722232484,72.25365854,1002.15804,,,44.194,6.511,,,
Slovakia,SVK,Europe,High income,1996,5362430.0,67378056744.0,12564.836602808802,72.65365854,954.7230233,,,44.076,5.597,,,
Slovakia,SVK,Europe,High income,1997,5369781.0,71311497148.0,13280.150000158294,72.70487805,861.7513813,,,44.147,5.482,,,
Slovakia,SVK,Europe,High income,1998,5374801.0,74015465370.0,13770.828979528731,72.55121951,845.8140507,,,43.878,5.696,,,
Slovakia,SVK,Europe,High income,1999,5378105.0,73695869861.0,13702.94366900609,72.90243902,804.2744946,,,43.088,5.926,,,
Slovakia,SVK,Europe,High income,2000,5380001.0,74595099937.0,13865.257634152857,73.05121951,777.0807861,,,41.187,5.923,,,
Slovakia,SVK,Europe,High income,2001,5379439.0,76744257548.0,14266.219497609323,73.40243902,662.2190474,,,43.273,6.48,,,
Slovakia,SVK,Europe,High income,2002,5377685.0,80059373942.0,14887.330504110969,73.60487805,709.7949053,,,42.034,6.658,,,
Slovakia,SVK,Europe,High income,2003,5376197.0,84281952821.0,15676.872112573255,73.60487805,761.9286497,,,42.359,4.499,,,
Slovakia,SVK,Europe,High income,2004,5376038.0,88594621302.0,16479.537775216617,73.95853659,731.3216464,,99.599998,42.857,5.248,,5.26467657089233,
Slovakia,SVK,Europe,High income,2005,5376697.0,94444699022.0,17565.560979538182,73.90487805,710.580019,,,42.857,5.658,,,
Slovakia,SVK,Europe,High income,2006,5376847.0,102275719553.0,19021.504527281508,74.20487805,664.8973375,,,42.639,6.177,,,
Slovakia,SVK,Europe,High income,2007,5376993.0,113160253049.0,21045.266945484214,74.20731707,635.9484984,,,41.032,6.844,,,
Slovakia,SVK,Europe,High income,2008,5379127.0,119380219073.0,22193.233041904383,74.70487805,614.210897,,,41.425,6.238,,6.05222320556641,
Slovakia,SVK,Europe,High income,2009,5385074.0,112760232233.0,20939.402547300186,74.9097561,606.8777551,,,37.681,7.41,,5.94504833221436,
Slovakia,SVK,Europe,High income,2010,5391857.0,118344324253.0,21948.71344937375,75.11219512,557.4770981,,,38.464,8.314,,5.91105937957764,
Slovakia,SVK,Europe,High income,2011,5398105.0,120554965758.0,22332.83082822583,75.95853659,509.039991,,,38.045,7.51,,5.93652725219727,
Slovakia,SVK,Europe,High income,2012,5404877.0,122144694992.0,22598.97773658864,76.1097561,529.9603434,,,35.961,8.349,,6.13887310028076,
Slovakia,SVK,Europe,High income,2013,5410422.0,122917618179.0,22718.67484255387,76.26097561,539.0601066,,,35.622,9.315,,6.1620044708252,
Slovakia,SVK,Europe,High income,2014,5415238.0,126232947119.0,23310.692368276334,,564.7554858,,,33.708,10.176,,5.99316310882568,
Slovakia,SVK,Europe,High income,2015,5420278.0,132755573802.0,24492.392051108818,,542.6556964,,,34.528,9.931,,6.36550903320312,
Slovakia,SVK,Europe,High income,2016,5427262.0,135336424966.0,24936.40899702281,,521.7308587,,,34.978,10.577,,6.23511075973511,
Slovakia,SVK,Europe,High income,2017,5435702.0,139312659832.0,25629.19376963638,,477.7632175,,,36.184,9.896,,6.2434287071228,
Slovakia,SVK,Europe,High income,2018,5443229.0,144927513498.0,26625.283172543357,,,,,36.184,9.047,,6.51909828186035,
Slovakia,SVK,Europe,High income,2019,5450627.0,148579167627.0,27259.096545590077,,,,,33.853,10.549,,6.33090019226074,
Slovakia,SVK,Europe,High income,2020,5455028.0,143565091421.0,26317.938500224012,,,,,31.176,11.039,,6.39069986343384,
Slovakia,SVK,Europe,High income,2021,5442766.0,147892579134.0,27172.31994430773,,,,,35.251,10.213,,,
Slovakia,SVK,Europe,High income,2022,5473195.0,150360426456.0,27472.1486181289,,,,,31.589,9.672,,,
Slovakia,SVK,Europe,High income,2023,5518057.0,,,,,,,30.766,10.553,,,
Slovenia,SVN,Europe,High income,1990,1998010.0,36026961823.0,18031.422176565684,73.20487805,785.2636018,,,15.097,12.088,,,
Slovenia,SVN,Europe,High income,1991,1999191.0,32795388629.0,16404.32986593077,73.35365854,744.8217052,,99.524521,13.977,14.667,,,
Slovenia,SVN,Europe,High income,1992,1995862.0,30913203776.0,15488.647900506146,73.30487805,705.4348298,,,13.886,14.881,,,
Slovenia,SVN,Europe,High income,1993,1990815.0,31743130038.0,15944.791473843627,73.25365854,648.7389981,,,14.254,12.808,,,
Slovenia,SVN,Europe,High income,1994,1988262.0,33346742100.0,16771.80477220809,73.40487805,609.2834811,,,14.639,13.491,,,
Slovenia,SVN,Europe,High income,1995,1988098.0,35684022325.0,17948.824617800532,73.95853659,554.1805948,,,15.357,12.293,,,
Slovenia,SVN,Europe,High income,1996,1986792.0,36825997171.0,18535.406409427862,74.45853659,515.8434949,,,16.003,13.217,,,
Slovenia,SVN,Europe,High income,1997,1984404.0,38526556210.0,19414.67373075241,74.70731707,497.382054,,,16.513,10.88,,,
Slovenia,SVN,Europe,High income,1998,1980071.0,39631442356.0,20015.16226236332,74.80731707,489.772648,,,16.045,12.121,,,
Slovenia,SVN,Europe,High income,1999,1981198.0,41542298475.0,20968.2719622168,75.0097561,464.8539243,,,15.419,13.415,,,
Slovenia,SVN,Europe,High income,2000,1986817.0,43078787444.0,21682.312686070232,75.41219512,449.727185,,,15.06,14.026,,,
Slovenia,SVN,Europe,High income,2001,1989684.0,44148368411.0,22188.63317541881,75.75853659,417.9335368,,,16.309,13.181,,,
Slovenia,SVN,Europe,High income,2002,1991571.0,45659924240.0,22926.586217614135,76.00731707,404.1625594,,,16.571,11.619,,,
Slovenia,SVN,Europe,High income,2003,1992499.0,46758348275.0,23467.18782543931,76.85853659,391.2147528,,,16.278,10.627,,,
Slovenia,SVN,Europe,High income,2004,1993548.0,48578174459.0,24367.697421381377,77.20731707,382.2878043,,99.651787,16.711,13.64,,5.8112645149231,
Slovenia,SVN,Europe,High income,2005,1996915.0,50309132737.0,25193.42723000228,77.61219512,378.6413468,,,16.942,11.438,,,
Slovenia,SVN,Europe,High income,2006,2003116.0,52944721543.0,26431.18099151522,78.08658537,344.6771683,,,17.184,11.735,,,
Slovenia,SVN,Europe,High income,2007,2014159.0,56590130937.0,28096.15871289208,78.56097561,317.9428036,,,17.349,10.853,,5.83016061782837,
Slovenia,SVN,Europe,High income,2008,2025090.0,57981920900.0,28631.774834698706,78.76585366,285.2299738,,,18.285,12.746,,6.08255529403687,
Slovenia,SVN,Europe,High income,2009,2035610.0,53266134006.0,26167.160706618655,78.97073171,266.7625247,,,16.209,15.641,,6.035964012146,
Slovenia,SVN,Europe,High income,2010,2044611.0,53649775101.0,26239.600149368267,79.42195122,259.4542003,,,16.466,15.228,,6.06289100646973,
Slovenia,SVN,Europe,High income,2011,2048805.0,53761447942.0,26240.39278603869,79.97073171,250.4717645,,,16.364,12.763,,5.97488880157471,
Slovenia,SVN,Europe,High income,2012,2053322.0,52342432631.0,25491.58516345707,80.12439024,222.0434211,,,15.765,14.747,,5.67839527130127,
Slovenia,SVN,Europe,High income,2013,2056452.0,51803647300.0,25190.78845506727,80.27804878,229.0880895,,,15.137,17.451,,5.74064207077026,
Slovenia,SVN,Europe,High income,2014,2058395.0,53237651266.0,25863.67109616959,,198.7737667,,99.710052,13.568,21.441,,5.93682146072388,
Slovenia,SVN,Europe,High income,2015,2059946.0,54414237086.0,26415.37063884199,,184.9372565,,99.71476,13.659,15.619,,6.16683769226074,
Slovenia,SVN,Europe,High income,2016,2061379.0,56151179265.0,27239.619334920942,,183.3232276,,,14.468,16.631,,6.24941921234131,
Slovenia,SVN,Europe,High income,2017,2062410.0,58855036945.0,28537.02074029897,,166.0980378,,,14.637,14.55,,6.66527366638184,
Slovenia,SVN,Europe,High income,2018,2069484.0,61476689663.0,29706.288941108025,,,,,14.563,17.278,,6.46207618713379,
Slovenia,SVN,Europe,High income,2019,2083438.0,63598215879.0,30525.610015272832,,,,,14.053,17.43,,6.46070003509521,
Slovenia,SVN,Europe,High income,2020,2102421.0,60849951865.0,28942.800640309433,,,,,12.873,19.778,,6.63009977340698,
Slovenia,SVN,Europe,High income,2021,2113495.0,65846342756.0,31155.192113537058,,,,,13.076,19.61,,,
Slovenia,SVN,Europe,High income,2022,2115231.0,69385349463.0,32802.729093418166,,,,,12.728,15.912,,,
Slovenia,SVN,Europe,High income,2023,2118394.0,,,,,,,12.012,23.026,,,
Solomon Islands,SLB,Oceania,Lower middle income,1990,331448.0,,,56.7047561,3496.864835,,,0.147,,,,
Solomon Islands,SLB,Oceania,Lower middle income,1991,341743.0,,,57.21385366,3437.913778,,,0.154,,,,
Solomon Islands,SLB,Oceania,Lower middle income,1992,352215.0,,,57.82112195,3350.54358,,,0.161,,,,
Solomon Islands,SLB,Oceania,Lower middle income,1993,362850.0,,,58.45458537,3262.151188,,,0.172,,,,
Solomon Islands,SLB,Oceania,Lower middle income,1994,373685.0,,,59.08373171,3169.847834,,,0.183,,,,
Solomon Islands,SLB,Oceania,Lower middle income,1995,384744.0,,,59.69595122,3066.855828,,,0.191,,,,
Solomon Islands,SLB,Oceania,Lower middle income,1996,396017.0,,,60.29658537,2995.525567,,,0.198,,,,
Solomon Islands,SLB,Oceania,Lower middle income,1997,407480.0,,,60.90860976,2935.88291,,,0.205,,,,
Solomon Islands,SLB,Oceania,Lower middle income,1998,419078.0,,,61.54363415,2884.489367,,,0.213,,,,
Solomon Islands,SLB,Oceania,Lower middle income,1999,430511.0,,,62.19087805,2845.5187,,76.599998,0.22,,,,
Solomon Islands,SLB,Oceania,Lower middle income,2000,440481.0,,,62.83673171,2839.762385,,,0.227,,,,
Solomon Islands,SLB,Oceania,Lower middle income,2001,449137.0,,,63.46560976,2821.74178,,,0.238,,,,
Solomon Islands,SLB,Oceania,Lower middle income,2002,457676.0,,,64.06236585,2817.294824,,,0.245,,,,
Solomon Islands,SLB,Oceania,Lower middle income,2003,466164.0,,,64.61409756,2800.477473,,,0.256,,,,
Solomon Islands,SLB,Oceania,Lower middle income,2004,474618.0,,,65.11287805,2789.027187,,,0.275,,,,
Solomon Islands,SLB,Oceania,Lower middle income,2005,483090.0,,,65.5534878,2760.176271,,,0.282,,,,
Solomon Islands,SLB,Oceania,Lower middle income,2006,491602.0,,,65.93512195,2708.870272,,,0.293,,,,
Solomon Islands,SLB,Oceania,Lower middle income,2007,500168.0,,,66.26780488,2654.489535,,,0.3,,,,
Solomon Islands,SLB,Oceania,Lower middle income,2008,508802.0,,,66.56221951,2577.736233,,,0.311,,,,
Solomon Islands,SLB,Oceania,Lower middle income,2009,518150.0,,,66.82568293,2517.305319,,,0.322,,,,
Solomon Islands,SLB,Oceania,Lower middle income,2010,532976.0,,,67.06665854,2439.508159,,,0.333,,,,
Solomon Islands,SLB,Oceania,Lower middle income,2011,552958.0,,,67.29221951,2349.137014,,84.099998,0.348,,,,
Solomon Islands,SLB,Oceania,Lower middle income,2012,573623.0,,,67.50707317,2271.749822,,,0.344,,,,
Solomon Islands,SLB,Oceania,Lower middle income,2013,594952.0,,,67.71690244,2206.606687,,,0.377,,,,
Solomon Islands,SLB,Oceania,Lower middle income,2014,616915.0,,,,2158.349015,,,0.33,,,,
Solomon Islands,SLB,Oceania,Lower middle income,2015,639423.0,,,,2082.482538,,,0.297,,,,
Solomon Islands,SLB,Oceania,Lower middle income,2016,662387.0,,,,2017.951666,,,0.293,,,,
Solomon Islands,SLB,Oceania,Lower middle income,2017,685677.0,,,,1967.25607,,,0.289,,,,
Solomon Islands,SLB,Oceania,Lower middle income,2018,709109.0,,,,,,,0.293,,,,
Solomon Islands,SLB,Oceania,Lower middle income,2019,728156.0,,,,,,,0.297,,,,
Solomon Islands,SLB,Oceania,Lower middle income,2020,744505.0,,,,,,,0.293,,,,
Solomon Islands,SLB,Oceania,Lower middle income,2021,762594.0,,,,,,,0.289,,,,
Solomon Islands,SLB,Oceania,Lower middle income,2022,781075.0,,,,,,,0.283,,,,
Solomon Islands,SLB,Oceania,Lower middle income,2023,800014.0,,,,,,,0.282,,,,
Somalia,SOM,Africa,Low income,1990,7082816.0,,,45.38934146,13709.60138,,,0.782,,,,
Somalia,SOM,Africa,Low income,1991,6813762.0,,,45.27087805,14697.27307,,,0.708,,,,
Somalia,SOM,Africa,Low income,1992,6495109.0,,,45.37231707,14015.17434,,,0.666,,,,
Somalia,SOM,Africa,Low income,1993,6681406.0,,,45.73321951,13549.52296,,,0.626,,,,
Somalia,SOM,Africa,Low income,1994,7026804.0,,,46.34804878,13684.6957,,,0.618,,,,
Somalia,SOM,Africa,Low income,1995,7285013.0,,,47.16182927,13206.9651,,,0.585,,,,
Somalia,SOM,Africa,Low income,1996,7554476.0,,,48.07760976,12985.05198,,,0.575,,,,
Somalia,SOM,Africa,Low income,1997,7824531.0,,,48.97643902,12529.77113,,,0.535,,,,
Somalia,SOM,Africa,Low income,1998,8155414.0,,,49.76382927,11870.44977,,,0.506,,,,
Somalia,SOM,Africa,Low income,1999,8492066.0,,,50.40126829,11385.51068,,,0.487,,,,
Somalia,SOM,Africa,Low income,2000,8838714.0,,,50.87826829,10915.3321,,,0.509,,,,
Somalia,SOM,Africa,Low income,2001,9198495.0,,,51.22280488,10356.1713,,37.799999,0.542,,,,
Somalia,SOM,Africa,Low income,2002,9550069.0,,,51.50185366,9777.428082,,,0.575,,,,
Somalia,SOM,Africa,Low income,2003,9909161.0,,,51.77190244,9220.613658,,,0.605,,,,
Somalia,SOM,Africa,Low income,2004,10281001.0,,,52.05290244,8751.859262,,,0.627,,,,
Somalia,SOM,Africa,Low income,2005,10644234.0,,,52.35585366,8329.435992,,,0.649,,,,
Somalia,SOM,Africa,Low income,2006,10975502.0,,,52.68278049,7954.463811,,,0.671,,,,
Somalia,SOM,Africa,Low income,2007,11322581.0,,,53.01865854,7827.130879,,,0.692,,,,
Somalia,SOM,Africa,Low income,2008,11663090.0,,,53.3545122,7460.377583,,,0.722,,,,
Somalia,SOM,Africa,Low income,2009,11961205.0,,,53.68934146,7218.349352,,,0.744,,,,
Somalia,SOM,Africa,Low income,2010,12261761.0,,,54.02365854,8154.359616,,,0.777,,,,
Somalia,SOM,Africa,Low income,2011,12348829.0,,,54.35795122,8174.991575,,,0.81,,,,
Somalia,SOM,Africa,Low income,2012,12461163.0,,,54.6912439,6813.743709,,,0.832,,,5.52827262878418,
Somalia,SOM,Africa,Low income,2013,12869599.0,,,55.0245122,6537.013548,,,0.857,,,5.35364484786987,
Somalia,SOM,Africa,Low income,2014,13339497.0,,,,6298.825557,,,0.887,,,4.66794109344482,
Somalia,SOM,Africa,Low income,2015,13806969.0,,,,6057.698041,,,0.923,,,,
Somalia,SOM,Africa,Low income,2016,14348741.0,,,,5835.560361,,,0.956,,,,
Somalia,SOM,Africa,Low income,2017,14916630.0,,,,5708.750822,,,0.993,,,,
Somalia,SOM,Africa,Low income,2018,15452489.0,,,,,,,1.033,,,,
Somalia,SOM,Africa,Low income,2019,16030969.0,,,,,,,1.07,,7.67,,
Somalia,SOM,Africa,Low income,2020,16651200.0,,,,,,,1.14,,,,
Somalia,SOM,Africa,Low income,2021,17271435.0,,,,,,,1.154,,,,
Somalia,SOM,Africa,Low income,2022,17801895.0,,,,,,,1.271,,,,
Somalia,SOM,Africa,Low income,2023,18358622.0,,,,,,,1.296,,,,
South Africa,ZAF,Africa,Upper middle income,1990,40746274.0,235128506976.0,5770.552344884344,62.12007317,5899.037161,,,312.934,0.273,,,
South Africa,ZAF,Africa,Upper middle income,1991,41687903.0,237880804016.0,5706.230990222752,62.29480488,5618.630878,,,326.03,0.539,,,
South Africa,ZAF,Africa,Upper middle income,1992,42443510.0,238567245851.0,5620.818020257985,62.32517073,5424.41335,,,301.329,0.204,,,
South Africa,ZAF,Africa,Upper middle income,1993,43297155.0,247203444018.0,5709.461603608828,62.19373171,5342.970531,,,320.353,0.04,,,
South Africa,ZAF,Africa,Upper middle income,1994,44004140.0,261851802567.0,5950.617432064347,61.88797561,5358.229817,,,338.701,0.279,,,
South Africa,ZAF,Africa,Upper middle income,1995,44541557.0,277583803133.0,6232.01840773101,61.37002439,5353.91192,,,361.712,0.132,,,
South Africa,ZAF,Africa,Upper middle income,1996,45123023.0,296908021392.0,6579.9674235478415,60.60546341,5296.068961,,82.4021,363.732,0.338,,,
South Africa,ZAF,Africa,Upper middle income,1997,45666835.0,311987478453.0,6831.817410884726,59.61319512,5269.183988,,,385.215,0.538,,,
South Africa,ZAF,Africa,Upper middle income,1998,46223888.0,320149741740.0,6926.066923232421,58.44302439,5301.907749,,,377.273,0.45,,,
South Africa,ZAF,Africa,Upper middle income,1999,46730331.0,334638442219.0,7161.054395677189,57.15668293,5401.940146,,,374.869,0.223,,,
South Africa,ZAF,Africa,Upper middle income,2000,47159715.0,356072104365.0,7550.344703419009,55.83687805,5593.767949,,,378.333,0.386,,,
South Africa,ZAF,Africa,Upper middle income,2001,47566805.0,374889022813.0,7881.316031484562,54.57080488,5725.028588,,,371.602,0.513,,,
South Africa,ZAF,Africa,Upper middle income,2002,48019414.0,396137571619.0,8249.52948444977,53.44119512,5804.022024,,,356.501,0.661,,,
South Africa,ZAF,Africa,Upper middle income,2003,48500351.0,413710071358.0,8530.04283119518,52.5237561,5803.623203,,,404.406,0.328,,,
South Africa,ZAF,Africa,Upper middle income,2004,48991420.0,439265862379.0,8966.1794326231,51.8737561,5720.370528,,,449.322,0.327,,5.08398675918579,
South Africa,ZAF,Africa,Upper middle income,2005,49490041.0,470188845104.0,9500.676006794984,51.55734146,5585.684949,,,416.205,0.384,,5.20445442199707,
South Africa,ZAF,Africa,Upper middle income,2006,49998271.0,505574497707.0,10111.839621554112,51.61370732,5379.469268,,,446.744,0.692,,5.34630680084229,
South Africa,ZAF,Africa,Upper middle income,2007,50528575.0,542976204451.0,10745.923558125278,51.9965122,5105.709581,,88.717247,465.034,0.723,,5.21843099594116,
South Africa,ZAF,Africa,Upper middle income,2008,51114595.0,571660802378.0,11183.90554357322,52.63602439,4892.811012,,,494.673,0.373,,4.65242862701416,
South Africa,ZAF,Africa,Upper middle income,2009,51728518.0,574768021657.0,11111.240837346239,53.46709756,4489.552218,,92.894859,474.512,0.39,,4.93051147460938,
South Africa,ZAF,Africa,Upper middle income,2010,52344047.0,607601612432.0,11607.845538423882,54.3907561,4008.478784,,92.877319,467.353,0.31,,5.13388776779175,
South Africa,ZAF,Africa,Upper middle income,2011,52995212.0,645388107070.0,12178.234272749018,55.29565854,3595.605137,,93.102142,474.273,0.692,,3.66072726249695,
South Africa,ZAF,Africa,Upper middle income,2012,53782570.0,660853021773.0,12287.494289934453,56.09831707,3391.135271,,93.729469,461.438,0.358,,4.82845640182495,
South Africa,ZAF,Africa,Upper middle income,2013,54678789.0,677278303675.0,12386.490558066309,56.73658537,3152.612566,,,456.188,0.397,,4.88732576370239,
South Africa,ZAF,Africa,Upper middle income,2014,55594840.0,686853872664.0,12354.633499511825,,3001.764384,,94.1399,481.638,0.81,,4.76973962783813,
South Africa,ZAF,Africa,Upper middle income,2015,56723536.0,695933197143.0,12268.861326681044,,2912.19409,,94.597939,457.473,1.29,,4.51365518569946,
South Africa,ZAF,Africa,Upper middle income,2016,57259550.0,700558003750.0,12234.78011528208,,2642.918701,,,457.05,1.482,,4.88392210006714,
South Africa,ZAF,Africa,Upper middle income,2017,57635158.0,708670169977.0,12295.796429967279,,2400.860333,,,440.01,2.16,,5.03486347198486,
South Africa,ZAF,Africa,Upper middle income,2018,58613001.0,719458334697.0,12274.722713771302,,,,,453.766,2.29,,4.94680070877075,
South Africa,ZAF,Africa,Upper middle income,2019,59587880.0,721641639539.0,12110.54394851772,,,,,470.727,2.24,53.71,4.95639991760254,
South Africa,ZAF,Africa,Upper middle income,2020,60562374.0,675871755463.0,11159.928365143018,,,,,435.298,2.582,,5.1939001083374,
South Africa,ZAF,Africa,Upper middle income,2021,61502602.0,709077881289.0,11529.233857276478,,,,,439.464,3.247,,,
South Africa,ZAF,Africa,Upper middle income,2022,62378417.0,723559323969.0,11599.514042958159,,,,,428.782,3.648,,,
South Africa,ZAF,Africa,Upper middle income,2023,63212386.0,,,,,,,436.604,3.757,,,
South Korea,KOR,Asia,High income,1990,44081425.0,594764506000.0,13492.406518164964,71.2997561,581.9723024,,,250.511,1.211,,,
South Korea,KOR,Asia,High income,1991,44439146.0,651871510125.0,14668.857725686268,71.7302439,538.2811354,,,275.688,0.793,,,
South Korea,KOR,Asia,High income,1992,44653699.0,687368661445.0,15393.31963170621,72.2004878,502.740334,,,299.905,0.627,,,
South Korea,KOR,Asia,High income,1993,44887721.0,729369247675.0,16248.747573417684,72.68195122,477.6871912,,,330.174,0.78,,,
South Korea,KOR,Asia,High income,1994,45130842.0,791073852664.0,17528.453217513645,73.04317073,460.621311,,,355.695,0.401,,,
South Korea,KOR,Asia,High income,1995,45368425.0,860793752056.0,18973.41051746892,73.39439024,440.2332574,,,383.665,0.476,,,
South Korea,KOR,Asia,High income,1996,45638701.0,919812618896.0,20154.2243477964,73.83121951,423.6303384,,,420.996,0.408,,,
South Korea,KOR,Asia,High income,1997,45941541.0,967604910890.0,21061.65552631332,74.24780488,410.6063606,,,444.968,0.377,,,
South Korea,KOR,Asia,High income,1998,46230885.0,908368091121.0,19648.511836210793,74.6802439,413.6498022,,,378.038,0.617,,,
South Korea,KOR,Asia,High income,1999,46500382.0,1004162502333.0,21594.715121544592,75.37341463,447.5022318,,,410.519,0.556,,,
South Korea,KOR,Asia,High income,2000,46766660.0,1086261690312.0,23227.266824528415,75.83536585,468.4719917,,,439.981,0.508,,,
South Korea,KOR,Asia,High income,2001,47043467.0,1127616204375.0,23969.666274277788,76.34195122,500.3545603,,,455.631,0.293,,,
South Korea,KOR,Asia,High income,2002,47299118.0,1203066586464.0,25435.285843258218,76.83902439,518.4294711,,,476.065,0.393,,,
South Korea,KOR,Asia,High income,2003,47514158.0,1229830453921.0,25883.452547364934,77.2502439,526.7049097,,,485.213,0.562,,,
South Korea,KOR,Asia,High income,2004,47697076.0,1281243847324.0,26862.104656562176,77.84658537,495.1236519,,,491.389,0.499,,5.33217763900757,
South Korea,KOR,Asia,High income,2005,47851646.0,1322354601142.0,27634.464259432163,78.43268293,445.0688911,,,498.688,0.421,,5.7672758102417,
South Korea,KOR,Asia,High income,2006,48006518.0,1381281470156.0,28772.790189782147,78.96926829,417.5129336,,,503.478,0.42,,5.38962459564209,
South Korea,KOR,Asia,High income,2007,48178122.0,1446721509093.0,30028.599061893696,79.3495122,398.289334,,,521.709,0.477,,5.64768981933594,
South Korea,KOR,Asia,High income,2008,48356485.0,1477425172333.0,30552.782575760004,79.83268293,369.3321176,,97.965942,532.651,0.502,,6.11602449417114,
South Korea,KOR,Asia,High income,2009,48546690.0,1477640571750.0,30437.51431354022,80.29731707,342.4243085,,,537.82,0.545,,6.94659900665283,
South Korea,KOR,Asia,High income,2010,48769329.0,1562822824921.0,32045.1984262691,80.55121951,334.721351,,,594.339,0.63,,6.00328683853149,
South Korea,KOR,Asia,High income,2011,49127640.0,1609219825000.0,32755.89515392964,80.96707317,319.4206687,,,623.443,0.743,,5.9588098526001,
South Korea,KOR,Asia,High income,2012,49599580.0,1647889319531.0,33223.85632158579,81.21341463,304.5256199,,,627.943,0.816,,5.80132532119751,
South Korea,KOR,Asia,High income,2013,50071168.0,1700045113031.0,33952.57552272398,81.4597561,292.8113604,,,634.581,0.999,,5.78021144866943,
South Korea,KOR,Asia,High income,2014,50539055.0,1754480590300.0,34715.342229885384,,289.351464,,,629.366,1.259,,5.97056436538696,
South Korea,KOR,Asia,High income,2015,50983909.0,1803763858886.0,35379.08124867397,,278.703905,,,634.177,1.451,,5.87388706207275,
South Korea,KOR,Asia,High income,2016,51297836.0,1856920794289.0,36198.813421466744,,270.0966583,,,637.914,1.65,,5.84023141860962,
South Korea,KOR,Asia,High income,2017,51486268.0,1915599559593.0,37206.02859762529,,269.2028526,,,654.537,1.971,,5.90281677246094,
South Korea,KOR,Asia,High income,2018,51640894.0,1971285914824.0,38172.96259092649,,,,,670.169,2.384,,5.79269552230835,
South Korea,KOR,Asia,High income,2019,51767844.0,2015521635585.0,38933.85313834975,,,,,646.102,2.807,,5.84549999237061,
South Korea,KOR,Asia,High income,2020,51858481.0,2001231642062.0,38590.24798782672,,,,,597.634,3.466,,5.93510007858276,
South Korea,KOR,Asia,High income,2021,51848401.0,2084182684453.0,40197.62700980885,,,,,616.075,3.877,,,
South Korea,KOR,Asia,High income,2022,51782515.0,2137558645699.0,41279.54475944245,,,,,606.877,4.333,,,
South Korea,KOR,Asia,High income,2023,51748744.0,,,,,,,589.178,4.66,,,
South Sudan,SSD,Africa,Low income,1990,4737637.0,,,43.52326829,11297.29083,,,0.419,,,,
South Sudan,SSD,Africa,Low income,1991,4836686.0,,,44.22843902,11139.758,,,0.393,,,,
South Sudan,SSD,Africa,Low income,1992,4909746.0,,,44.92712195,10963.25246,,,0.351,,,,
South Sudan,SSD,Africa,Low income,1993,4956006.0,,,45.60436585,10767.15752,,,0.242,,,,
South Sudan,SSD,Africa,Low income,1994,5071191.0,,,46.24812195,10524.07989,,,0.333,,,,
South Sudan,SSD,Africa,Low income,1995,5225840.0,,,46.84843902,10291.04245,,,0.344,,,,
South Sudan,SSD,Africa,Low income,1996,5356925.0,,,47.39885366,10042.26064,,,0.355,,,,
South Sudan,SSD,Africa,Low income,1997,5509142.0,,,47.90736585,9884.641617,,,0.435,,,,
South Sudan,SSD,Africa,Low income,1998,5620077.0,,,48.3804878,9620.63844,,,0.377,,,,
South Sudan,SSD,Africa,Low income,1999,5771632.0,,,48.82219512,9350.625636,,,0.409,,,,
South Sudan,SSD,Africa,Low income,2000,6032274.0,,,49.2344878,9092.39336,,,0.445,,,,
South Sudan,SSD,Africa,Low income,2001,6308399.0,,,49.61987805,8851.39402,,,0.511,,,,
South Sudan,SSD,Africa,Low income,2002,6596810.0,,,49.98531707,8663.119607,,,0.652,,,,
South Sudan,SSD,Africa,Low income,2003,6903129.0,,,50.3422439,8520.969328,,,0.728,,,,
South Sudan,SSD,Africa,Low income,2004,7233040.0,,,50.70112195,8402.359373,,,0.92,,,,
South Sudan,SSD,Africa,Low income,2005,7590147.0,,,51.07590244,8322.149994,,,0.882,,,,
South Sudan,SSD,Africa,Low income,2006,7976532.0,,,51.48102439,8483.708097,,,0.965,,,,
South Sudan,SSD,Africa,Low income,2007,8388785.0,,,51.92146341,8356.611876,,,1.134,,,,
South Sudan,SSD,Africa,Low income,2008,8817645.0,,,52.39919512,8267.162731,,26.83128,1.198,,,,
South Sudan,SSD,Africa,Low income,2009,9243560.0,,,52.91470732,8233.44366,,,1.248,,,,
South Sudan,SSD,Africa,Low income,2010,9745955.0,,,53.465,8135.912285,,,1.27,,,,
South Sudan,SSD,Africa,Low income,2011,10288112.0,,,54.04556098,8054.635881,,,1.239,,,,
South Sudan,SSD,Africa,Low income,2012,10756245.0,,,54.64295122,8005.251858,,,1.33,,,3.83199238777161,
South Sudan,SSD,Africa,Low income,2013,11166280.0,,,55.24121951,8409.612844,,,1.444,,,4.07077121734619,
South Sudan,SSD,Africa,Low income,2014,11235071.0,,,,8489.682114,,,1.499,,,2.88811230659485,
South Sudan,SSD,Africa,Low income,2015,11107569.0,,,,8759.961471,,31.97625,1.913,,,2.81662249565125,
South Sudan,SSD,Africa,Low income,2016,10830108.0,,,,8666.263957,,,1.704,,,,
South Sudan,SSD,Africa,Low income,2017,10259150.0,,,,8361.238892,,,1.455,,,,
South Sudan,SSD,Africa,Low income,2018,10122983.0,,,,,,,1.737,,,,
South Sudan,SSD,Africa,Low income,2019,10423382.0,,,,,,,1.77,,16.81,,
South Sudan,SSD,Africa,Low income,2020,10698471.0,,,,,,,1.707,,,,
South Sudan,SSD,Africa,Low income,2021,10865786.0,,,,,,,1.74,,,,
South Sudan,SSD,Africa,Low income,2022,11021175.0,,,,,,,1.634,,,,
South Sudan,SSD,Africa,Low income,2023,11483370.0,,,,,,,1.666,,,,
Spain,ESP,Europe,High income,1990,39084975.0,756125036542.0,19345.670210662793,76.83756098,739.7636153,,,229.383,6.819,,,
Spain,ESP,Europe,High income,1991,39201750.0,786757895205.0,20069.45851154604,76.97121951,703.5216572,,96.494972,239.291,7.06,,,
Spain,ESP,Europe,High income,1992,39420344.0,803260934603.0,20376.811896999174,77.41,691.511172,,,247.687,4.743,,,
Spain,ESP,Europe,High income,1993,39651627.0,794221319057.0,20029.98058710176,77.54658537,640.2748793,,,239.099,6.274,,,
Spain,ESP,Europe,High income,1994,39858721.0,820138301435.0,20576.131919411062,77.90146341,576.9087315,,,251.388,6.927,,,
Spain,ESP,Europe,High income,1995,40052733.0,855020227557.0,21347.362926694666,77.98073171,537.0740253,,,265.069,5.624,,,
Spain,ESP,Europe,High income,1996,40237375.0,885027554238.0,21995.161320488725,78.1204878,543.6068525,,,252.562,9.156,,,
Spain,ESP,Europe,High income,1997,40423823.0,925901360531.0,22904.84402059152,78.60414634,507.6583531,,,264.899,7.897,,,
Spain,ESP,Europe,High income,1998,40617436.0,976805803240.0,24048.92822973858,78.66585366,476.6119989,,,273.65,7.534,,,
Spain,ESP,Europe,High income,1999,40812855.0,1031651264612.0,25277.60590657037,78.71707317,459.6749769,,,297.025,5.341,,,
Spain,ESP,Europe,High income,2000,41019772.0,1094998702299.0,26694.412204412056,78.96585366,444.7848208,,,309.26,6.598,,,
Spain,ESP,Europe,High income,2001,41245602.0,1147959133197.0,27832.279746989752,79.36829268,417.1093191,,,311.031,8.709,,,
Spain,ESP,Europe,High income,2002,41755703.0,1191323484900.0,28530.79697640344,79.56829268,427.9939145,,,331.028,6.016,,,
Spain,ESP,Europe,High income,2003,42506540.0,1239651963472.0,29163.793700263537,79.6195122,427.8066044,,,335.539,9.207,,7.15278577804565,
Spain,ESP,Europe,High income,2004,43234562.0,1289831715789.0,29833.34758402317,79.87073171,411.3672864,,97.165123,352.139,8.02,,,
Spain,ESP,Europe,High income,2005,43958883.0,1348839731490.0,30684.12205765101,80.17073171,391.739623,,97.750687,367.447,6.442,,6.99461460113525,
Spain,ESP,Europe,High income,2006,44695446.0,1415738502534.0,31675.22934068048,80.82195122,370.7068377,,,358.869,7.933,,7.29447269439697,
Spain,ESP,Europe,High income,2007,45516501.0,1481143208580.0,32540.79676686923,80.87317073,364.4672791,,97.938843,366.469,8.869,,6.19860124588013,
Spain,ESP,Europe,High income,2008,46235055.0,1510615290401.0,32672.509860775554,81.17560976,344.9903599,,97.630608,335.284,9.972,,6.18826246261597,
Spain,ESP,Europe,High income,2009,46635182.0,1468765814163.0,31494.8018035611,81.47560976,322.5368465,,97.679268,296.159,12.913,,6.51824903488159,
Spain,ESP,Europe,High income,2010,46840469.0,1480376411582.0,31604.645367278452,81.62682927,318.7040438,,97.748901,282.585,16.49,,6.29069042205811,
Spain,ESP,Europe,High income,2011,46998040.0,1477187548437.0,31430.833039782083,82.47560976,312.0333638,,97.783752,283.275,15.329,,6.15002727508545,
Spain,ESP,Europe,High income,2012,47018323.0,1433478645419.0,30487.660000527878,82.42682927,294.9308519,,97.894539,277.432,15.917,,6.45647764205933,
Spain,ESP,Europe,High income,2013,46860394.0,1413362053623.0,30161.121855334804,82.42682927,273.8453001,,98.079132,252.109,19.29,,6.38066339492798,
Spain,ESP,Europe,High income,2014,46720187.0,1433089409797.0,30673.880003883547,,290.451072,,98.093979,253.658,19.445,,6.31861209869385,
Spain,ESP,Europe,High income,2015,46683683.0,1488098863146.0,31876.209577252077,,274.5045946,,98.11451,270.248,16.977,,6.23017311096191,
Spain,ESP,Europe,High income,2016,46732768.0,1533303930046.0,32810.03877292267,,270.2954799,,,259.555,18.117,,6.51337099075317,
Spain,ESP,Europe,High income,2017,46868594.0,1578931492849.0,33688.47575946059,,266.2264833,,,273.484,15.319,,6.45744943618774,
Spain,ESP,Europe,High income,2018,47092817.0,1615001473949.0,34294.008658454215,,,,,268.521,17.923,,6.50217533111572,
Spain,ESP,Europe,High income,2019,47435121.0,1647042667976.0,34722.008361188746,,,,,250.674,17.063,,6.49069976806641,
Spain,ESP,Europe,High income,2020,47679482.0,1460507935923.0,30631.791174304286,,,,,211.765,21.929,,6.47629976272583,
Spain,ESP,Europe,High income,2021,47735670.0,1541121952313.0,32284.494012821022,,,,,228.806,22.272,,,
Spain,ESP,Europe,High income,2022,47828386.0,1625139888517.0,33978.56428851686,,,,,234.223,20.877,,,
Spain,ESP,Europe,High income,2023,47911583.0,,,,,,,215.461,24.822,,,
Sri Lanka,LKA,Asia,Lower middle income,1990,16352460.0,67098669421.0,4103.276780435482,69.6794878,2298.159509,,,3.802,29.79,,,
Sri Lanka,LKA,Asia,Lower middle income,1991,16475354.0,73808548639.0,4479.937040442348,69.78019512,1969.329463,,,4.107,29.579,,,
Sri Lanka,LKA,Asia,Lower middle income,1992,16739297.0,71237383826.0,4255.697466028591,69.79641463,1926.452142,,,5.036,25.59,,,
Sri Lanka,LKA,Asia,Lower middle income,1993,17025924.0,76317434648.0,4482.425426543664,69.71673171,1590.365366,,,4.912,30.813,,,
Sri Lanka,LKA,Asia,Lower middle income,1994,17275777.0,82083780545.0,4751.379955008681,69.56597561,1634.04155,,,5.342,30.635,,,
Sri Lanka,LKA,Asia,Lower middle income,1995,17564065.0,86882842988.0,4946.62499757317,69.42058537,1654.798445,,,5.717,31.403,,,
Sri Lanka,LKA,Asia,Lower middle income,1996,17905020.0,96972233018.0,5415.92430603261,69.38258537,1720.404037,,,6.863,21.369,,,
Sri Lanka,LKA,Asia,Lower middle income,1997,18248205.0,106468157343.0,5834.445488912471,69.52731707,1799.226385,,,7.401,21.955,,,
Sri Lanka,LKA,Asia,Lower middle income,1998,18596006.0,104039873858.0,5594.742971044428,69.88758537,1520.668494,,,7.621,23.41,,,
Sri Lanka,LKA,Asia,Lower middle income,1999,18944734.0,106224336044.0,5607.064002271027,70.45258537,1431.503091,,,8.381,23.242,,,
Sri Lanka,LKA,Asia,Lower middle income,2000,19293056.0,114541758869.0,5936.942227763191,71.15712195,1403.319039,,,9.99,16.823,,,
Sri Lanka,LKA,Asia,Lower middle income,2001,19600361.0,111509565283.0,5689.158749831189,71.90095122,1292.526251,,90.682747,10.158,16.752,,,
Sri Lanka,LKA,Asia,Lower middle income,2002,19805750.0,114770992462.0,5794.831928202669,72.57368293,1139.443853,,,10.787,13.979,,,
Sri Lanka,LKA,Asia,Lower middle income,2003,19951521.0,121043287225.0,6066.870151152887,73.0942439,1101.823556,,,10.761,16.628,,,
Sri Lanka,LKA,Asia,Lower middle income,2004,20087608.0,127113013921.0,6327.931823490383,73.43402439,1169.132964,,,11.908,15.216,,4.34461069107056,
Sri Lanka,LKA,Asia,Lower middle income,2005,20216531.0,134388316813.0,6647.446924153308,73.60073171,1440.866557,,,11.67,15.244,,4.41480541229248,
Sri Lanka,LKA,Asia,Lower middle income,2006,20352416.0,144414690368.0,7095.7025626834675,73.63602439,989.4319902,,90.80883,11.503,18.984,,4.43084621429443,
Sri Lanka,LKA,Asia,Lower middle income,2007,20492546.0,153829219297.0,7506.59382670167,73.62002439,850.7382497,,,11.844,15.797,,4.21202659606934,
Sri Lanka,LKA,Asia,Lower middle income,2008,20629377.0,162474916511.0,7875.900300382314,73.61995122,902.498394,,90.557953,11.648,17.442,,3.97690510749817,
Sri Lanka,LKA,Asia,Lower middle income,2009,20756438.0,167647716585.0,8076.902047692383,73.66119512,1059.951345,,,12.572,16.162,,4.18056917190552,
Sri Lanka,LKA,Asia,Lower middle income,2010,20879092.0,180642805306.0,8651.851589427357,73.75526829,911.4233036,,91.181358,12.697,21.793,,4.22459316253662,
Sri Lanka,LKA,Asia,Lower middle income,2011,21009054.0,195461606183.0,9303.684315486076,73.89929268,882.1998809,,,14.476,16.358,,4.36469411849976,
Sri Lanka,LKA,Asia,Lower middle income,2012,21169461.0,212333854625.0,10030.196547044821,74.06804878,845.837092,,,15.389,11.61,,4.2679328918457,
Sri Lanka,LKA,Asia,Lower middle income,2013,21358829.0,220937614421.0,10344.088359010693,74.24029268,793.6979365,,,14.143,23.64,,4.61160659790039,
Sri Lanka,LKA,Asia,Lower middle income,2014,21547454.0,235029015924.0,10907.507491325889,,889.2219586,,,17.076,14.695,,,
Sri Lanka,LKA,Asia,Lower middle income,2015,21729975.0,244914328998.0,11270.805833784898,,747.1019983,,92.614166,19.179,18.069,,4.33094549179077,
Sri Lanka,LKA,Asia,Lower middle income,2016,21910763.0,257292293131.0,11742.735436963103,,707.7074886,,,22.339,11.92,,4.43502378463745,
Sri Lanka,LKA,Asia,Lower middle income,2017,22087525.0,273915973018.0,12401.388250516977,,684.2390101,,,22.168,11.102,,4.21329927444458,
Sri Lanka,LKA,Asia,Lower middle income,2018,22253116.0,280243422762.0,12593.446363286832,,,,,20.137,16.029,,,
Sri Lanka,LKA,Asia,Lower middle income,2019,22410552.0,279626891521.0,12477.46559393093,,,,,21.106,12.824,,4.32499980926514,
Sri Lanka,LKA,Asia,Lower middle income,2020,22561808.0,269918239631.0,11963.502199424798,,,,,20.412,14.89,,4.3621997833252,
Sri Lanka,LKA,Asia,Lower middle income,2021,22700377.0,278898406287.0,12286.069358539728,,,,,20.823,21.005,,,
Sri Lanka,LKA,Asia,Lower middle income,2022,22834965.0,254748598293.0,11156.07570640025,,,,,18.377,23.449,,,
Sri Lanka,LKA,Asia,Lower middle income,2023,22971615.0,,,,,,,19.166,20.969,,,
Sudan,SDN,Africa,Low income,1990,22021484.0,,,55.51446341,9272.843034,,,4.783,,,,
Sudan,SDN,Africa,Low income,1991,22470676.0,,,55.69085366,8758.689032,,,4.48,,,,
Sudan,SDN,Africa,Low income,1992,22927356.0,,,55.87958537,8522.449108,,,4.001,,,,
Sudan,SDN,Africa,Low income,1993,23445599.0,,,56.08117073,8268.083078,,,2.755,,,,
Sudan,SDN,Africa,Low income,1994,24043951.0,,,56.29865854,7991.069101,,,3.838,,,,
Sudan,SDN,Africa,Low income,1995,24672144.0,,,56.53307317,7829.269548,,,3.963,,,,
Sudan,SDN,Africa,Low income,1996,25231534.0,,,56.78595122,7547.568431,,,4.096,,,,
Sudan,SDN,Africa,Low income,1997,25799826.0,,,57.05587805,7256.006858,,,5.023,,,,
Sudan,SDN,Africa,Low income,1998,26458999.0,,,57.34439024,7090.670342,,,4.372,,,,
Sudan,SDN,Africa,Low income,1999,27130619.0,,,57.65058537,6974.096958,,,4.753,,,,
Sudan,SDN,Africa,Low income,2000,27816748.0,,,57.978,6701.68102,,61.345871,5.292,,,,
Sudan,SDN,Africa,Low income,2001,28516774.0,,,58.3332439,6537.857076,,,6.018,,,,
Sudan,SDN,Africa,Low income,2002,29228728.0,,,58.71280488,6465.5523,,,7.634,,,,
Sudan,SDN,Africa,Low income,2003,29896038.0,,,59.11163415,6344.571019,,,8.515,,,,
Sudan,SDN,Africa,Low income,2004,30556641.0,,,59.52119512,6178.282638,,,10.866,,,,
Sudan,SDN,Africa,Low income,2005,31262447.0,,,59.92636585,6000.894175,,,10.558,,,,
Sudan,SDN,Africa,Low income,2006,31992438.0,,,60.31053659,5880.02392,,,11.545,,,,
Sudan,SDN,Africa,Low income,2007,32764139.0,,,60.66256098,5753.266999,,,13.564,,,4.45491743087769,
Sudan,SDN,Africa,Low income,2008,33623980.0,,,60.97539024,5587.619594,,53.51738,14.179,,,4.43515968322754,
Sudan,SDN,Africa,Low income,2009,34569114.0,,,61.24646341,5483.227179,,,14.805,,,4.31445646286011,
Sudan,SDN,Africa,Low income,2010,35414403.0,,,61.47829268,5402.82956,,,15.07,,,4.5504994392395,
Sudan,SDN,Africa,Low income,2011,36140808.0,,,61.67941463,5239.814499,,,14.711,,,,
Sudan,SDN,Africa,Low income,2012,36923175.0,,,61.86395122,5095.67358,,,15.763,,,4.13867282867432,
Sudan,SDN,Africa,Low income,2013,37785852.0,,,62.0444878,4911.568999,,,17.374,,,,
Sudan,SDN,Africa,Low income,2014,38823324.0,,,,4725.446762,,,13.095,,,,
Sudan,SDN,Africa,Low income,2015,40024433.0,,,,4527.975997,,58.601318,14.247,,,,
Sudan,SDN,Africa,Low income,2016,41259892.0,,,,4379.847548,,,19.737,,,,
Sudan,SDN,Africa,Low income,2017,42714311.0,,,,4236.793727,,,20.306,,,,
Sudan,SDN,Africa,Low income,2018,44230597.0,,,,,,,20.516,,,,
Sudan,SDN,Africa,Low income,2019,45548179.0,,,,,,,22.007,,27.79,,
Sudan,SDN,Africa,Low income,2020,46789237.0,,,,,,,19.8,,,,
Sudan,SDN,Africa,Low income,2021,48066930.0,,,,,,,19.208,,,,
Sudan,SDN,Africa,Low income,2022,49383344.0,,,,,,,17.529,,,,
Sudan,SDN,Africa,Low income,2023,50042800.0,,,,,,,17.716,,,,
Suriname,SUR,Americas,Upper middle income,1990,412500.0,,,67.50187805,4958.501482,,,1.738,,,,
Suriname,SUR,Americas,Upper middle income,1991,415021.0,,,67.5804878,4888.640338,,,2.024,,,,
Suriname,SUR,Americas,Upper middle income,1992,417602.0,,,67.65107317,4839.620482,,,2.031,,,,
Suriname,SUR,Americas,Upper middle income,1993,419357.0,,,67.71207317,4831.226337,,,2.039,,,,
Suriname,SUR,Americas,Upper middle income,1994,422382.0,,,67.76397561,4843.891457,,,2.043,,,,
Suriname,SUR,Americas,Upper middle income,1995,429611.0,,,67.80573171,4737.639998,,,2.061,,,,
Suriname,SUR,Americas,Upper middle income,1996,438834.0,,,67.83434146,4569.047921,,,2.083,,,,
Suriname,SUR,Americas,Upper middle income,1997,448068.0,,,67.85187805,4325.011762,,,2.105,,,,
Suriname,SUR,Americas,Upper middle income,1998,457413.0,,,67.86641463,4133.716637,,,2.105,,,,
Suriname,SUR,Americas,Upper middle income,1999,466925.0,,,67.8864878,4040.9059,,,2.123,,,,
Suriname,SUR,Americas,Upper middle income,2000,476647.0,,,67.92917073,3959.823716,,,2.193,,,,
Suriname,SUR,Americas,Upper middle income,2001,486566.0,,,68.01197561,3917.670702,,,2.363,,,,
Suriname,SUR,Americas,Upper middle income,2002,496566.0,,,68.14397561,3902.483906,,,1.561,,,,
Suriname,SUR,Americas,Upper middle income,2003,506421.0,,,68.32963415,3907.578366,,,1.539,,,,
Suriname,SUR,Americas,Upper middle income,2004,513928.0,,,68.56597561,3902.471493,,89.598061,1.553,,,,
Suriname,SUR,Americas,Upper middle income,2005,519321.0,,,68.8444878,3825.89631,,,1.586,,,,
Suriname,SUR,Americas,Upper middle income,2006,525003.0,,,69.15214634,3655.039924,,,1.74,,,,
Suriname,SUR,Americas,Upper middle income,2007,531026.0,,,69.46790244,3482.180826,,,1.758,,,,
Suriname,SUR,Americas,Upper middle income,2008,537252.0,,,69.77570732,3351.00687,,94.620941,1.941,,,,
Suriname,SUR,Americas,Upper middle income,2009,543580.0,,,70.06702439,3231.367232,,,1.989,,,,
Suriname,SUR,Americas,Upper middle income,2010,549931.0,,,70.33582927,3119.736938,,94.675751,2.375,,,6.26928663253784,
Suriname,SUR,Americas,Upper middle income,2011,556279.0,,,70.58112195,2979.261818,,,2.758,,,,
Suriname,SUR,Americas,Upper middle income,2012,562640.0,,,70.81139024,2879.88713,,,2.494,,,,
Suriname,SUR,Americas,Upper middle income,2013,569024.0,,,71.03163415,2797.125567,,,3.151,,,,
Suriname,SUR,Americas,Upper middle income,2014,575380.0,,,,2713.131487,,,3.201,,,,
Suriname,SUR,Americas,Upper middle income,2015,581634.0,,,,2646.673342,,95.538986,2.714,,,,
Suriname,SUR,Americas,Upper middle income,2016,587765.0,,,,2645.962993,,,2.914,,,,
Suriname,SUR,Americas,Upper middle income,2017,593720.0,,,,2669.594504,,,2.43,,,,
Suriname,SUR,Americas,Upper middle income,2018,599519.0,,,,,,,2.093,,,,
Suriname,SUR,Americas,Upper middle income,2019,605779.0,,,,,,,2.632,,,,
Suriname,SUR,Americas,Upper middle income,2020,612320.0,,,,,,,2.922,,,,
Suriname,SUR,Americas,Upper middle income,2021,617905.0,,,,,,,2.647,,,,
Suriname,SUR,Americas,Upper middle income,2022,623172.0,,,,,,,2.828,,,,
Suriname,SUR,Americas,Upper middle income,2023,628892.0,,,,,,,2.869,,,,
Sweden,SWE,Europe,High income,1990,8558571.0,240234012000.0,28069.406913841107,77.53682927,589.4512201,,,57.417,33.094,,,
Sweden,SWE,Europe,High income,1991,8616955.0,237950140941.0,27614.179363940046,77.66682927,572.5534364,,,57.664,28.996,,,
Sweden,SWE,Europe,High income,1992,8667576.0,235756851945.0,27199.859792980184,77.99878049,503.2163728,,,57.51,33.494,,,
Sweden,SWE,Europe,High income,1993,8718038.0,231558425903.0,26560.841545196294,78.0604878,447.8442656,,,57.517,34.016,,,
Sweden,SWE,Europe,High income,1994,8780190.0,241524284977.0,27507.86543081642,78.6502439,400.8711355,,,59.997,26.997,,,
Sweden,SWE,Europe,High income,1995,8826298.0,251741126533.0,28521.711654535116,78.7404878,355.434305,,,59.487,30.274,,,
Sweden,SWE,Europe,High income,1996,8840330.0,256498914326.0,29014.631164899954,78.95902439,345.8731204,,,63.349,23.689,,,
Sweden,SWE,Europe,High income,1997,8845525.0,264171121939.0,29864.945488142308,79.19756098,336.3963916,,,58.355,30.62,,,
Sweden,SWE,Europe,High income,1998,8850606.0,276040695651.0,31188.90340966483,79.33902439,332.6729678,,,58.767,31.589,,,
Sweden,SWE,Europe,High income,1999,8857691.0,289702793085.0,32706.355763031246,79.44146341,324.7643973,,,55.937,31.011,,,
Sweden,SWE,Europe,High income,2000,8872099.0,303452362920.0,34202.995584246746,79.64390244,326.9630319,,,54.892,36.656,,,
Sweden,SWE,Europe,High income,2001,8896018.0,308398096624.0,34666.98208389417,79.79512195,345.2495831,,,55.782,34.203,,,
Sweden,SWE,Europe,High income,2002,8925045.0,317463771012.0,35569.99107701978,79.84634146,326.8103629,,,56.634,31.103,,,
Sweden,SWE,Europe,High income,2003,8958434.0,326402407102.0,36435.20810690797,80.09512195,313.1668906,,99.0,57.221,27.305,,7.37631559371948,
Sweden,SWE,Europe,High income,2004,8993805.0,341901244849.0,38015.19433087553,80.49756098,299.5903722,,,56.428,29.336,,,
Sweden,SWE,Europe,High income,2005,9029771.0,354496929423.0,39258.684347919785,80.54634146,265.9912794,,,53.787,33.911,,7.24136257171631,
Sweden,SWE,Europe,High income,2006,9080628.0,372234670461.0,40992.17261856779,80.74878049,267.688983,,,53.651,31.833,,7.51599740982056,
Sweden,SWE,Europe,High income,2007,9148280.0,387881844813.0,42399.42861532441,80.9,247.2716817,,,52.879,34.16,,7.26597738265991,
Sweden,SWE,Europe,High income,2008,9219903.0,388980516356.0,42189.22003365979,81.1,239.9392039,,,50.765,36.048,,7.49601888656616,
Sweden,SWE,Europe,High income,2009,9298738.0,373026350439.0,40115.8039337166,81.35121951,251.4238395,,,47.143,38.656,,7.38223218917847,
Sweden,SWE,Europe,High income,2010,9378234.0,399838964466.0,42634.78224855554,81.45121951,243.9331843,,,53.029,37.37,,7.56014776229858,
Sweden,SWE,Europe,High income,2011,9449263.0,397617949429.0,42079.25522117439,81.80243902,224.2521461,,,49.114,38.676,,7.43401050567627,
Sweden,SWE,Europe,High income,2012,9519477.0,395278763366.0,41523.15966160746,81.70487805,249.992839,,,46.607,42.346,,7.23914766311646,
Sweden,SWE,Europe,High income,2013,9600620.0,399973749048.0,41661.24157064856,81.70487805,254.1327183,,,45.106,38.22,,7.28892230987549,
Sweden,SWE,Europe,High income,2014,9696438.0,410604225974.0,42345.88268124851,,228.7268209,,,43.385,39.703,,7.36874437332153,
Sweden,SWE,Europe,High income,2015,9799483.0,429037422635.0,43781.638545115085,,239.1630183,,,43.31,45.535,,7.28680467605591,
Sweden,SWE,Europe,High income,2016,9923281.0,437921057919.0,44130.67189360051,,244.6701202,,,43.308,40.906,,7.37479209899902,
Sweden,SWE,Europe,High income,2017,10057864.0,449166531542.0,44658.24269864854,,226.383117,,,42.355,41.625,,7.39809274673462,
Sweden,SWE,Europe,High income,2018,10175400.0,457925387676.0,45003.18293885253,,,,,41.856,41.607,,7.31434106826782,
Sweden,SWE,Europe,High income,2019,10279120.0,467020665386.0,45433.91510031987,,,,,40.772,43.747,,7.36269998550415,
Sweden,SWE,Europe,High income,2020,10353682.0,456885314424.0,44127.810224806984,,,,,36.622,51.056,,7.38430023193359,
Sweden,SWE,Europe,High income,2021,10416134.0,481492421258.0,46225.63623490251,,,,,38.568,50.01,,,
Sweden,SWE,Europe,High income,2022,10487335.0,494214521158.0,47124.891229087276,,,,,36.342,52.434,,,
Sweden,SWE,Europe,High income,2023,10551493.0,,,,,,,36.709,52.459,,,
Switzerland,CHE,Europe,High income,1990,6713168.0,234154439697.0,34879.871872266565,77.24243902,709.6497684,,,44.149,25.902,,,
Switzerland,CHE,Europe,High income,1991,6796942.0,236201938759.0,34751.207051494624,77.51463415,660.8557651,,,46.131,27.136,,,
Switzerland,CHE,Europe,High income,1992,6875049.0,239958549277.0,34902.81295115133,77.80609756,626.3617586,,,46.018,27.266,,,
Switzerland,CHE,Europe,High income,1993,6938106.0,243429634467.0,35085.89151952997,78.08536585,565.0656743,,,43.61,29.895,,,
Switzerland,CHE,Europe,High income,1994,6993594.0,250752168329.0,35854.550368379976,78.35,532.1123916,,,42.668,31.106,,,
Switzerland,CHE,Europe,High income,1995,7040481.0,257142565611.0,36523.43719285657,78.41707317,507.8364712,,,43.414,29.6,,,
Switzerland,CHE,Europe,High income,1996,7071885.0,263448607219.0,37252.954087771504,78.89609756,491.7737507,,,44.107,25.121,,,
Switzerland,CHE,Europe,High income,1997,7089161.0,274617021730.0,38737.59133556143,79.0795122,491.0597505,,,43.046,27.801,,,
Switzerland,CHE,Europe,High income,1998,7110294.0,287985364256.0,40502.59584990438,79.32439024,479.2267574,,,44.622,27.211,,,
Switzerland,CHE,Europe,High income,1999,7144119.0,298226666662.0,41744.35877425894,79.5804878,480.416838,,,44.447,31.122,,,
Switzerland,CHE,Europe,High income,2000,7184003.0,315545366882.0,43923.33450890819,79.6804878,483.9668787,,,43.621,29.476,,,
Switzerland,CHE,Europe,High income,2001,7226391.0,325520166982.0,45046.02186374914,80.1804878,484.245365,,,45.085,30.748,,,
Switzerland,CHE,Europe,High income,2002,7278744.0,331802188855.0,45585.0884239094,80.38536585,457.4592737,,,43.467,28.021,,,
Switzerland,CHE,Europe,High income,2003,7333451.0,337991874208.0,46089.06150842216,80.53658537,441.5962592,,99.0,44.651,27.866,,,
Switzerland,CHE,Europe,High income,2004,7384196.0,353894703206.0,47925.96285445294,81.08780488,448.6719922,,,45.231,27.041,,7.47325277328491,
Switzerland,CHE,Europe,High income,2005,7431824.0,371135459405.0,49938.67715449128,81.23658537,437.9028218,,,45.776,26.14,,,
Switzerland,CHE,Europe,High income,2006,7478514.0,393075108386.0,52560.59002978399,81.4902439,438.9400727,,,45.365,25.217,,,
Switzerland,CHE,Europe,High income,2007,7545386.0,416832821635.0,55243.405921844154,81.74146341,413.1236241,,,43.359,28.119,,7.52452087402344,
Switzerland,CHE,Europe,High income,2008,7641730.0,433739216893.0,56759.29624482938,81.99268293,408.2625625,,,44.701,27.972,,,
Switzerland,CHE,Europe,High income,2009,7737644.0,431737407420.0,55797.011004900196,82.04390244,418.9073522,,,43.526,28.184,,,
Switzerland,CHE,Europe,High income,2010,7825750.0,451139715920.0,57648.11243906335,82.24634146,387.9799863,,,45.034,27.969,,7.77620887756348,
Switzerland,CHE,Europe,High income,2011,7914379.0,467103594697.0,59019.61413485505,82.69512195,377.4742253,,,40.973,27.144,,,
Switzerland,CHE,Europe,High income,2012,7998927.0,472611933649.0,59084.416403475116,82.69756098,368.3709141,,,42.242,30.448,,7.4928035736084,
Switzerland,CHE,Europe,High income,2013,8091199.0,481081829913.0,59457.42156545649,82.74878049,382.4670424,,,43.183,29.926,,7.57213687896729,
Switzerland,CHE,Europe,High income,2014,8190238.0,492386642888.0,60118.72217730425,,381.1979499,,,39.244,31.115,,7.45851993560791,
Switzerland,CHE,Europe,High income,2015,8283940.0,500484653705.0,60416.25768716336,,378.2059876,,,38.756,32.122,,7.47359323501587,
Switzerland,CHE,Europe,High income,2016,8374903.0,510838097521.0,60996.300198462,,339.1978475,,,39.225,31.376,,7.50858688354492,
Switzerland,CHE,Europe,High income,2017,8453630.0,517799793781.0,61251.76921405361,,322.5397396,,,38.234,31.293,,7.69422101974487,
Switzerland,CHE,Europe,High income,2018,8516341.0,532611137213.0,62539.902666297654,,,,,36.945,31.434,,7.50843524932861,
Switzerland,CHE,Europe,High income,2019,8577525.0,538693495449.0,62802.90590222704,,,,,36.822,32.559,,7.57149982452393,
Switzerland,CHE,Europe,High income,2020,8640582.0,525896489462.0,60863.549406972816,,,,,34.343,35.598,,7.51160001754761,
Switzerland,CHE,Europe,High income,2021,8707019.0,548098275898.0,62949.015719157156,,,,,35.902,37.276,,,
Switzerland,CHE,Europe,High income,2022,8792180.0,559384947989.0,63623.00908182043,,,,,32.951,31.096,,,
Switzerland,CHE,Europe,High income,2023,8870564.0,,,,,,,31.977,35.636,,,
Syria,SYR,Asia,Low income,1990,12579212.0,113006349079.0,8983.579343364274,70.25941463,3504.704179,,,37.265,,,,
Syria,SYR,Asia,Low income,1991,12980824.0,121259151277.0,9341.406314190841,70.61317073,3321.207154,,,42.425,,,,
Syria,SYR,Asia,Low income,1992,13385570.0,132464551230.0,9896.071010050375,70.95509756,3057.078404,,,42.803,,,,
Syria,SYR,Asia,Low income,1993,13795687.0,137136399700.0,9940.527042980897,71.28517073,2799.187386,,,45.522,,,,
Syria,SYR,Asia,Low income,1994,14208585.0,139462673349.0,9815.380866497262,71.60385366,2600.417706,,,45.956,,,,
Syria,SYR,Asia,Low income,1995,14616804.0,141596267280.0,9687.2248735086,71.91270732,2406.150894,,,46.392,,,,
Syria,SYR,Asia,Low income,1996,15018110.0,140380949913.0,9347.444512858143,72.21229268,2207.553032,,,47.446,,,,
Syria,SYR,Asia,Low income,1997,15417539.0,133631083179.0,8667.471713805946,72.5017561,2032.669256,,,49.605,,,,
Syria,SYR,Asia,Low income,1998,15820409.0,135803038435.0,8584.04093313896,72.78319512,1875.403671,,,53.496,,,,
Syria,SYR,Asia,Low income,1999,16228064.0,126804505194.0,7813.902212488193,73.05768293,1668.682456,,,55.534,,,,
Syria,SYR,Asia,Low income,2000,16637884.0,125214242976.0,7525.851422933349,73.33029268,1440.127482,,,54.527,,,,
Syria,SYR,Asia,Low income,2001,17051337.0,125631935247.0,7367.864188421119,73.61158537,1274.633148,,,51.343,,,,
Syria,SYR,Asia,Low income,2002,17468335.0,128996142855.0,7384.570015115923,73.90002439,1144.72976,,82.888252,40.727,,,,
Syria,SYR,Asia,Low income,2003,17889297.0,122501642286.0,6847.761669226018,74.1895122,907.7377065,,,55.377,,,,
Syria,SYR,Asia,Low income,2004,18336879.0,126515329154.0,6899.501772030017,74.4704878,845.7073135,,80.844521,51.692,,,,
Syria,SYR,Asia,Low income,2005,18814092.0,129657010670.0,6891.483823402161,74.71668293,798.1225739,,,51.162,,,,
Syria,SYR,Asia,Low income,2006,19637016.0,132870748696.0,6766.34111292673,74.89782927,779.1677222,,,54.04,,,5.3233323097229,
Syria,SYR,Asia,Low income,2007,20884136.0,138933398255.0,6652.580612145027,74.99780488,777.8881102,,,66.973,,,4.97897052764893,
Syria,SYR,Asia,Low income,2008,21636566.0,140064268758.0,6473.498093828753,75.01512195,859.3534575,,,68.084,,,4.46470785140991,
Syria,SYR,Asia,Low income,2009,21976971.0,141886525419.0,6456.145636220751,74.96246341,810.8988725,,,63.261,,,4.03788948059082,
Syria,SYR,Asia,Low income,2010,22482417.0,143781004115.0,6395.264535614654,74.86763415,820.6415423,,,62.057,,,3.16449117660522,
Syria,SYR,Asia,Low income,2011,22878104.0,134274046453.0,5869.10726749909,74.77058537,893.7062328,,,59.078,,,2.68755292892456,
Syria,SYR,Asia,Low income,2012,22759763.0,98907693956.0,4345.72600584637,74.71070732,1146.509339,,,46.339,,,,
Syria,SYR,Asia,Low income,2013,21666921.0,72894799336.0,3364.335861842114,74.71578049,1111.211758,,,34.257,,,3.4619128704071,
Syria,SYR,Asia,Low income,2014,20273661.0,65379097607.0,3224.829378719512,,1232.034763,,85.915817,34.869,,,,
Syria,SYR,Asia,Low income,2015,19424615.0,63295273863.0,3258.5085399633404,,1123.944076,,86.303932,31.115,,,,
Syria,SYR,Asia,Low income,2016,19193835.0,59731474595.0,3112.0135499237126,,1076.399075,,,29.162,,,,
Syria,SYR,Asia,Low income,2017,19224671.0,59296820428.0,3084.412754215664,,966.093174,,,34.473,,,,
Syria,SYR,Asia,Low income,2018,19577849.0,60171975441.0,3073.4722410516088,,,,,31.771,,,,
Syria,SYR,Asia,Low income,2019,20353536.0,62427096792.0,3067.1376606010867,,,,,33.492,,,,
Syria,SYR,Asia,Low income,2020,21049431.0,55872251610.0,2654.335483462712,,,,,32.344,,,,
Syria,SYR,Asia,Low income,2021,21628837.0,54251957890.0,2508.31599914503,,,,,32.508,,,,
Syria,SYR,Asia,Low income,2022,22462170.0,52353139385.0,2330.7249203883684,,,,,31.423,,,,
Syria,SYR,Asia,Low income,2023,23594623.0,,,,,,,31.674,,,,
Tajikistan,TJK,Asia,Lower middle income,1990,5398773.0,25321416000.0,4690.216832602519,62.86478049,5635.804725,,,12.307,,,,
Tajikistan,TJK,Asia,Lower middle income,1991,5541200.0,23089121806.0,4166.8089594311705,62.62753659,5474.386971,,,10.015,,,,
Tajikistan,TJK,Asia,Lower middle income,1992,5649397.0,15578962563.0,2757.6328169183366,62.43319512,5619.714038,,,7.333,,,,
Tajikistan,TJK,Asia,Lower middle income,1993,5725001.0,13768160225.0,2404.918396520804,62.31814634,5852.998418,,,5.153,,,,
Tajikistan,TJK,Asia,Lower middle income,1994,5825371.0,10806547225.0,1855.0830882702578,62.30158537,5623.195259,,,2.345,,,,
Tajikistan,TJK,Asia,Lower middle income,1995,5948588.0,9460376115.0,1590.3565879835685,62.3904878,5550.788791,,,2.435,,,,
Tajikistan,TJK,Asia,Lower middle income,1996,6066524.0,8989080428.0,1481.7513996482994,62.57668293,5498.521317,,,2.824,,,,
Tajikistan,TJK,Asia,Lower middle income,1997,6139829.0,9105132518.0,1482.9619062680736,62.82882927,5337.386014,,,2.15,,,,
Tajikistan,TJK,Asia,Lower middle income,1998,6176403.0,9509161527.0,1539.595380515164,63.11914634,5227.503545,,,2.497,,,,
Tajikistan,TJK,Asia,Lower middle income,1999,6208373.0,9907046803.0,1595.7557322989453,63.43458537,5127.619228,,,2.519,,,,
Tajikistan,TJK,Asia,Lower middle income,2000,6284737.0,10735320878.0,1708.1575375389614,63.77173171,5057.687526,,99.451248,2.236,,,,
Tajikistan,TJK,Asia,Lower middle income,2001,6407376.0,11697951502.0,1825.7008020131798,64.12878049,4939.225073,,,2.287,,,,
Tajikistan,TJK,Asia,Lower middle income,2002,6531674.0,12792791823.0,1958.5778198666987,64.50636585,4754.593868,,,1.872,,,,
Tajikistan,TJK,Asia,Lower middle income,2003,6658575.0,14027448844.0,2106.6743025347014,64.90002439,4588.549447,,,2.072,,,,
Tajikistan,TJK,Asia,Lower middle income,2004,6790555.0,15391086914.0,2266.5432963874086,65.29663415,4425.042658,,,2.562,,,4.61309909820557,
Tajikistan,TJK,Asia,Lower middle income,2005,6924722.0,16469329106.0,2378.337947140694,65.67846341,4167.331314,,,2.441,,,4.4316086769104,
Tajikistan,TJK,Asia,Lower middle income,2006,7057566.0,17531184155.0,2484.026951359718,66.02973171,3956.588385,,,2.656,,,5.06398677825928,
Tajikistan,TJK,Asia,Lower middle income,2007,7194479.0,18731098417.0,2603.5378540961756,66.34014634,3859.253295,,,3.229,,,4.5751748085022,
Tajikistan,TJK,Asia,Lower middle income,2008,7338402.0,20202934540.0,2753.042765986382,66.60453659,3790.518464,,,2.897,,,4.38063621520996,
Tajikistan,TJK,Asia,Lower middle income,2009,7490232.0,20969201626.0,2799.539670600323,66.82131707,3697.836901,,,2.445,,,4.26267147064209,
Tajikistan,TJK,Asia,Lower middle income,2010,7652144.0,22275913223.0,2911.068221272365,66.9955122,3660.760769,,,2.535,,,4.49657154083252,
Tajikistan,TJK,Asia,Lower middle income,2011,7824788.0,23719353153.0,3031.309366209027,67.13521951,3670.055357,,,2.342,,,4.96652126312256,
Tajikistan,TJK,Asia,Lower middle income,2012,8014087.0,25498307279.0,3181.6858587884058,67.25717073,3712.342228,,,2.934,,,4.89615774154663,
Tajikistan,TJK,Asia,Lower middle income,2013,8216733.0,27385180748.0,3332.8551320823008,67.37460976,3765.728346,,,2.908,,,5.12421083450317,
Tajikistan,TJK,Asia,Lower middle income,2014,8425559.0,29219994834.0,3468.018541440396,,3722.866338,,99.76841,4.606,,,5.10372114181519,
Tajikistan,TJK,Asia,Lower middle income,2015,8643839.0,30973186706.0,3583.2674238842255,,3635.952438,,99.781052,5.307,,,5.82923412322998,
Tajikistan,TJK,Asia,Lower middle income,2016,8865623.0,33110336724.0,3734.688100768553,,3557.980029,,,6.016,,,5.49746894836426,
Tajikistan,TJK,Asia,Lower middle income,2017,9085942.0,35461181351.0,3902.8623945651425,,3424.604178,,,6.879,,,5.4640154838562,
Tajikistan,TJK,Asia,Lower middle income,2018,9307345.0,38156222428.0,4099.581827900438,,,,,8.081,,,5.37339878082275,
Tajikistan,TJK,Asia,Lower middle income,2019,9529970.0,40979787244.0,4300.096143429622,,,,,8.714,,,5.46619987487793,
Tajikistan,TJK,Asia,Lower middle income,2020,9749312.0,42778793597.0,4387.878200738678,,,,,9.423,,,5.37709999084473,
Tajikistan,TJK,Asia,Lower middle income,2021,9966912.0,46800009054.0,4695.5374998796015,,,,,9.384,,,,
Tajikistan,TJK,Asia,Lower middle income,2022,10182228.0,50544013546.0,4963.944388791922,,,,,10.521,,,,
Tajikistan,TJK,Asia,Lower middle income,2023,10389807.0,,,,,,,10.264,,,,
Tanzania,TZA,Africa,Lower middle income,1990,26110210.0,22062497802.0,844.9758849890521,50.46336585,10113.98727,,,2.112,,,,
Tanzania,TZA,Africa,Lower middle income,1991,26780440.0,23131982096.0,863.7640791562798,50.14417073,10017.28672,,,2.255,,,,
Tanzania,TZA,Africa,Lower middle income,1992,27457599.0,23907182271.0,870.6945669575844,49.82343902,10014.13867,,,2.178,,,,
Tanzania,TZA,Africa,Lower middle income,1993,28332691.0,24857214872.0,877.3333557338411,49.53707317,9841.405221,,,2.426,,,,
Tanzania,TZA,Africa,Lower middle income,1994,29442357.0,25964285650.0,881.8684472170486,49.31304878,9743.374231,,,2.063,,,,
Tanzania,TZA,Africa,Lower middle income,1995,30383496.0,27600945651.0,908.4190196875304,49.17373171,9572.355573,,,2.434,,,,
Tanzania,TZA,Africa,Lower middle income,1996,30945761.0,29677337167.0,959.0113866322434,49.13104878,9338.366294,,,2.527,,,,
Tanzania,TZA,Africa,Lower middle income,1997,31578093.0,31560772974.0,999.4515176708106,49.18282927,9197.746931,,,2.824,,,,
Tanzania,TZA,Africa,Lower middle income,1998,32420461.0,33614871213.0,1036.8412470445746,49.33192683,8851.721238,,,2.481,,,,
Tanzania,TZA,Africa,Lower middle income,1999,33300335.0,36215287065.0,1087.5352174385032,49.58919512,8527.682906,,,2.459,,,,
Tanzania,TZA,Africa,Lower middle income,2000,34260142.0,39001698887.0,1138.398634979388,49.9715122,8118.655765,,,2.572,,,,
Tanzania,TZA,Africa,Lower middle income,2001,35198303.0,42445346863.0,1205.8918540192121,50.49678049,7723.903669,,,3.041,,,,
Tanzania,TZA,Africa,Lower middle income,2002,36121301.0,46583070535.0,1289.6288130651772,51.1594878,7369.555215,,69.430901,3.486,,,,
Tanzania,TZA,Africa,Lower middle income,2003,37089555.0,50824600990.0,1370.3211319197549,51.94665854,7032.878765,,,3.687,,,,
Tanzania,TZA,Africa,Lower middle income,2004,38109666.0,55891196644.0,1466.5884671883505,52.84078049,6735.955326,,,4.221,,,3.9224841594696,
Tanzania,TZA,Africa,Lower middle income,2005,39182083.0,61018758994.0,1557.3127899810738,53.82534146,6446.281872,,,5.356,,,4.3179497718811,
Tanzania,TZA,Africa,Lower middle income,2006,40294900.0,65508013137.0,1625.7147464567477,54.88426829,6201.791445,,,5.876,,,4.38474178314209,
Tanzania,TZA,Africa,Lower middle income,2007,41435508.0,72909539423.0,1759.5908181697687,55.98765854,5979.134163,,,5.706,,,3.40750789642334,
Tanzania,TZA,Africa,Lower middle income,2008,42570728.0,78993514738.0,1855.582895786983,57.09717073,5796.960264,,,5.989,,,3.22912907600403,
Tanzania,TZA,Africa,Lower middle income,2009,43633975.0,85446168824.0,1958.248562593713,58.17595122,5664.221563,,,5.807,,,4.07356214523315,
Tanzania,TZA,Africa,Lower middle income,2010,44758491.0,93371216148.0,2086.111798273092,59.18170732,5491.663468,,67.800697,7.194,,,4.00689744949341,
Tanzania,TZA,Africa,Lower middle income,2011,46029371.0,103624510902.0,2251.2693232762185,60.07465854,5293.200393,,,8.44,,,3.85239481925964,
Tanzania,TZA,Africa,Lower middle income,2012,47374261.0,108951852558.0,2299.8111265102375,60.84643902,5078.19337,,78.100594,10.367,,,3.48327851295471,
Tanzania,TZA,Africa,Lower middle income,2013,48824134.0,116340969671.0,2382.8578233666162,61.49314634,4944.228908,,,11.251,,,3.66059732437134,
Tanzania,TZA,Africa,Lower middle income,2014,50351506.0,124173043529.0,2466.1237248593916,,4788.038401,,,10.997,,,2.90273427963257,
Tanzania,TZA,Africa,Lower middle income,2015,52020958.0,131823350494.0,2534.043115738084,,4659.745093,,80.359497,12.783,,,3.3471212387085,
Tanzania,TZA,Africa,Lower middle income,2016,53824012.0,140875654933.0,2617.3384275590606,,4519.76314,,,13.529,,,3.44502329826355,
Tanzania,TZA,Africa,Lower middle income,2017,55652888.0,150417154803.0,2702.773570403031,,4409.899208,,,13.513,,,3.64015483856201,
Tanzania,TZA,Africa,Lower middle income,2018,57437134.0,160884699826.0,2801.057236351661,,,,,14.233,,,3.78568410873413,
Tanzania,TZA,Africa,Lower middle income,2019,59174889.0,172128919031.0,2908.8169313000317,,,,,16.191,,37.76,3.62319993972778,
Tanzania,TZA,Africa,Lower middle income,2020,60972803.0,180418650860.0,2959.0020793369135,,,,,15.952,,,3.70239996910095,
Tanzania,TZA,Africa,Lower middle income,2021,62830410.0,189343959556.0,3013.571924104904,,,,,17.678,,,,
Tanzania,TZA,Africa,Lower middle income,2022,64711822.0,198220407805.0,3063.125124262457,,,,,19.702,,,,
Tanzania,TZA,Africa,Lower middle income,2023,66617607.0,,,,,,,20.31,,,,
Thailand,THA,Asia,Upper middle income,1990,54738329.0,407627796816.0,7446.843998763645,70.41112195,2283.19112,,,86.563,3.878,,,
Thailand,THA,Asia,Upper middle income,1991,55637436.0,437871480572.0,7870.087337813338,70.51034146,2164.675073,,,95.045,3.236,,,
Thailand,THA,Asia,Upper middle income,1992,56528832.0,473484188457.0,8375.976854731405,70.53470732,2088.046601,,,105.513,2.724,,,
Thailand,THA,Asia,Upper middle income,1993,57408198.0,509703199590.0,8878.578623735933,70.53053659,2008.115292,,,121.855,2.092,,,
Thailand,THA,Asia,Upper middle income,1994,58260855.0,545365114818.0,9360.746848256862,70.52304878,1914.776404,,,136.87,2.278,,,
Thailand,THA,Asia,Upper middle income,1995,59098231.0,584005907369.0,9881.95242881297,70.5325122,1815.733042,,,153.65,3.056,,,
Thailand,THA,Asia,Upper middle income,1996,59920059.0,611290639859.0,10201.76965878822,70.56414634,1721.741519,,,173.566,2.978,,,
Thailand,THA,Asia,Upper middle income,1997,60724588.0,589240402273.0,9703.489503675184,70.61504878,1644.547883,,,181.203,2.807,,,
Thailand,THA,Asia,Upper middle income,1998,61522632.0,539314649597.0,8766.117964475252,70.68319512,1606.77198,,,159.704,2.24,,,
Thailand,THA,Asia,Upper middle income,1999,62299039.0,558464047703.0,8964.24819174177,70.77956098,1511.690127,,,167.235,1.521,,,
Thailand,THA,Asia,Upper middle income,2000,63007815.0,579217712636.0,9192.79160269246,70.91658537,1412.297464,,92.646538,167.352,2.432,,,
Thailand,THA,Asia,Upper middle income,2001,63651137.0,596448007832.0,9370.57900210015,71.10707317,1362.558051,,,172.267,2.432,,,
Thailand,THA,Asia,Upper middle income,2002,64266433.0,630177413705.0,9805.700803481655,71.35229268,1325.170772,,,184.665,2.662,,,
Thailand,THA,Asia,Upper middle income,2003,64868164.0,672602585235.0,10368.762483165085,71.6445122,1277.116041,,,191.088,2.58,,,
Thailand,THA,Asia,Upper middle income,2004,65452049.0,712165919937.0,10880.727659679531,71.97560976,1218.301862,,,207.331,2.204,,5.88543272018433,
Thailand,THA,Asia,Upper middle income,2005,66017415.0,739238460898.0,11197.628094011254,72.32841463,1123.759195,,93.506477,214.325,2.108,,5.78389120101929,
Thailand,THA,Asia,Upper middle income,2006,66567685.0,773067090714.0,11613.24884159634,72.68192683,1039.261709,,,215.825,2.724,,5.63647127151489,
Thailand,THA,Asia,Upper middle income,2007,67102388.0,811667437725.0,12095.954583985893,73.01817073,958.727313,,,224.083,2.832,,5.47564506530762,
Thailand,THA,Asia,Upper middle income,2008,67619835.0,822020817321.0,12156.504335170295,73.32221951,887.567825,,,224.249,2.862,,6.21670293807983,
Thailand,THA,Asia,Upper middle income,2009,68121077.0,812859746470.0,11932.573327782236,73.58707317,827.3552443,,,228.836,2.98,,6.66360902786255,
Thailand,THA,Asia,Upper middle income,2010,68579443.0,870109340511.0,12687.611658073689,73.81378049,757.535169,,96.430908,241.019,2.75,,6.30023527145386,
Thailand,THA,Asia,Upper middle income,2011,69007212.0,873642799890.0,12660.166590848505,74.00890244,709.4151825,,,244.878,3.442,,6.23102474212646,
Thailand,THA,Asia,Upper middle income,2012,69436091.0,936920832597.0,13493.283091022506,74.18797561,694.0022155,,,262.348,3.781,,6.98546361923218,
Thailand,THA,Asia,Upper middle income,2013,69845112.0,962095812070.0,13774.704979641238,74.36507317,646.9499972,,93.702072,263.754,3.8,,6.20176267623901,
Thailand,THA,Asia,Upper middle income,2014,70216362.0,971562808709.0,13836.701034283149,,657.2442717,,,272.488,4.24,,6.07363986968994,
Thailand,THA,Asia,Upper middle income,2015,70540787.0,1002011619070.0,14204.712786518812,,668.6241644,,93.983017,277.099,4.202,,5.9388952255249,
Thailand,THA,Asia,Upper middle income,2016,70859835.0,1036430730493.0,14626.490881512778,,701.229279,,,284.045,4.617,,6.01156187057495,
Thailand,THA,Asia,Upper middle income,2017,71160183.0,1079732734924.0,15173.270913651248,,680.4701023,,,283.348,5.318,,6.02215147018433,
Thailand,THA,Asia,Upper middle income,2018,71376081.0,1125329902301.0,15766.20467998236,,,,,288.305,6.379,,5.88454437255859,
Thailand,THA,Asia,Upper middle income,2019,71522264.0,1149130685920.0,16066.754904738475,,,,,281.877,6.951,,5.98470020294189,
Thailand,THA,Asia,Upper middle income,2020,71641484.0,1078332670656.0,15051.791370709183,,,,,271.923,6.97,,5.89120006561279,
Thailand,THA,Asia,Upper middle income,2021,71727338.0,1095187026392.0,15268.75326659969,,,,,267.142,7.034,,,
Thailand,THA,Asia,Upper middle income,2022,71735321.0,1124143758569.0,15670.714829156477,,,,,272.573,7.248,,,
Thailand,THA,Asia,Upper middle income,2023,71702436.0,,,,,,,264.734,7.608,,,
Togo,TGO,Africa,Low income,1990,3714023.0,4744275000.0,1277.3951588345037,55.84843902,8260.961756,,,0.978,,,,
Togo,TGO,Africa,Low income,1991,3822637.0,4804300007.0,1256.8025703199128,55.83502439,8098.701904,,,1.05,,,,
Togo,TGO,Africa,Low income,1992,3932581.0,4695574340.0,1194.0184677696404,55.69768293,7905.919815,,,1.03,,,,
Togo,TGO,Africa,Low income,1993,3887976.0,3965510675.0,1019.9421691389042,55.45019512,7823.300872,,,1.069,,,,
Togo,TGO,Africa,Low income,1994,3904183.0,4562486354.0,1168.614881525789,55.11343902,7769.678193,,,1.007,,,,
Togo,TGO,Africa,Low income,1995,4110452.0,4920021949.0,1196.9539965434458,54.72787805,7695.785837,,,1.175,,,,
Togo,TGO,Africa,Low income,1996,4291129.0,5351687437.0,1247.1513760131659,54.34363415,7622.70977,,,1.265,,,,
Togo,TGO,Africa,Low income,1997,4438798.0,5606767164.0,1263.127352044405,54.00495122,7608.751831,,,0.879,,,,
Togo,TGO,Africa,Low income,1998,4551633.0,5539430872.0,1217.02054449469,53.74858537,7475.928598,,,1.29,,,,
Togo,TGO,Africa,Low income,1999,4665757.0,5739978782.0,1230.2352612877182,53.59417073,7255.812779,,,1.85,,,,
Togo,TGO,Africa,Low income,2000,4783721.0,5742626906.0,1200.4518879759082,53.54534146,7128.090765,,53.177601,1.331,,,,
Togo,TGO,Africa,Low income,2001,4904135.0,5728350754.0,1168.0654700574107,53.58819512,7030.620981,,,1.159,,,,
Togo,TGO,Africa,Low income,2002,5027128.0,5709447507.0,1135.7274982853032,53.68873171,6795.776159,,,1.322,,,,
Togo,TGO,Africa,Low income,2003,5154113.0,6045966479.0,1173.037238221203,53.81943902,6604.593061,,,1.805,,,,
Togo,TGO,Africa,Low income,2004,5281320.0,6257433355.0,1184.8237476615695,53.97126829,6412.41171,,,1.744,,,3.20242929458618,
Togo,TGO,Africa,Low income,2005,5413151.0,6399681696.0,1182.2470306111911,54.14317073,6230.941668,,,1.722,,,,
Togo,TGO,Africa,Low income,2006,5569659.0,6714729819.0,1205.5908304260638,54.34153659,6040.032692,,56.888371,1.501,,,2.80785512924194,
Togo,TGO,Africa,Low income,2007,5748437.0,6923652593.0,1204.4408928896673,54.57373171,5860.512829,,,1.517,,,,
Togo,TGO,Africa,Low income,2008,5936140.0,7155226201.0,1205.366821031849,54.84319512,5681.66838,,,1.523,,,,
Togo,TGO,Africa,Low income,2009,6130944.0,7467517725.0,1218.004556068364,55.14390244,5498.980184,,57.09338,2.536,,,2.93622088432312,
Togo,TGO,Africa,Low income,2010,6325791.0,7846071439.0,1240.3304881555523,55.46887805,5335.392966,,,2.596,,,,
Togo,TGO,Africa,Low income,2011,6500577.0,8309244000.0,1278.231763118874,55.80765854,5115.592447,,60.409939,2.504,,,,
Togo,TGO,Africa,Low income,2012,6653719.0,8791743000.0,1321.3276665275464,56.15034146,4920.60815,,,2.216,,,2.83895874023438,
Togo,TGO,Africa,Low income,2013,6798851.0,9242968000.0,1359.4897137766366,56.4885122,4740.729891,,,1.635,,,3.76830196380615,
Togo,TGO,Africa,Low income,2014,6937647.0,9806234000.0,1413.481256685444,,4576.116281,,,1.491,,,3.87857842445374,
Togo,TGO,Africa,Low income,2015,7071500.0,10346240000.0,1463.0898677791133,,4412.579291,,66.53759,1.798,,,4.36080503463745,
Togo,TGO,Africa,Low income,2016,7200883.0,10960546310.0,1522.1114285567478,,4317.489392,,,2.293,,,4.02289485931396,
Togo,TGO,Africa,Low income,2017,7324379.0,11420230383.0,1559.2080069859846,,4157.182236,,,1.912,,,4.17949390411377,
Togo,TGO,Africa,Low income,2018,7458205.0,11989462252.0,1607.5533257667228,,,,,2.034,,,,
Togo,TGO,Africa,Low income,2019,7619916.0,12579682405.0,1650.8951548809725,,,,,2.364,,10.99,4.1068000793457,
Togo,TGO,Africa,Low income,2020,7788058.0,12720130961.0,1633.2866243420376,,,,,2.751,,,4.11229991912842,
Togo,TGO,Africa,Low income,2021,7936185.0,13482266787.0,1698.834740747601,,,,,2.62,,,,
Togo,TGO,Africa,Low income,2022,8068616.0,14265660408.0,1768.043045796206,,,,,2.739,,,,
Togo,TGO,Africa,Low income,2023,8223853.0,,,,,,,2.671,,,,
Tonga,TON,Oceania,Upper middle income,1990,99717.0,,,69.58231707,1698.398231,,,0.081,,,,
Tonga,TON,Oceania,Upper middle income,1991,99911.0,,,69.69304878,1645.719221,,,0.088,,,,
Tonga,TON,Oceania,Upper middle income,1992,100045.0,,,69.79721951,1593.706026,,,0.073,,,,
Tonga,TON,Oceania,Upper middle income,1993,100120.0,,,69.90073171,1592.476221,,,0.084,,,,
Tonga,TON,Oceania,Upper middle income,1994,100187.0,,,70.00646341,1587.389442,,,0.088,,,,
Tonga,TON,Oceania,Upper middle income,1995,100240.0,,,70.11926829,1579.706983,,,0.095,,,,
Tonga,TON,Oceania,Upper middle income,1996,100294.0,,,70.2385122,1572.308713,,98.905373,0.077,,,,
Tonga,TON,Oceania,Upper middle income,1997,100691.0,,,70.36368293,1554.67285,,,0.095,,,,
Tonga,TON,Oceania,Upper middle income,1998,101406.0,,,70.49285366,1517.915898,,,0.092,,,,
Tonga,TON,Oceania,Upper middle income,1999,102058.0,,,70.62507317,1488.849337,,,0.11,,,,
Tonga,TON,Oceania,Upper middle income,2000,102695.0,,,70.76043902,1452.979655,,,0.099,,,,
Tonga,TON,Oceania,Upper middle income,2001,103305.0,,,70.89858537,1431.331918,,,0.092,,,,
Tonga,TON,Oceania,Upper middle income,2002,103888.0,,,71.03668293,1408.372686,,,0.095,,,,
Tonga,TON,Oceania,Upper middle income,2003,104481.0,,,71.17543902,1392.770797,,,0.117,,,,
Tonga,TON,Oceania,Upper middle income,2004,105088.0,,,71.31443902,1374.95369,,,0.114,,,,
Tonga,TON,Oceania,Upper middle income,2005,105684.0,,,71.45334146,1335.974668,,,0.114,,,,
Tonga,TON,Oceania,Upper middle income,2006,106266.0,,,71.59370732,1331.661167,,99.018463,0.128,,,,
Tonga,TON,Oceania,Upper middle income,2007,106744.0,,,71.7375122,1318.417804,,,0.114,,,,
Tonga,TON,Oceania,Upper middle income,2008,107036.0,,,71.88270732,1316.7195,,,0.106,,,,
Tonga,TON,Oceania,Upper middle income,2009,107219.0,,,72.0317561,1305.183082,,,0.121,,,,
Tonga,TON,Oceania,Upper middle income,2010,107415.0,,,72.18263415,1272.728968,,,0.117,,,,
Tonga,TON,Oceania,Upper middle income,2011,107584.0,,,72.3352439,1241.954707,,99.385529,0.106,,,,
Tonga,TON,Oceania,Upper middle income,2012,107476.0,,,72.489,1223.766051,,,0.106,,,,
Tonga,TON,Oceania,Upper middle income,2013,107093.0,,,72.64231707,1213.340749,,,0.11,,,,
Tonga,TON,Oceania,Upper middle income,2014,106627.0,,,,1205.338857,,,0.106,,,,
Tonga,TON,Oceania,Upper middle income,2015,106110.0,,,,1192.65634,,99.397858,0.106,,,,
Tonga,TON,Oceania,Upper middle income,2016,105536.0,,,,1176.532534,,,0.139,,,,
Tonga,TON,Oceania,Upper middle income,2017,105373.0,,,,1161.49148,,,0.143,,,,
Tonga,TON,Oceania,Upper middle income,2018,105590.0,,,,,,,0.132,,,,
Tonga,TON,Oceania,Upper middle income,2019,105688.0,,,,,,,0.161,,,,
Tonga,TON,Oceania,Upper middle income,2020,105721.0,,,,,,,0.139,,,,
Tonga,TON,Oceania,Upper middle income,2021,105504.0,,,,,,,0.139,,,,
Tonga,TON,Oceania,Upper middle income,2022,105053.0,,,,,,,0.147,,,,
Tonga,TON,Oceania,Upper middle income,2023,104613.0,,,,,,,0.146,,,,
Trinidad and Tobago,TTO,Americas,High income,1990,1252215.0,17710560000.0,14143.385920149494,68.02290244,2121.550797,,96.938553,16.978,0.139,,,
Trinidad and Tobago,TTO,Americas,High income,1991,1262174.0,17744930735.0,14059.02097095963,68.11058537,2106.569373,,,16.964,0.113,,,
Trinidad and Tobago,TTO,Americas,High income,1992,1271681.0,18033685367.0,14180.981997057439,68.19163415,2135.512775,,,19.098,0.128,,,
Trinidad and Tobago,TTO,Americas,High income,1993,1280474.0,17565341385.0,13717.843068270031,68.26412195,2164.243958,,,17.405,0.113,,,
Trinidad and Tobago,TTO,Americas,High income,1994,1288353.0,17136543834.0,13301.12464052942,68.32809756,2183.463338,,,15.342,0.122,,,
Trinidad and Tobago,TTO,Americas,High income,1995,1295167.0,18276117548.0,14111.012362112377,68.3837561,2215.980714,,,14.725,0.116,,,
Trinidad and Tobago,TTO,Americas,High income,1996,1300937.0,19382659994.0,14898.999716358287,68.43082927,2233.388795,,,18.449,0.053,,,
Trinidad and Tobago,TTO,Americas,High income,1997,1305838.0,20630081772.0,15798.34694043212,68.47260976,2284.375317,,,18.9,0.056,,,
Trinidad and Tobago,TTO,Americas,High income,1998,1310226.0,22081300091.0,16853.046795743634,68.51131707,2338.359304,,,19.892,0.055,,,
Trinidad and Tobago,TTO,Americas,High income,1999,1314711.0,23618240997.0,17964.587652343365,68.55156098,2405.268228,,,22.58,0.049,,,
Trinidad and Tobago,TTO,Americas,High income,2000,1319781.0,24996996038.0,18940.260572019146,68.59795122,2457.03036,,,24.35,0.054,,,
Trinidad and Tobago,TTO,Americas,High income,2001,1325573.0,25814786793.0,19474.436181937923,68.654,2448.118247,,,26.74,0.074,,,
Trinidad and Tobago,TTO,Americas,High income,2002,1332017.0,27665233734.0,20769.429920188708,68.72304878,2416.514183,,,28.683,0.06,,,
Trinidad and Tobago,TTO,Americas,High income,2003,1338718.0,31435997895.0,23482.165695090378,68.80543902,2337.642086,,,32.37,0.028,,,
Trinidad and Tobago,TTO,Americas,High income,2004,1345386.0,33689560531.0,25040.81396045447,68.90056098,2152.148763,,98.288513,32.688,0.046,,5.83218860626221,
Trinidad and Tobago,TTO,Americas,High income,2005,1352040.0,35495977662.0,26253.644612585427,69.00778049,2005.046165,,,38.205,0.041,,,
Trinidad and Tobago,TTO,Americas,High income,2006,1358706.0,39852731106.0,29331.386706174846,69.12446341,1829.794111,,,42.708,0.041,,6.69644403457642,
Trinidad and Tobago,TTO,Americas,High income,2007,1365381.0,41413662308.0,30331.213271606972,69.24402439,1704.661791,,,45.564,0.031,,,
Trinidad and Tobago,TTO,Americas,High income,2008,1372090.0,42494149374.0,30970.38049544855,69.36436585,1708.926909,,,44.443,0.033,,,
Trinidad and Tobago,TTO,Americas,High income,2009,1379056.0,40299152132.0,29222.273883004025,69.4824878,1691.453191,,,44.417,0.032,,6.51874589920044,
Trinidad and Tobago,TTO,Americas,High income,2010,1386657.0,41285434067.0,29773.35712220109,69.59736585,1647.399771,,,47.092,0.005,,,
Trinidad and Tobago,TTO,Americas,High income,2011,1394990.0,40819362692.0,29261.401653058445,69.70856098,1614.499152,,,47.043,0.005,,6.16770696640015,
Trinidad and Tobago,TTO,Americas,High income,2012,1403814.0,42669299120.0,30395.265412654382,69.81714634,1607.197614,,,46.159,0.007,,,
Trinidad and Tobago,TTO,Americas,High income,2013,1412658.0,44309506041.0,31366.053242186008,69.92521951,1593.848108,,,45.799,0.007,,,
Trinidad and Tobago,TTO,Americas,High income,2014,1421135.0,45781910542.0,32215.032732287924,,1576.397339,,98.919487,46.866,0.007,,,
Trinidad and Tobago,TTO,Americas,High income,2015,1429190.0,45435797433.0,31791.29257341571,,1572.474693,,98.969582,45.534,0.007,,6.19185972213745,
Trinidad and Tobago,TTO,Americas,High income,2016,1437031.0,42362516644.0,29479.194703524143,,1576.689794,,,39.867,0.008,,,
Trinidad and Tobago,TTO,Americas,High income,2017,1445265.0,40368511597.0,27931.563828778806,,1580.667616,,,40.297,0.008,,,
Trinidad and Tobago,TTO,Americas,High income,2018,1470522.0,40016907555.0,27212.722798434843,,,,,40.307,0.008,,,
Trinidad and Tobago,TTO,Americas,High income,2019,1484898.0,40060922958.0,26978.905593515516,,,,,40.755,0.008,,,
Trinidad and Tobago,TTO,Americas,High income,2020,1481026.0,36985045051.0,24972.583230139106,,,,,35.043,0.009,,,
Trinidad and Tobago,TTO,Americas,High income,2021,1487715.0,36605213818.0,24604.99075293319,,,,,36.389,0.009,,,
Trinidad and Tobago,TTO,Americas,High income,2022,1495923.0,37513383973.0,25077.082157972036,,,,,37.493,0.009,,,
Trinidad and Tobago,TTO,Americas,High income,2023,1502938.0,,,,,,,35.536,0.009,,,
Tunisia,TUN,Africa,Lower middle income,1990,8324509.0,43649701957.0,5243.51669954348,70.30731707,4335.598458,,,14.622,,,,
Tunisia,TUN,Africa,Lower middle income,1991,8501826.0,45587109207.0,5362.037426665754,70.50731707,4082.973559,,,16.755,,,,
Tunisia,TUN,Africa,Lower middle income,1992,8682509.0,49384845105.0,5687.854179592558,70.75609756,3810.547906,,,15.843,,,,
Tunisia,TUN,Africa,Lower middle income,1993,8857916.0,50757975923.0,5730.239022700148,70.75365854,3567.81512,,,17.18,,,,
Tunisia,TUN,Africa,Lower middle income,1994,9018447.0,52754322601.0,5849.601666561882,70.95365854,3316.765686,,59.06181,16.761,,,,
Tunisia,TUN,Africa,Lower middle income,1995,9161263.0,54252486853.0,5921.9440434141015,71.35365854,3040.622233,,,16.623,,,,
Tunisia,TUN,Africa,Lower middle income,1996,9294433.0,58083472037.0,6249.275457362488,71.55365854,2765.594037,,,17.211,,,,
Tunisia,TUN,Africa,Lower middle income,1997,9421273.0,61515605479.0,6529.436677930891,71.90243902,2537.159882,,,17.81,,,,
Tunisia,TUN,Africa,Lower middle income,1998,9541669.0,64700491559.0,6780.8358851056355,72.05121951,2316.664112,,,18.292,,,,
Tunisia,TUN,Africa,Lower middle income,1999,9655966.0,68718201843.0,7116.657395334656,72.5,2165.086043,,,18.709,,,,
Tunisia,TUN,Africa,Lower middle income,2000,9764940.0,71818861344.0,7354.7672944227,72.6,2085.136781,,,19.436,,,,
Tunisia,TUN,Africa,Lower middle income,2001,9869679.0,75444595962.0,7644.077984907108,72.84878049,1996.927207,,,20.261,,,,
Tunisia,TUN,Africa,Lower middle income,2002,9971521.0,76877531228.0,7709.709604783463,73.0,1889.104668,,,20.38,,,,
Tunisia,TUN,Africa,Lower middle income,2003,10071638.0,81240064067.0,8066.221608342158,73.05121951,1787.065943,,,21.042,,,,
Tunisia,TUN,Africa,Lower middle income,2004,10166170.0,86232298416.0,8482.27979819342,73.30243902,1684.817275,,74.296997,22.144,,,,
Tunisia,TUN,Africa,Lower middle income,2005,10255474.0,89804282207.0,8756.716872082168,73.50243902,1618.252841,,,22.516,,,,
Tunisia,TUN,Africa,Lower middle income,2006,10346408.0,95016289901.0,9183.505029088356,73.9,1554.579062,,,22.915,,,,
Tunisia,TUN,Africa,Lower middle income,2007,10441705.0,101101822575.0,9682.501332397344,74.20243902,1499.410072,,77.190399,24.725,,,5.02547025680542,
Tunisia,TUN,Africa,Lower middle income,2008,10542637.0,105766317552.0,10032.245021051185,74.30243902,1452.441712,,77.561127,25.453,,,5.13052082061768,
Tunisia,TUN,Africa,Lower middle income,2009,10650682.0,109299724050.0,10262.227719314125,74.45121951,1413.857392,,,25.353,,,4.8764820098877,
Tunisia,TUN,Africa,Lower middle income,2010,10765984.0,112484995734.0,10448.185296764328,74.60243902,1406.74783,,79.130577,27.9,,,4.46353101730347,
Tunisia,TUN,Africa,Lower middle income,2011,10886041.0,110760053250.0,10174.502672734743,74.34390244,1360.107389,,79.653908,26.429,,,5.24560499191284,
Tunisia,TUN,Africa,Lower middle income,2012,11009649.0,115430801370.0,10484.512391811946,73.99512195,1232.461039,,80.21875,28.194,,,4.76359462738037,
Tunisia,TUN,Africa,Lower middle income,2013,11141365.0,118235775346.0,10612.324014696584,73.64634146,1146.230082,,,28.773,,,5.13161182403564,
Tunisia,TUN,Africa,Lower middle income,2014,11274295.0,121889250523.0,10811.252545990681,,1062.874373,,,29.875,,,4.52145338058472,
Tunisia,TUN,Africa,Lower middle income,2015,11402270.0,123069138453.0,10793.389250824617,,986.3758438,,81.054192,31.381,,,4.124342918396,
Tunisia,TUN,Africa,Lower middle income,2016,11528676.0,124443824545.0,10794.285878534534,,922.6040539,,,30.971,,,4.7411322593689,
Tunisia,TUN,Africa,Lower middle income,2017,11650504.0,127228891219.0,10920.46242969403,,874.124594,,,31.677,,,4.31547975540161,
Tunisia,TUN,Africa,Lower middle income,2018,11765515.0,130568635947.0,11097.57082006185,,,,,31.122,,,4.73081111907959,
Tunisia,TUN,Africa,Lower middle income,2019,11875084.0,132642060864.0,11169.778745480875,,,,,30.579,,67.03,4.59649991989136,
Tunisia,TUN,Africa,Lower middle income,2020,11974058.0,120945694784.0,10100.643807137063,,,,,28.845,,,4.51599979400635,
Tunisia,TUN,Africa,Lower middle income,2021,12048625.0,126273349199.0,10480.312002323917,,,,,31.527,,,,
Tunisia,TUN,Africa,Lower middle income,2022,12119338.0,129457959410.0,10681.93323843266,,,,,30.785,,,,
Tunisia,TUN,Africa,Lower middle income,2023,12200434.0,,,,,,,31.738,,,,
Turkey,TUR,Asia,Upper middle income,1990,56015627.0,486761175773.0,8689.738950400395,64.28234146,6233.092494,,79.232452,154.572,11.585,,,
Turkey,TUR,Asia,Upper middle income,1991,57009892.0,498030901697.0,8735.868184016206,64.78309756,5914.283766,,,161.126,11.138,,,
Turkey,TUR,Asia,Upper middle income,1992,57990121.0,535075772045.0,9227.01596095997,65.30021951,5633.168418,,,167.234,12.401,,,
Turkey,TUR,Asia,Upper middle income,1993,58999164.0,586262069548.0,9936.786045781937,65.83790244,5357.460989,,,174.291,14.592,,,
Turkey,TUR,Asia,Upper middle income,1994,60033832.0,562010879560.0,9361.569315781808,66.39873171,5209.504445,,,170.592,13.571,,,
Turkey,TUR,Asia,Upper middle income,1995,61024501.0,610881311777.0,10010.426988612327,66.98192683,5086.199167,,,184.675,14.165,,,
Turkey,TUR,Asia,Upper middle income,1996,61951134.0,662700429389.0,10697.147680767232,67.58621951,4863.945166,,,203.098,14.756,,,
Turkey,TUR,Asia,Upper middle income,1997,62852968.0,722433616413.0,11494.02549157265,68.19968293,4625.31611,,,215.512,13.917,,,
Turkey,TUR,Asia,Upper middle income,1998,63734385.0,754598720693.0,11839.742718047723,68.81226829,4339.087041,,,215.586,14.377,,,
Turkey,TUR,Asia,Upper middle income,1999,64591916.0,725083487631.0,11225.607359766198,69.41539024,4023.586475,,,211.238,12.09,,,
Turkey,TUR,Asia,Upper middle income,2000,65425957.0,785054993224.0,11999.136569358856,69.99836585,3692.291008,,,232.934,10.096,,,
Turkey,TUR,Asia,Upper middle income,2001,66245125.0,732284634333.0,11054.166390855176,70.55185366,3469.881838,,,216.872,8.632,,,
Turkey,TUR,Asia,Upper middle income,2002,67048792.0,796073298321.0,11873.04460788794,71.07309756,3249.270502,,,224.32,10.918,,,
Turkey,TUR,Asia,Upper middle income,2003,67831735.0,848549642280.0,12509.62609580899,71.55987805,3000.010392,,,239.849,10.734,,4.71873378753662,
Turkey,TUR,Asia,Upper middle income,2004,68592621.0,931152861082.0,13575.117082666953,72.01112195,2705.965703,,87.365494,247.843,13.0,,,
Turkey,TUR,Asia,Upper middle income,2005,69329557.0,1017383777200.0,14674.60375089372,72.42836585,2420.255284,,88.229057,267.711,10.807,,5.62347173690796,
Turkey,TUR,Asia,Upper middle income,2006,70045351.0,1096826103018.0,15658.799440065623,72.81573171,2169.245559,,88.119392,285.429,10.874,,5.11823177337646,
Turkey,TUR,Asia,Upper middle income,2007,70750593.0,1158406990670.0,16373.106451136035,73.18192683,1982.080795,,88.655899,316.497,8.326,,5.21284151077271,
Turkey,TUR,Asia,Upper middle income,2008,71562343.0,1179868355277.0,16487.279563736476,73.53419512,1838.564571,,,312.628,7.784,,5.49034738540649,
Turkey,TUR,Asia,Upper middle income,2009,72464846.0,1122756788420.0,15493.813212823223,73.87609756,1763.995349,,90.816719,318.568,8.472,,5.27194404602051,
Turkey,TUR,Asia,Upper middle income,2010,73346766.0,1240496805446.0,16912.767571047374,74.21119512,1716.724054,,92.660599,318.71,11.71,,5.3090763092041,
Turkey,TUR,Asia,Upper middle income,2011,74215203.0,1364782716000.0,18389.53018830926,74.5404878,1545.115539,,94.106087,344.215,11.392,,4.88817739486694,
Turkey,TUR,Asia,Upper middle income,2012,75197196.0,1430132002360.0,19018.421941690485,74.86243902,1479.3655,,94.919746,358.645,12.031,,5.57979440689087,
Turkey,TUR,Asia,Upper middle income,2013,76403032.0,1551491738617.0,20306.677601708267,75.17595122,1468.882045,,95.25666,350.634,13.033,,5.51446533203125,
Turkey,TUR,Asia,Upper middle income,2014,78036154.0,1628131977724.0,20863.816247581857,,1464.483703,,95.439629,367.272,9.501,,5.32622194290161,
Turkey,TUR,Asia,Upper middle income,2015,80014222.0,1727192876718.0,21586.07349475947,,1406.023,,95.688103,387.704,13.673,,5.607262134552,
Turkey,TUR,Asia,Upper middle income,2016,81652087.0,1784590365590.0,21856.028806587638,,1349.466935,,,405.552,13.986,,5.1856894493103,
Turkey,TUR,Asia,Upper middle income,2017,83083667.0,1918472081554.0,23090.845058078623,,1223.451749,,,430.622,12.632,,4.87207365036011,
Turkey,TUR,Asia,Upper middle income,2018,84415966.0,1975637604336.0,23403.601213732483,,,,,423.818,14.13,,4.86155414581299,
Turkey,TUR,Asia,Upper middle income,2019,85357670.0,1991116616493.0,23326.74517114865,,,,,406.568,18.384,,4.9475998878479,
Turkey,TUR,Asia,Upper middle income,2020,86091691.0,2029749392174.0,23576.60035013135,,,,,416.328,18.103,,4.74420022964478,
Turkey,TUR,Asia,Upper middle income,2021,86686254.0,2260196231771.0,26073.294524539037,,,,,457.377,15.696,,,
Turkey,TUR,Asia,Upper middle income,2022,87058469.0,2385996374127.0,27406.826716961907,,,,,443.603,18.036,,,
Turkey,TUR,Asia,Upper middle income,2023,87270502.0,,,,,,,486.945,18.326,,,
Turkmenistan,TKM,Asia,High income,1990,3760561.0,21201768000.0,5637.926894418147,62.67414634,4893.21066,,,33.361,0.005,,,
Turkmenistan,TKM,Asia,High income,1991,3855902.0,20437989542.0,5300.443201616638,62.67829268,4866.95117,,,30.439,0.006,,,
Turkmenistan,TKM,Asia,High income,1992,3944689.0,17569987922.0,4454.0869817620605,62.70614634,4842.289825,,,31.994,0.008,,,
Turkmenistan,TKM,Asia,High income,1993,4032415.0,18037537140.0,4473.135116301273,62.77136585,4822.536893,,,27.516,0.011,,,
Turkmenistan,TKM,Asia,High income,1994,4116662.0,15091315379.0,3665.9107254858427,62.88056098,4985.81474,,,34.216,0.008,,,
Turkmenistan,TKM,Asia,High income,1995,4191207.0,14166397093.0,3380.028018897659,63.0302439,5295.551522,,98.77832,34.569,0.011,,,
Turkmenistan,TKM,Asia,High income,1996,4263818.0,13366623522.0,3134.895420489336,63.20982927,5542.685532,,,31.654,0.009,,,
Turkmenistan,TKM,Asia,High income,1997,4336732.0,11995995999.0,2766.13726626409,63.40012195,5732.521424,,,31.196,0.011,,,
Turkmenistan,TKM,Asia,High income,1998,4410511.0,12945785203.0,2935.2120883498533,63.58246341,5776.424085,,,33.446,0.012,,,
Turkmenistan,TKM,Asia,High income,1999,4492174.0,15251899688.0,3395.2156991247443,63.75121951,5696.684283,,,39.797,0.011,,,
Turkmenistan,TKM,Asia,High income,2000,4582675.0,18299208667.0,3993.1281766653756,63.89929268,5634.00612,,,39.361,0.007,,,
Turkmenistan,TKM,Asia,High income,2001,4675416.0,22282743473.0,4765.938148177616,64.02609756,5538.463399,,,34.034,0.006,,,
Turkmenistan,TKM,Asia,High income,2002,4769473.0,26092440396.0,5470.71770738612,64.13760976,5324.941558,,,30.131,0.007,,,
Turkmenistan,TKM,Asia,High income,2003,4863871.0,30907677346.0,6354.542985617834,64.24039024,5109.667897,,,40.568,0.005,,,
Turkmenistan,TKM,Asia,High income,2004,4958091.0,35857575608.0,7232.1334174786225,64.33743902,4904.630834,,,49.355,0.005,,,
Turkmenistan,TKM,Asia,High income,2005,5052260.0,41000508021.0,8115.280690423691,64.43236585,4717.339261,,,47.929,0.005,,,
Turkmenistan,TKM,Asia,High income,2006,5147103.0,46019998793.0,8940.951598015426,64.53129268,4538.836123,,,49.5,0.005,,,
Turkmenistan,TKM,Asia,High income,2007,5244047.0,51693703669.0,9857.597323021704,64.63782927,4297.817956,,,49.183,0.005,,6.56771326065063,
Turkmenistan,TKM,Asia,High income,2008,5345033.0,60001295021.0,11225.617320042738,64.75404878,4044.505324,,,59.438,0.005,,,
Turkmenistan,TKM,Asia,High income,2009,5451597.0,64409212896.0,11814.742156472681,64.88102439,3746.757811,,,52.462,0.004,,5.79175472259521,
Turkmenistan,TKM,Asia,High income,2010,5564356.0,71115148352.0,12780.481398386444,65.01821951,3395.76235,,,59.184,0.003,,5.46382713317871,
Turkmenistan,TKM,Asia,High income,2011,5683413.0,82520290491.0,14519.495678213074,65.16360976,3103.432113,,,65.155,0.004,,5.39176273345947,
Turkmenistan,TKM,Asia,High income,2012,5808548.0,87581261691.0,15077.995686873897,65.31358537,2865.71801,,,66.939,0.003,,5.78737926483154,
Turkmenistan,TKM,Asia,High income,2013,5939348.0,87286119372.0,14696.246014208968,65.46258537,2650.544564,,,64.34,0.005,,5.79146003723145,
Turkmenistan,TKM,Asia,High income,2014,6075286.0,90639646545.0,14919.404048632443,,2458.318064,,99.672852,62.799,0.006,,5.88705158233643,
Turkmenistan,TKM,Asia,High income,2015,6215773.0,93346148579.0,15017.625093290892,,2337.505359,,99.692932,63.092,0.007,,5.22914886474609,
Turkmenistan,TKM,Asia,High income,2016,6360041.0,92434154525.0,14533.578403818467,,2216.716412,,,62.091,0.007,,4.62060165405273,
Turkmenistan,TKM,Asia,High income,2017,6507065.0,96785037864.0,14873.839106263731,,2121.412529,,,62.957,0.008,,5.47429990768433,
Turkmenistan,TKM,Asia,High income,2018,6655523.0,97638670425.0,14670.322741728936,,,,,61.302,0.007,,,
Turkmenistan,TKM,Asia,High income,2019,6803943.0,94329707021.0,13863.976670733426,,,,,62.254,0.007,,5.06640005111694,
Turkmenistan,TKM,Asia,High income,2020,6949915.0,91559235694.0,13174.151870058842,,,,,62.905,0.006,,5.47429990768433,
Turkmenistan,TKM,Asia,High income,2021,7092042.0,95789282239.0,13506.586994126656,,,,,91.694,0.006,,,
Turkmenistan,TKM,Asia,High income,2022,7230197.0,97502944727.0,13485.517023533384,,,,,102.063,0.005,,,
Turkmenistan,TKM,Asia,High income,2023,7364437.0,,,,,,,95.421,0.006,,,
Turks and Caicos Islands,TCA,Americas,Not classified,1990,11708.0,,,,,,,0.059,,,,
Turks and Caicos Islands,TCA,Americas,Not classified,1991,12328.0,,,,,,,0.062,,,,
Turks and Caicos Islands,TCA,Americas,Not classified,1992,12992.0,,,,,,,0.062,,,,
Turks and Caicos Islands,TCA,Americas,Not classified,1993,13670.0,,,,,,,0.066,,,,
Turks and Caicos Islands,TCA,Americas,Not classified,1994,14368.0,,,,,,,0.07,,,,
Turks and Caicos Islands,TCA,Americas,Not classified,1995,15074.0,,,,,,,0.073,,,,
Turks and Caicos Islands,TCA,Americas,Not classified,1996,15786.0,,,,,,,0.073,,,,
Turks and Caicos Islands,TCA,Americas,Not classified,1997,16505.0,,,,,,,0.084,,,,
Turks and Caicos Islands,TCA,Americas,Not classified,1998,17236.0,,,,,,,0.088,,,,
Turks and Caicos Islands,TCA,Americas,Not classified,1999,17981.0,,,,,,,0.099,,,,
Turks and Caicos Islands,TCA,Americas,Not classified,2000,18754.0,,,,,,,0.106,,,,
Turks and Caicos Islands,TCA,Americas,Not classified,2001,19603.0,,,,,,,0.114,,,,
Turks and Caicos Islands,TCA,Americas,Not classified,2002,20619.0,,,,,,,0.15,,,,
Turks and Caicos Islands,TCA,Americas,Not classified,2003,21749.0,,,,,,,0.154,,,,
Turks and Caicos Islands,TCA,Americas,Not classified,2004,22881.0,,,,,,,0.161,,,,
Turks and Caicos Islands,TCA,Americas,Not classified,2005,24011.0,,,,,,,0.187,,,,
Turks and Caicos Islands,TCA,Americas,Not classified,2006,25146.0,,,,,,,0.216,,,,
Turks and Caicos Islands,TCA,Americas,Not classified,2007,26290.0,,,,,,,0.253,,,,
Turks and Caicos Islands,TCA,Americas,Not classified,2008,27452.0,,,,,,,0.264,,,,
Turks and Caicos Islands,TCA,Americas,Not classified,2009,28610.0,,,,,,,0.275,,,,
Turks and Caicos Islands,TCA,Americas,Not classified,2010,29763.0,,,,,,,0.282,,,,
Turks and Caicos Islands,TCA,Americas,Not classified,2011,30870.0,,,,,,,0.282,,,,
Turks and Caicos Islands,TCA,Americas,Not classified,2012,32152.0,,,,,,,0.282,,,,
Turks and Caicos Islands,TCA,Americas,Not classified,2013,33675.0,,,,,,,0.286,,,,
Turks and Caicos Islands,TCA,Americas,Not classified,2014,35077.0,,,,,,,0.308,,,,
Turks and Caicos Islands,TCA,Americas,Not classified,2015,36632.0,,,,,,,0.315,,,,
Turks and Caicos Islands,TCA,Americas,Not classified,2016,38342.0,,,,,,,0.326,,,,
Turks and Caicos Islands,TCA,Americas,Not classified,2017,39931.0,,,,,,,0.352,,,,
Turks and Caicos Islands,TCA,Americas,Not classified,2018,41580.0,,,,,,,0.359,,,,
Turks and Caicos Islands,TCA,Americas,Not classified,2019,43191.0,,,,,,,0.363,,,,
Turks and Caicos Islands,TCA,Americas,Not classified,2020,44405.0,,,,,,,0.359,,,,
Turks and Caicos Islands,TCA,Americas,Not classified,2021,45262.0,,,,,,,0.366,,,,
Turks and Caicos Islands,TCA,Americas,Not classified,2022,45869.0,,,,,,,0.366,,,,
Turks and Caicos Islands,TCA,Americas,Not classified,2023,46221.0,,,,,,,0.365,,,,
Tuvalu,TUV,Oceania,Upper middle income,1990,8821.0,,,,,,,0.004,,,,
Tuvalu,TUV,Oceania,Upper middle income,1991,8953.0,,,,,,,0.004,,,,
Tuvalu,TUV,Oceania,Upper middle income,1992,9060.0,,,,,,,0.004,,,,
Tuvalu,TUV,Oceania,Upper middle income,1993,9146.0,,,,,,,0.007,,,,
Tuvalu,TUV,Oceania,Upper middle income,1994,9231.0,,,,,,,0.004,,,,
Tuvalu,TUV,Oceania,Upper middle income,1995,9299.0,,,,,,,0.004,,,,
Tuvalu,TUV,Oceania,Upper middle income,1996,9363.0,,,,,,,0.004,,,,
Tuvalu,TUV,Oceania,Upper middle income,1997,9425.0,,,,,,,0.007,,,,
Tuvalu,TUV,Oceania,Upper middle income,1998,9469.0,,,,,,,0.007,,,,
Tuvalu,TUV,Oceania,Upper middle income,1999,9518.0,,,,,,,0.007,,,,
Tuvalu,TUV,Oceania,Upper middle income,2000,9566.0,,,,,,,0.007,,,,
Tuvalu,TUV,Oceania,Upper middle income,2001,9608.0,,,,,,,0.007,,,,
Tuvalu,TUV,Oceania,Upper middle income,2002,9645.0,,,,,,,0.011,,,,
Tuvalu,TUV,Oceania,Upper middle income,2003,9715.0,,,,,,,0.011,,,,
Tuvalu,TUV,Oceania,Upper middle income,2004,9839.0,,,,,,,0.011,,,,
Tuvalu,TUV,Oceania,Upper middle income,2005,9964.0,,,,,,,0.011,,,,
Tuvalu,TUV,Oceania,Upper middle income,2006,10078.0,,,,,,,0.011,,,,
Tuvalu,TUV,Oceania,Upper middle income,2007,10204.0,,,,,,,0.011,,,,
Tuvalu,TUV,Oceania,Upper middle income,2008,10344.0,,,,,,,0.007,,,,
Tuvalu,TUV,Oceania,Upper middle income,2009,10479.0,,,,,,,0.011,,,,
Tuvalu,TUV,Oceania,Upper middle income,2010,10635.0,,,,,,,0.011,,,,
Tuvalu,TUV,Oceania,Upper middle income,2011,10804.0,,,,,,,0.011,,,,
Tuvalu,TUV,Oceania,Upper middle income,2012,10960.0,,,,,,,0.011,,,,
Tuvalu,TUV,Oceania,Upper middle income,2013,11028.0,,,,,,,0.007,,,,
Tuvalu,TUV,Oceania,Upper middle income,2014,11007.0,,,,,,,0.007,,,,
Tuvalu,TUV,Oceania,Upper middle income,2015,10985.0,,,,,,,0.007,,,,
Tuvalu,TUV,Oceania,Upper middle income,2016,10951.0,,,,,,,0.007,,,,
Tuvalu,TUV,Oceania,Upper middle income,2017,10892.0,,,,,,,0.007,,,,
Tuvalu,TUV,Oceania,Upper middle income,2018,10775.0,,,,,,,0.011,,,,
Tuvalu,TUV,Oceania,Upper middle income,2019,10603.0,,,,,,,0.011,,,,
Tuvalu,TUV,Oceania,Upper middle income,2020,10423.0,,,,,,,0.011,,,,
Tuvalu,TUV,Oceania,Upper middle income,2021,10214.0,,,,,,,0.011,,,,
Tuvalu,TUV,Oceania,Upper middle income,2022,10012.0,,,,,,,0.011,,,,
Tuvalu,TUV,Oceania,Upper middle income,2023,9837.0,,,,,,,0.011,,,,
Uganda,UGA,Africa,Low income,1990,17569895.0,16268766281.0,925.9455609154181,47.50065854,10065.05372,,,0.761,,,,
Uganda,UGA,Africa,Low income,1991,18155901.0,16538921393.0,910.9391703006091,47.05504878,9844.973325,,56.10738,0.783,,,,
Uganda,UGA,Africa,Low income,1992,18785037.0,17483615008.0,930.7202859382178,46.64090244,9677.882494,,,0.801,,,,
Uganda,UGA,Africa,Low income,1993,19445161.0,18599694641.0,956.5204752483149,46.29707317,9537.799139,,,0.797,,,,
Uganda,UGA,Africa,Low income,1994,20108804.0,19993293080.0,994.2557041184548,46.05839024,9331.968151,,,0.712,,,,
Uganda,UGA,Africa,Low income,1995,20665673.0,21811147459.0,1055.428848554799,45.96621951,9185.382668,,,0.925,,,,
Uganda,UGA,Africa,Low income,1996,21231553.0,23216439568.0,1093.48758275007,46.05439024,9071.738906,,,1.018,,,,
Uganda,UGA,Africa,Low income,1997,21856044.0,24283122652.0,1111.048397047517,46.32280488,8978.474383,,,1.062,,,,
Uganda,UGA,Africa,Low income,1998,22515809.0,25735377689.0,1142.991472746993,46.76334146,8980.692439,,,1.209,,,,
Uganda,UGA,Africa,Low income,1999,23257279.0,27748054330.0,1193.091175025247,47.36487805,8713.911423,,,1.255,,,,
Uganda,UGA,Africa,Low income,2000,24000158.0,28839086120.0,1201.6206776638721,48.10936585,8530.446999,,,1.361,,,,
Uganda,UGA,Africa,Low income,2001,24745678.0,31387264047.0,1268.3937795925415,48.97280488,8297.848253,,,1.417,,,,
Uganda,UGA,Africa,Low income,2002,25532872.0,33626854165.0,1317.0024180985201,49.9127561,8040.213084,,68.142509,1.443,,,,
Uganda,UGA,Africa,Low income,2003,26352124.0,35593796200.0,1350.699328828295,50.88878049,7750.835809,,,1.513,,,,
Uganda,UGA,Africa,Low income,2004,27154513.0,37411396915.0,1377.7229926752875,51.87136585,7452.994448,,,1.607,,,3.73358392715454,
Uganda,UGA,Africa,Low income,2005,27963287.0,40921116463.0,1463.3872070547357,52.83992683,7137.52831,,,2.018,,,4.45583868026733,
Uganda,UGA,Africa,Low income,2006,28794005.0,43572248099.0,1513.2402768909708,53.78785366,6811.678288,,71.373138,2.387,,,4.56861925125122,
Uganda,UGA,Africa,Low income,2007,29653437.0,46853864818.0,1580.0483707166895,54.71763415,6502.565309,,,2.706,,,4.61198568344116,
Uganda,UGA,Africa,Low income,2008,30539547.0,51468911832.0,1685.3200812703608,55.62439024,6221.124222,,,2.78,,,4.19288206100464,
Uganda,UGA,Africa,Low income,2009,31451147.0,55303695281.0,1758.3999490066292,56.4917561,5974.866678,,,2.996,,,4.82600116729736,
Uganda,UGA,Africa,Low income,2010,32390801.0,59228535712.0,1828.5603900934714,57.29653659,5765.996613,,73.211884,3.57,,,4.30923795700073,
Uganda,UGA,Africa,Low income,2011,33354541.0,62855840742.0,1884.4762619278736,58.01753659,5487.435074,,,3.828,,,3.7095787525177,
Uganda,UGA,Africa,Low income,2012,34337436.0,64322268140.0,1873.240277462767,58.64797561,5239.05157,,70.198219,3.627,,,3.7699191570282,
Uganda,UGA,Africa,Low income,2013,35337050.0,66855286085.0,1891.9317284549786,59.19,5033.986851,,,3.755,,,4.23768663406372,
Uganda,UGA,Africa,Low income,2014,36395542.0,70696115682.0,1942.4388756732899,,4852.932179,,,4.09,,,4.23326110839844,
Uganda,UGA,Africa,Low income,2015,37531444.0,76356053069.0,2034.4555106646044,,4581.645752,,73.809837,4.529,,,4.00051689147949,
Uganda,UGA,Africa,Low income,2016,38799153.0,76477462940.0,1971.111661638593,,4404.263549,,,4.817,,,4.32171487808228,
Uganda,UGA,Africa,Low income,2017,40177384.0,81700865546.0,2033.5038624217048,,4238.49771,,,5.406,,,4.94805145263672,
Uganda,UGA,Africa,Low income,2018,41565839.0,86196050499.0,2073.7233404334747,,,,,5.549,,,4.64090967178345,
Uganda,UGA,Africa,Low income,2019,42999636.0,92903828922.0,2160.572450473767,,,,,5.761,,41.56,4.63649988174438,
Uganda,UGA,Africa,Low income,2020,44457148.0,91695146192.0,2062.551250296128,,,,,5.571,,,4.60260009765625,
Uganda,UGA,Africa,Low income,2021,45910931.0,97200521048.0,2117.154214276334,,,,,6.232,,,,
Uganda,UGA,Africa,Low income,2022,47312718.0,101995416951.0,2155.771666954327,,,,,6.128,,,,
Uganda,UGA,Africa,Low income,2023,48656606.0,,,,,,,6.236,,,,
Ukraine,UKR,Europe,Lower middle income,1990,52054096.0,495935180914.0,9527.303690260993,70.13658537,1593.111922,,,706.526,0.916,,,
Ukraine,UKR,Europe,Lower middle income,1991,52170967.0,460353469353.0,8823.9397470436,68.87804878,1563.661882,,,633.194,1.089,,,
Ukraine,UKR,Europe,Lower middle income,1992,52323675.0,421710473536.0,8059.649356357328,69.06829268,1501.456809,,,589.505,0.867,,,
Ukraine,UKR,Europe,Lower middle income,1993,52350122.0,367893677382.0,7027.561031892151,68.47560976,1493.876392,,,510.495,1.386,,,
Ukraine,UKR,Europe,Lower middle income,1994,52076000.0,288418666392.0,5538.418204009525,67.83853659,1534.082277,,,419.63,1.781,,,
Ukraine,UKR,Europe,Lower middle income,1995,51665535.0,257477945796.0,4983.553268073194,67.13707317,1504.867192,,,390.173,1.5,,,
Ukraine,UKR,Europe,Lower middle income,1996,51226111.0,235602711740.0,4599.269925839188,66.88780488,1445.934063,,,351.834,1.396,,,
Ukraine,UKR,Europe,Lower middle income,1997,50786881.0,232333254592.0,4574.670663315591,67.29536585,1389.067552,,,340.586,1.653,,,
Ukraine,UKR,Europe,Lower middle income,1998,50379728.0,231737294856.0,4599.81234626753,67.98878049,1324.699143,,,328.878,2.738,,,
Ukraine,UKR,Europe,Lower middle income,1999,49976445.0,235148309693.0,4705.1828054796615,68.21341463,1285.346723,,,298.636,2.529,,,
Ukraine,UKR,Europe,Lower middle income,2000,49556654.0,253196030608.0,5109.223689880273,67.8595122,1221.803919,,,285.663,1.985,,,
Ukraine,UKR,Europe,Lower middle income,2001,49106854.0,281110336028.0,5724.462333262074,68.28707317,1141.633546,,99.430412,303.876,2.138,,,
Ukraine,UKR,Europe,Lower middle income,2002,48677280.0,301087057315.0,6185.371436427837,68.27560976,1047.818207,,,295.901,1.709,,,
Ukraine,UKR,Europe,Lower middle income,2003,48315133.0,335257370240.0,6938.972314119471,68.21073171,1006.673684,,,307.245,1.593,,,
Ukraine,UKR,Europe,Lower middle income,2004,47979502.0,381078098070.0,7942.518829603525,68.18536585,1012.024521,,,310.626,2.023,,4.80395412445068,
Ukraine,UKR,Europe,Lower middle income,2005,47585558.0,399366244154.0,8392.593487166841,67.95682927,1006.109656,,,313.513,2.086,,5.25218152999878,
Ukraine,UKR,Europe,Lower middle income,2006,47278691.0,436786761547.0,9238.554458857585,68.07756098,1022.481366,,,333.054,2.136,,5.1723804473877,
Ukraine,UKR,Europe,Lower middle income,2007,47062802.0,480580682697.0,10211.476203584309,68.22219512,1073.915491,,,336.829,1.736,,5.16563940048218,
Ukraine,UKR,Europe,Lower middle income,2008,46819168.0,499592169886.0,10670.67594806469,68.25146341,1023.282128,,,325.983,2.014,,5.05756139755249,
Ukraine,UKR,Europe,Lower middle income,2009,46623731.0,431074416655.0,9245.815540909844,69.19,934.8262606,,,277.593,2.408,,5.08313274383545,
Ukraine,UKR,Europe,Lower middle income,2010,46455997.0,439429783004.0,9459.053973246984,70.26536585,876.3192826,,,294.366,2.464,,5.03034210205078,
Ukraine,UKR,Europe,Lower middle income,2011,46307854.0,471221167316.0,10175.836852988265,70.80926829,829.6429779,,,308.376,1.981,,4.71080255508423,
Ukraine,UKR,Europe,Lower middle income,2012,46210051.0,472276721174.0,10220.216402141603,70.94414634,786.7505657,,,304.43,2.021,,4.29732990264893,
Ukraine,UKR,Europe,Lower middle income,2013,46126760.0,472286166147.0,10238.87578808917,71.1595122,724.8268197,,,297.54,2.878,,3.96454286575317,
Ukraine,UKR,Europe,Lower middle income,2014,45972379.0,441233307180.0,9597.791473441042,,732.1098066,,99.753471,257.703,2.199,,4.02869033813477,
Ukraine,UKR,Europe,Lower middle income,2015,45784904.0,398045419167.0,8693.813558438389,,795.6910293,,99.764107,223.85,1.85,,4.3110671043396,
Ukraine,UKR,Europe,Lower middle income,2016,45616831.0,407666198456.0,8936.749649619458,,762.9609681,,,234.106,2.277,,4.66190910339355,
Ukraine,UKR,Europe,Lower middle income,2017,45436037.0,417287091525.0,9184.055632426745,,721.1484544,,,223.288,2.87,,4.70176219940186,
Ukraine,UKR,Europe,Lower middle income,2018,45208903.0,431842093109.0,9552.147131484257,,,,,231.9,3.282,,5.26967573165894,
Ukraine,UKR,Europe,Lower middle income,2019,44957451.0,445656664440.0,9912.854366231752,,,,,222.188,3.22,,4.87480020523071,
Ukraine,UKR,Europe,Lower middle income,2020,44680008.0,428931213784.0,9600.070210014286,,,,,207.101,4.707,,5.08409976959229,
Ukraine,UKR,Europe,Lower middle income,2021,44298642.0,443313281092.0,10007.378580408853,,,,,210.636,5.89,,,
Ukraine,UKR,Europe,Lower middle income,2022,41048768.0,309166674673.0,7531.691929779719,,,,,143.04,7.503,,,
Ukraine,UKR,Europe,Lower middle income,2023,37732833.0,,,,,,,139.325,8.777,,,
United Arab Emirates,ARE,Asia,High income,1990,1898220.0,40641367500.0,21410.251446091603,71.72063415,1747.519055,,,51.908,0.0,,,
United Arab Emirates,ARE,Asia,High income,1991,2006630.0,,,72.0137561,1592.547005,,,56.896,0.0,,,
United Arab Emirates,ARE,Asia,High income,1992,2114738.0,,,72.29934146,1444.730236,,,58.005,0.0,,,
United Arab Emirates,ARE,Asia,High income,1993,2222098.0,55149661292.0,24818.734948683632,72.57790244,1310.9849,,,65.832,0.0,,,
United Arab Emirates,ARE,Asia,High income,1994,2328191.0,64654417907.0,27770.23788297438,72.85192683,1188.236789,,,75.35,0.0,,,
United Arab Emirates,ARE,Asia,High income,1995,2434667.0,75243844061.0,30905.18911251518,73.12190244,1075.275186,,,72.874,0.0,,,
United Arab Emirates,ARE,Asia,High income,1996,2597570.0,87750952594.0,33781.93950268905,73.38782927,981.6997432,,,75.836,0.0,,,
United Arab Emirates,ARE,Asia,High income,1997,2817410.0,104923199568.0,37241.01198192666,73.64973171,938.6440628,,,73.298,0.0,,,
United Arab Emirates,ARE,Asia,High income,1998,3040432.0,115962052318.0,38139.99205310298,73.90558537,948.5869458,,,80.625,0.0,,,
United Arab Emirates,ARE,Asia,High income,1999,3266011.0,131410914902.0,40235.90701378532,74.15790244,974.511643,,,77.844,0.0,,,
United Arab Emirates,ARE,Asia,High income,2000,3493583.0,160530689682.0,45950.157669647466,74.40568293,996.8585481,,,112.277,0.0,,,
United Arab Emirates,ARE,Asia,High income,2001,3723596.0,177271829556.0,47607.69684895998,74.64946341,1019.241807,,,101.896,0.0,,,
United Arab Emirates,ARE,Asia,High income,2002,3956829.0,195394872658.0,49381.68231631946,74.88921951,1042.395862,,,85.213,0.0,,,
United Arab Emirates,ARE,Asia,High income,2003,4192465.0,224547226340.0,53559.71399641977,75.1244878,1064.575012,,,107.106,0.0,,,
United Arab Emirates,ARE,Asia,High income,2004,4428964.0,252047957126.0,56909.01012652169,75.35573171,1089.601753,,,112.469,0.0,,6.73422193527222,
United Arab Emirates,ARE,Asia,High income,2005,4664797.0,262413275144.0,56253.95384708059,75.58195122,1110.258969,,90.033852,115.273,0.0,,,
United Arab Emirates,ARE,Asia,High income,2006,5009106.0,307378573765.0,61363.95871139481,75.80012195,1144.940985,,,122.723,0.0,,,
United Arab Emirates,ARE,Asia,High income,2007,5624640.0,367816178792.0,65393.728094953636,76.01121951,1224.827279,,,134.103,0.0,,6.8660626411438,
United Arab Emirates,ARE,Asia,High income,2008,6302669.0,464692468324.0,73729.47370772605,76.2147561,1251.530976,,,155.03,0.0,,7.0974555015564,
United Arab Emirates,ARE,Asia,High income,2009,6707063.0,480551549339.0,71648.58140425995,76.41070732,1395.98182,,,169.088,0.002,,7.11870145797729,
United Arab Emirates,ARE,Asia,High income,2010,6938372.0,490048925162.0,70628.80531081355,76.59860976,1314.862627,,,185.848,0.005,,7.21776676177979,
United Arab Emirates,ARE,Asia,High income,2011,7199436.0,551070287560.0,76543.53584919707,76.781,1303.744669,,,198.518,0.005,,6.6209511756897,
United Arab Emirates,ARE,Asia,High income,2012,7497122.0,577394943300.0,77015.545872136,76.95787805,1248.91753,,,208.324,0.006,,6.53985452651978,
United Arab Emirates,ARE,Asia,High income,2013,7831851.0,606587973942.0,77451.41907602685,77.13129268,1200.938461,,,214.188,0.02,,6.56839752197266,
United Arab Emirates,ARE,Asia,High income,2014,8236880.0,631858461256.0,76710.8979681627,,1140.985889,,,214.53,0.07,,6.83095026016235,
United Arab Emirates,ARE,Asia,High income,2015,8674633.0,674742705535.0,77783.42963154752,,1080.552127,,92.986366,225.045,0.062,,7.03941965103149,
United Arab Emirates,ARE,Asia,High income,2016,9030873.0,712265114847.0,78870.01786505025,,1034.889312,,,227.898,0.063,,6.60374355316162,
United Arab Emirates,ARE,Asia,High income,2017,9234330.0,717500233045.0,77699.21943930961,,983.2475599,,,196.493,0.154,,6.71078252792358,
United Arab Emirates,ARE,Asia,High income,2018,9346870.0,726928170282.0,77772.36339887042,,,,,204.105,0.263,,6.45839214324951,
United Arab Emirates,ARE,Asia,High income,2019,9377855.0,734982504070.0,78374.26619093599,,,,,204.058,0.744,,6.5605001449585,
United Arab Emirates,ARE,Asia,High income,2020,9448529.0,698549476819.0,73932.08792807854,,,,,215.266,1.082,,6.57600021362305,
United Arab Emirates,ARE,Asia,High income,2021,9789055.0,725904671328.0,74154.72395731763,,,,,212.173,1.243,,,
United Arab Emirates,ARE,Asia,High income,2022,10242085.0,779701520404.0,76127.22608765696,,,,,207.103,1.411,,,
United Arab Emirates,ARE,Asia,High income,2023,10642089.0,,,,,,,210.425,2.514,,,
United Kingdom,GBR,Europe,High income,1990,57367867.0,1505692258761.0,26246.265331095543,75.8804878,786.6323928,,,601.945,0.643,,,
United Kingdom,GBR,Europe,High income,1991,57555199.0,1488075367051.0,25854.751489105267,76.08292683,714.6390851,,,609.413,0.578,,,
United Kingdom,GBR,Europe,High income,1992,57719273.0,1491752084171.0,25844.95622754985,76.43414634,633.9114934,,,593.846,0.704,,,
United Kingdom,GBR,Europe,High income,1993,57861037.0,1527509015289.0,26399.613530759914,76.38536585,611.6032236,,,579.613,0.635,,,
United Kingdom,GBR,Europe,High income,1994,58003200.0,1585373248060.0,27332.513517530067,76.88536585,594.0005908,,,574.017,0.785,,,
United Kingdom,GBR,Europe,High income,1995,58154632.0,1623858039641.0,27923.10747733732,76.83658537,589.870254,,,566.159,0.752,,,
United Kingdom,GBR,Europe,High income,1996,58298563.0,1663446715470.0,28533.237010833356,77.08780488,597.6957435,,,586.761,0.615,,,
United Kingdom,GBR,Europe,High income,1997,58447091.0,1713864597603.0,29323.351569421993,77.21097561,562.4498147,,,562.708,0.788,,,
United Kingdom,GBR,Europe,High income,1998,58626822.0,1766619867063.0,30133.304293093013,77.1902439,540.0827286,,,568.544,0.943,,,
United Kingdom,GBR,Europe,High income,1999,58838663.0,1823341961805.0,30988.84082061824,77.3902439,544.800918,,,561.65,1.06,,,
United Kingdom,GBR,Europe,High income,2000,59057333.0,1889565292321.0,31995.438946100054,77.74146341,536.6458597,,,569.034,1.087,,,
United Kingdom,GBR,Europe,High income,2001,59288095.0,1939268312671.0,32709.236359694136,77.99268293,531.3403242,,,577.971,1.043,,,
United Kingdom,GBR,Europe,High income,2002,59540764.0,1983994308619.0,33321.61321643437,78.14390244,531.4459368,,,560.273,1.237,,,
United Kingdom,GBR,Europe,High income,2003,59820385.0,2050625402735.0,34279.70921175114,78.44634146,552.6168149,,99.0,571.619,1.194,,6.98355674743652,
United Kingdom,GBR,Europe,High income,2004,60169964.0,2099526641365.0,34893.26736783489,78.74634146,516.0273287,,,573.43,1.549,,,
United Kingdom,GBR,Europe,High income,2005,60596107.0,2161729510824.0,35674.39589516864,79.04878049,505.2129957,,,570.338,1.86,,6.80193090438843,
United Kingdom,GBR,Europe,High income,2006,61051093.0,2212618867772.0,36242.08444182973,79.24878049,502.9730798,,,567.846,2.047,,6.98646354675293,
United Kingdom,GBR,Europe,High income,2007,61535859.0,2267631534502.0,36850.57089236375,79.44878049,487.7379862,,,559.566,2.337,,6.90654706954956,
United Kingdom,GBR,Europe,High income,2008,62027303.0,2252034759561.0,36307.15266728589,79.6,469.5291703,,,544.932,2.81,,7.02936410903931,
United Kingdom,GBR,Europe,High income,2009,62506222.0,2151479208521.0,34420.2407325306,80.05121951,460.2990487,,,494.108,2.989,,6.86924886703491,
United Kingdom,GBR,Europe,High income,2010,63006482.0,2190919919855.0,34772.92891634547,80.40243902,437.7004445,,,511.905,3.043,,6.880784034729,
United Kingdom,GBR,Europe,High income,2011,63509285.0,2223011392593.0,35002.93528092782,80.95121951,423.8655865,,,469.713,4.268,,6.91805505752563,
United Kingdom,GBR,Europe,High income,2012,63960488.0,2255210551431.0,35259.4331586557,80.90487805,403.2965765,,,487.477,4.869,,6.75814771652222,
United Kingdom,GBR,Europe,High income,2013,64389386.0,2296252599482.0,35661.97384584472,80.95609756,386.0589756,,,477.611,6.655,,6.51544523239136,
United Kingdom,GBR,Europe,High income,2014,64865914.0,2369725553442.0,36532.67806327373,,388.388865,,,438.807,8.506,,6.82428359985352,
United Kingdom,GBR,Europe,High income,2015,65382107.0,2426435869267.0,37111.61938031456,,390.8318517,,,422.461,10.562,,7.10327339172363,
United Kingdom,GBR,Europe,High income,2016,65893359.0,2478973016876.0,37620.984185614216,,384.916716,,,399.43,10.659,,7.2334451675415,
United Kingdom,GBR,Europe,High income,2017,66354473.0,2539548543933.0,38272.45442719438,,387.5656751,,,387.367,12.44,,7.157151222229,
United Kingdom,GBR,Europe,High income,2018,66752473.0,2582848171416.0,38692.921105949135,,,,,379.73,13.98,,6.79817724227905,
United Kingdom,GBR,Europe,High income,2019,67110958.0,2624285076706.0,39103.67479340706,,,,,364.753,15.684,,7.06360006332397,
United Kingdom,GBR,Europe,High income,2020,67351860.0,2334804059780.0,34665.76958349777,,,,,326.263,19.068,,6.94250011444092,
United Kingdom,GBR,Europe,High income,2021,67668788.0,2512190098029.0,37124.79818655833,,,,,342.366,17.482,,,
United Kingdom,GBR,Europe,High income,2022,68179315.0,2615230634906.0,38358.12423322235,,,,,311.118,19.072,,,
United Kingdom,GBR,Europe,High income,2023,68682965.0,,,,,,,307.826,19.976,,,
United States,USA,Americas,High income,1990,253373387.0,9250377579093.0,36508.87604503231,75.21463415,920.2671931,,,5131.761,4.516,,,
United States,USA,Americas,High income,1991,256471424.0,9224688313722.0,35967.704198195584,75.36585366,858.915552,,,5076.413,4.519,,,
United States,USA,Americas,High income,1992,259606021.0,9552658514601.0,36796.75254758826,75.64219512,819.0081823,,,5178.77,4.083,,,
United States,USA,Americas,High income,1993,262633229.0,9814940456277.0,37371.28197238515,75.4195122,809.3790506,,,5279.52,4.377,,,
United States,USA,Americas,High income,1994,265474811.0,10211204686187.0,38463.930524041316,75.57439024,783.1520416,,,5361.863,4.076,,,
United States,USA,Americas,High income,1995,268205796.0,10488856843750.0,39107.49506602758,75.62195122,736.2343679,,,5425.837,4.551,,,
United States,USA,Americas,High income,1996,270860695.0,10886952373500.0,40193.91729575234,75.99658537,724.6102266,,,5601.094,4.791,,,
United States,USA,Americas,High income,1997,273468014.0,11375561318703.0,41597.41079884757,76.42926829,737.5862612,,,5673.144,4.884,,,
United States,USA,Americas,High income,1998,276119323.0,11881792533609.0,43031.36920848165,76.5804878,739.5540342,,,5736.36,4.489,,,
United States,USA,Americas,High income,1999,278785482.0,12438444530000.0,44616.54330335609,76.58292683,731.0486438,,,5800.281,4.383,,,
United States,USA,Americas,High income,2000,281484126.0,12947417795437.0,45996.97318433154,76.63658537,713.1128705,,,6023.158,3.856,,,
United States,USA,Americas,High income,2001,284279634.0,13073810008320.0,45989.26002669611,76.73658537,690.5260977,,,5903.562,3.287,,,
United States,USA,Americas,High income,2002,287084335.0,13307343638671.0,46353.43004232885,76.83658537,710.9408506,,,5947.819,3.851,,,
United States,USA,Americas,High income,2003,289908091.0,13680911930765.0,47190.51435775554,76.98780488,712.3279759,,99.0,6006.44,4.012,,,
United States,USA,Americas,High income,2004,292786248.0,14198910513593.0,48495.82454976847,77.33902439,695.7173303,,,6111.545,3.944,,7.18179368972778,
United States,USA,Americas,High income,2005,295716666.0,14673826218839.0,49621.235141474914,77.33902439,714.2241017,,,6126.903,4.055,,7.51268768310547,
United States,USA,Americas,High income,2006,298730208.0,15065164240312.0,50430.669001214636,77.58780488,704.6919648,,,6045.326,4.502,,7.28038597106934,
United States,USA,Americas,High income,2007,301844223.0,15333183877566.0,50798.33473429107,77.83902439,687.6997032,,,6121.542,4.222,,7.15803241729736,
United States,USA,Americas,High income,2008,304970325.0,15288552732632.0,50131.27992906195,77.93902439,656.289959,,,5919.221,4.833,,7.16361618041992,
United States,USA,Americas,High income,2009,308023452.0,14864003344421.0,48256.076762690784,78.0902439,623.2886756,,,5486.104,5.601,,7.1151385307312,
United States,USA,Americas,High income,2010,311062785.0,15239586726210.0,48991.9960248861,78.54146341,601.5369326,,,5669.25,5.642,,7.02622699737549,
United States,USA,Americas,High income,2011,314105075.0,15477885525000.0,49276.13960073711,78.64146341,608.2642624,,,5538.973,6.653,,7.24928522109985,
United States,USA,Americas,High income,2012,317115349.0,15830886903539.0,49921.54102114748,78.74146341,604.4378299,,,5331.467,6.652,,7.15111446380615,
United States,USA,Americas,High income,2013,320110752.0,16122472460312.0,50365.29500987208,78.84146341,604.9268523,,,5473.436,6.888,,6.86394691467285,
United States,USA,Americas,High income,2014,323115377.0,16491319003554.0,51038.48401357265,,595.0325326,,,5531.385,7.015,,6.80359983444214,
United States,USA,Americas,High income,2015,326126496.0,16937633974582.0,51935.78008019931,,588.2035821,,,5368.497,7.219,,6.99175930023193,
United States,USA,Americas,High income,2016,329179423.0,17220065720000.0,52312.09643380412,,584.9234155,,,5245.362,7.993,,6.8826847076416,
United States,USA,Americas,High income,2017,332204657.0,17606124654726.0,52997.82614042644,,568.4556511,,,5195.417,8.755,,6.94370126724243,
United States,USA,Americas,High income,2018,335056492.0,18124692769570.0,54094.43840762829,,,,,5361.236,8.64,,7.02808809280396,
United States,USA,Americas,High income,2019,337790069.0,18540552700117.0,54887.79689410289,,,,,5235.912,8.967,,6.95149993896484,
United States,USA,Americas,High income,2020,339436156.0,18027359681343.0,53109.721409121186,,,,,4689.954,10.123,,6.97679996490479,
United States,USA,Americas,High income,2021,340161438.0,19099378164000.0,56147.98160631012,,,,,5020.111,10.116,,,
United States,USA,Americas,High income,2022,341534041.0,19493170182843.0,57075.33610930162,,,,,5055.403,10.875,,,
United States,USA,Americas,High income,2023,343477330.0,,,,,,,4918.407,11.212,,,
United States Virgin Islands,VIR,Americas,Not classified,1990,,,,74.788,1556.002398,,,,,,,
United States Virgin Islands,VIR,Americas,Not classified,1991,,,,75.09902439,1454.829428,,,,,,,
United States Virgin Islands,VIR,Americas,Not classified,1992,,,,75.4005122,1382.918018,,,,,,,
United States Virgin Islands,VIR,Americas,Not classified,1993,,,,75.69490244,1322.906847,,,,,,,
United States Virgin Islands,VIR,Americas,Not classified,1994,,,,75.98219512,1276.230596,,,,,,,
United States Virgin Islands,VIR,Americas,Not classified,1995,,,,76.26290244,1229.774002,,,,,,,
United States Virgin Islands,VIR,Americas,Not classified,1996,,,,76.53656098,1167.12078,,,,,,,
United States Virgin Islands,VIR,Americas,Not classified,1997,,,,76.80256098,1107.039138,,,,,,,
United States Virgin Islands,VIR,Americas,Not classified,1998,,,,77.05929268,1054.627184,,,,,,,
United States Virgin Islands,VIR,Americas,Not classified,1999,,,,77.30617073,1015.398877,,,,,,,
United States Virgin Islands,VIR,Americas,Not classified,2000,,,,76.6195122,981.142101,,,,,,,
United States Virgin Islands,VIR,Americas,Not classified,2001,,,,77.87317073,934.494561,,,,,,,
United States Virgin Islands,VIR,Americas,Not classified,2002,,,,78.02439024,866.9508922,,,,,,,
United States Virgin Islands,VIR,Americas,Not classified,2003,,,,78.17317073,829.8996822,,,,,,,
United States Virgin Islands,VIR,Americas,Not classified,2004,,,,78.72439024,811.6102631,,,,,,,
United States Virgin Islands,VIR,Americas,Not classified,2005,,,,78.52439024,797.9175144,,,,,,,
United States Virgin Islands,VIR,Americas,Not classified,2006,,,,78.62439024,788.5830715,,,,,,,
United States Virgin Islands,VIR,Americas,Not classified,2007,,,,78.82439024,784.2524894,,,,,,,
United States Virgin Islands,VIR,Americas,Not classified,2008,,,,78.92439024,774.4018201,,,,,,,
United States Virgin Islands,VIR,Americas,Not classified,2009,,,,79.07317073,774.9238523,,,,,,,
United States Virgin Islands,VIR,Americas,Not classified,2010,,,,79.17317073,779.9678138,,,,,,,
United States Virgin Islands,VIR,Americas,Not classified,2011,,,,79.37317073,784.3093585,,,,,,,
United States Virgin Islands,VIR,Americas,Not classified,2012,,,,79.47317073,789.0343546,,,,,,,
United States Virgin Islands,VIR,Americas,Not classified,2013,,,,79.62439024,790.4251832,,,,,,,
United States Virgin Islands,VIR,Americas,Not classified,2014,,,,,787.4200943,,,,,,,
United States Virgin Islands,VIR,Americas,Not classified,2015,,,,,783.35624,,,,,,,
United States Virgin Islands,VIR,Americas,Not classified,2016,,,,,778.0916002,,,,,,,
United States Virgin Islands,VIR,Americas,Not classified,2017,,,,,776.8401199,,,,,,,
United States Virgin Islands,VIR,Americas,Not classified,2018,,,,,,,,,,,,
United States Virgin Islands,VIR,Americas,Not classified,2019,,,,,,,,,,,,
United States Virgin Islands,VIR,Americas,Not classified,2020,,,,,,,,,,,,
United States Virgin Islands,VIR,Americas,Not classified,2021,,,,,,,,,,,,
United States Virgin Islands,VIR,Americas,Not classified,2022,,,,,,,,,,,,
United States Virgin Islands,VIR,Americas,Not classified,2023,,,,,,,,,,,,
Uruguay,URY,Americas,High income,1990,3104404.0,32048550000.0,10323.575797479967,72.53953659,2022.20872,,,3.977,,,,
Uruguay,URY,Americas,High income,1991,3122357.0,33068762787.0,10590.96150344115,72.71904878,2026.560977,,,4.537,,,,
Uruguay,URY,Americas,High income,1992,3139704.0,35598179277.0,11338.068581305753,72.90731707,1970.091024,,,5.151,,,,
Uruguay,URY,Americas,High income,1993,3156351.0,36471137081.0,11554.841993491851,73.10639024,2061.676858,,,4.447,,,,
Uruguay,URY,Americas,High income,1994,3172839.0,39036401631.0,12303.303644149608,73.31726829,1973.837572,,,4.041,,,,
Uruguay,URY,Americas,High income,1995,3189438.0,38399568880.0,12039.603491273385,73.53946341,1954.06973,,,4.565,,,,
Uruguay,URY,Americas,High income,1996,3206329.0,40381614675.0,12594.34533230994,73.76787805,1828.968989,,96.781807,5.414,,,,
Uruguay,URY,Americas,High income,1997,3223349.0,42411759380.0,13157.669051660245,73.99692683,1676.283349,,,5.522,,,,
Uruguay,URY,Americas,High income,1998,3239286.0,44280079225.0,13669.703516453934,74.223,1572.274047,,,5.651,,,,
Uruguay,URY,Americas,High income,1999,3254020.0,43167608203.0,13265.932048051334,74.44356098,1462.779102,,,6.689,,,,
Uruguay,URY,Americas,High income,2000,3266212.0,42357504785.0,12968.388085341674,74.66009756,1419.317124,,,5.277,,,,
Uruguay,URY,Americas,High income,2001,3274257.0,40598224745.0,12399.217515607357,74.87260976,1404.095407,,,5.041,,,,
Uruguay,URY,Americas,High income,2002,3278868.0,37250866884.0,11360.89250436431,75.08612195,1421.429895,,,4.569,,,,
Uruguay,URY,Americas,High income,2003,3281188.0,37483201754.0,11423.667816047115,75.29968293,1532.13622,,,4.537,,,,
Uruguay,URY,Americas,High income,2004,3283157.0,39270203111.0,11961.110331001533,75.51326829,1389.032939,,,5.574,,,5.7858681678772,
Uruguay,URY,Americas,High income,2005,3285776.0,41988118660.0,12778.752617342145,75.72285366,1262.631636,,,5.737,,,5.69394588470459,
Uruguay,URY,Americas,High income,2006,3289508.0,43608062782.0,13256.712791700156,75.92495122,1154.297011,,97.789627,6.611,,,5.66386985778809,
Uruguay,URY,Americas,High income,2007,3295155.0,46197426762.0,14019.8038520191,76.11604878,1170.424986,,97.863892,5.96,,,6.29622268676758,
Uruguay,URY,Americas,High income,2008,3302184.0,49265998696.0,14919.216705065495,76.29512195,1071.882703,,98.163559,8.218,,,6.06201076507568,
Uruguay,URY,Americas,High income,2009,3310093.0,50291695148.0,15193.438718489178,76.46117073,950.2579502,,98.267899,7.99,,,6.55404710769653,
Uruguay,URY,Americas,High income,2010,3318581.0,54642867455.0,16465.732629397928,76.61621951,967.6392745,,98.072708,6.322,,,6.44972848892212,
Uruguay,URY,Americas,High income,2011,3326829.0,57427770581.0,17262.0145432783,76.76426829,987.4816397,,98.335899,7.686,,,6.44446468353271,
Uruguay,URY,Americas,High income,2012,3335406.0,59459565927.0,17826.785083135306,76.90782927,966.1632312,,98.395943,8.605,,,6.56144380569458,
Uruguay,URY,Americas,High income,2013,3345335.0,62217298965.0,18598.226774000213,77.05141463,896.9274719,,98.363869,7.491,,,6.62808036804199,
Uruguay,URY,Americas,High income,2014,3356343.0,64232518554.0,19137.650280081623,,818.1092304,,98.435928,6.684,,,6.17148542404175,
Uruguay,URY,Americas,High income,2015,3368022.0,64470831197.0,19142.04574584133,,784.5228325,,98.442101,6.738,,,6.33600997924805,
Uruguay,URY,Americas,High income,2016,3379279.0,65560386931.0,19400.702614670172,,801.0794532,,,6.52,,,6.37171459197998,
Uruguay,URY,Americas,High income,2017,3388444.0,66627711123.0,19663.217430478413,,784.2311615,,,6.151,,,6.60033702850342,
Uruguay,URY,Americas,High income,2018,3394538.0,66946183643.0,19721.736402126004,,,,,6.57,,,6.30968141555786,
Uruguay,URY,Americas,High income,2019,3397206.0,67180494669.0,19775.219597810672,,,,,6.408,,,6.43139982223511,
Uruguay,URY,Americas,High income,2020,3398966.0,63072414563.0,18556.35348014661,,,,,6.477,,,6.47359991073608,
Uruguay,URY,Americas,High income,2021,3396693.0,65848852721.0,19386.1655206991,,,,,7.829,,,,
Uruguay,URY,Americas,High income,2022,3390913.0,69066228178.0,20368.03308666427,,,,,7.501,,,,
Uruguay,URY,Americas,High income,2023,3388083.0,,,,,,,7.627,,,,
Uzbekistan,UZB,Asia,Lower middle income,1990,20464963.0,139398700000.0,6811.578403537793,66.68417073,3752.017911,,,103.123,3.562,,,
Uzbekistan,UZB,Asia,Lower middle income,1991,20962908.0,136577628581.0,6515.20431139611,66.50626829,3738.803476,,,102.324,3.278,,,
Uzbekistan,UZB,Asia,Lower middle income,1992,21485095.0,119510821474.0,5562.499094092905,66.35926829,3757.188129,,,110.991,3.602,,,
Uzbekistan,UZB,Asia,Lower middle income,1993,21987960.0,114918068077.0,5226.408819963289,66.27226829,3756.11832,,,115.619,4.049,,,
Uzbekistan,UZB,Asia,Lower middle income,1994,22463295.0,107242116434.0,4774.104441668063,66.25880488,3754.600785,,,109.787,3.981,,,
Uzbekistan,UZB,Asia,Lower middle income,1995,22917588.0,104615642206.0,4564.862681273439,66.31682927,3755.269486,,,104.804,3.398,,,
Uzbekistan,UZB,Asia,Lower middle income,1996,23351981.0,104748209480.0,4485.624130989144,66.43178049,3681.50178,,,108.189,3.479,,,
Uzbekistan,UZB,Asia,Lower middle income,1997,23758961.0,108486849294.0,4566.144508339401,66.57112195,3573.678225,,,109.029,3.104,,,
Uzbekistan,UZB,Asia,Lower middle income,1998,24134930.0,111389403957.0,4615.277689100403,66.70878049,3474.300367,,,120.976,3.093,,,
Uzbekistan,UZB,Asia,Lower middle income,1999,24476013.0,114383428782.0,4673.286812766442,66.83331707,3373.717652,,,123.588,2.725,,,
Uzbekistan,UZB,Asia,Lower middle income,2000,24787052.0,116875841754.0,4715.197343919721,66.94078049,3276.770917,,98.642578,123.478,2.75,,,
Uzbekistan,UZB,Asia,Lower middle income,2001,25090289.0,119890046302.0,4778.344573950503,67.02926829,3176.206488,,,126.223,2.793,,,
Uzbekistan,UZB,Asia,Lower middle income,2002,25399987.0,122757832356.0,4832.987999403307,67.10836585,3113.843365,,,132.577,2.778,,,
Uzbekistan,UZB,Asia,Lower middle income,2003,25711261.0,125924032405.0,4897.621801007737,67.18660976,3080.540351,,,130.296,3.532,,,
Uzbekistan,UZB,Asia,Lower middle income,2004,26029350.0,133132057133.0,5114.690037707434,67.26502439,3026.700595,,,129.099,3.172,,5.23232221603394,
Uzbekistan,UZB,Asia,Lower middle income,2005,26356977.0,140239285325.0,5320.765174435596,67.34704878,2954.61183,,,121.602,3.298,,,
Uzbekistan,UZB,Asia,Lower middle income,2006,26699046.0,148405074458.0,5558.441094037592,67.43514634,2858.053526,,,124.899,2.986,,5.31136846542358,
Uzbekistan,UZB,Asia,Lower middle income,2007,27076013.0,159993748436.0,5909.05863562704,67.52970732,2754.831618,,,123.823,3.086,,5.26072072982788,
Uzbekistan,UZB,Asia,Lower middle income,2008,27494780.0,171692630381.0,6244.553707321899,67.63217073,2648.638624,,,128.387,2.215,,5.09534215927124,
Uzbekistan,UZB,Asia,Lower middle income,2009,27939333.0,182715813772.0,6539.734279698087,67.74202439,2543.25506,,,109.23,3.253,,5.73874425888062,
Uzbekistan,UZB,Asia,Lower middle income,2010,28385509.0,195160171269.0,6875.345137161359,67.8587561,2438.357549,,,107.668,4.069,,6.01933193206787,
Uzbekistan,UZB,Asia,Lower middle income,2011,28823194.0,208063390835.0,7218.609805526758,67.98039024,2337.863251,,,116.755,2.7,,5.93998622894287,
Uzbekistan,UZB,Asia,Lower middle income,2012,29261908.0,222840047403.0,7615.3628602413755,68.104,2246.820127,,,118.86,3.02,,6.04921245574951,
Uzbekistan,UZB,Asia,Lower middle income,2013,29724065.0,239100684823.0,8044.010293444049,68.22758537,2153.891532,,99.994858,112.395,2.945,,5.97236442565918,
Uzbekistan,UZB,Asia,Lower middle income,2014,30222994.0,255536474727.0,8455.035087754708,,2067.845975,,99.980553,107.496,2.785,,5.89253902435303,
Uzbekistan,UZB,Asia,Lower middle income,2015,30749349.0,273983640646.0,8910.225730177248,,1944.235526,,99.995193,103.374,2.827,,6.42144775390625,
Uzbekistan,UZB,Asia,Lower middle income,2016,31284565.0,290236358613.0,9277.302037378497,,1854.036524,,,109.837,3.319,,6.20546007156372,
Uzbekistan,UZB,Asia,Lower middle income,2017,31819172.0,302992216928.0,9522.31619754279,,1786.308659,,,108.883,3.698,,6.15404939651489,
Uzbekistan,UZB,Asia,Lower middle income,2018,32373489.0,320808179800.0,9909.59546559841,,,,,102.33,2.73,,,
Uzbekistan,UZB,Asia,Lower middle income,2019,32964700.0,339998944961.0,10314.03122009301,,,,,107.947,2.96,,6.17880010604858,
Uzbekistan,UZB,Asia,Lower middle income,2020,33586373.0,346785285756.0,10325.178183306663,,,,,108.139,2.293,,6.06269979476929,
Uzbekistan,UZB,Asia,Lower middle income,2021,34243696.0,372457828275.0,10876.683062336495,,,,,123.162,2.167,,,
Uzbekistan,UZB,Asia,Lower middle income,2022,34938953.0,393572464308.0,11264.57522376243,,,,,119.105,2.387,,,
Uzbekistan,UZB,Asia,Lower middle income,2023,35652311.0,,,,,,,122.872,3.104,,,
Vanuatu,VUT,Oceania,Lower middle income,1990,148073.0,,,63.19685366,2634.27562,,,0.066,,,,
Vanuatu,VUT,Oceania,Lower middle income,1991,151807.0,,,63.64778049,2574.779845,,,0.066,,,,
Vanuatu,VUT,Oceania,Lower middle income,1992,155619.0,,,64.10341463,2538.343616,,,0.062,,,,
Vanuatu,VUT,Oceania,Lower middle income,1993,159475.0,,,64.55934146,2513.222892,,,0.062,,,,
Vanuatu,VUT,Oceania,Lower middle income,1994,163328.0,,,65.01214634,2486.953591,,68.46003,0.062,,,,
Vanuatu,VUT,Oceania,Lower middle income,1995,167155.0,,,65.45934146,2463.686202,,,0.066,,,,
Vanuatu,VUT,Oceania,Lower middle income,1996,170926.0,,,65.8994878,2468.752805,,,0.073,,,,
Vanuatu,VUT,Oceania,Lower middle income,1997,174638.0,,,66.33009756,2524.536847,,,0.077,,,,
Vanuatu,VUT,Oceania,Lower middle income,1998,178322.0,,,66.75119512,2486.039354,,,0.077,,,,
Vanuatu,VUT,Oceania,Lower middle income,1999,182056.0,,,67.15982927,2523.302816,,74.0,0.081,,,,
Vanuatu,VUT,Oceania,Lower middle income,2000,186290.0,,,67.555,2518.075019,,,0.084,,,,
Vanuatu,VUT,Oceania,Lower middle income,2001,191047.0,,,67.93470732,2541.510483,,,0.081,,,,
Vanuatu,VUT,Oceania,Lower middle income,2002,195871.0,,,68.29995122,2580.434792,,,0.077,,,,
Vanuatu,VUT,Oceania,Lower middle income,2003,200760.0,,,68.65170732,2600.334911,,,0.077,,,,
Vanuatu,VUT,Oceania,Lower middle income,2004,205720.0,,,68.99,2627.498793,,78.080978,0.073,,,,
Vanuatu,VUT,Oceania,Lower middle income,2005,210772.0,,,69.31685366,2648.895575,,,0.073,,,,
Vanuatu,VUT,Oceania,Lower middle income,2006,215939.0,,,69.6347561,2621.090746,,,0.073,,,,
Vanuatu,VUT,Oceania,Lower middle income,2007,221291.0,,,69.94421951,2589.119267,,,0.077,,,,
Vanuatu,VUT,Oceania,Lower middle income,2008,226908.0,,,70.24773171,2552.481582,,,0.088,,,,
Vanuatu,VUT,Oceania,Lower middle income,2009,232740.0,,,70.54580488,2526.146729,,,0.121,,,,
Vanuatu,VUT,Oceania,Lower middle income,2010,238256.0,,,70.83890244,2479.1645,,,0.125,,,,
Vanuatu,VUT,Oceania,Lower middle income,2011,243483.0,,,71.12804878,2438.19735,,,0.132,,,,
Vanuatu,VUT,Oceania,Lower middle income,2012,248894.0,,,71.41068293,2399.398668,,,0.117,,,,
Vanuatu,VUT,Oceania,Lower middle income,2013,254495.0,,,71.68682927,2362.771182,,,0.11,,,,
Vanuatu,VUT,Oceania,Lower middle income,2014,260247.0,,,,2339.174103,,84.510811,0.158,,,,
Vanuatu,VUT,Oceania,Lower middle income,2015,266115.0,,,,2314.643009,,85.058678,0.132,,,,
Vanuatu,VUT,Oceania,Lower middle income,2016,272097.0,,,,2284.952257,,,0.15,,,,
Vanuatu,VUT,Oceania,Lower middle income,2017,278518.0,,,,2260.374501,,,0.139,,,,
Vanuatu,VUT,Oceania,Lower middle income,2018,285273.0,,,,,,,0.176,,,,
Vanuatu,VUT,Oceania,Lower middle income,2019,291995.0,,,,,,,0.165,,,,
Vanuatu,VUT,Oceania,Lower middle income,2020,298867.0,,,,,,,0.205,,,,
Vanuatu,VUT,Oceania,Lower middle income,2021,305882.0,,,,,,,0.216,,,,
Vanuatu,VUT,Oceania,Lower middle income,2022,313061.0,,,,,,,0.189,,,,
Vanuatu,VUT,Oceania,Lower middle income,2023,320422.0,,,,,,,0.188,,,,
Vatican,VAT,Europe,Not classified,1990,736.0,,,,,,,,,,,
Vatican,VAT,Europe,Not classified,1991,737.0,,,,,,,,,,,
Vatican,VAT,Europe,Not classified,1992,736.0,,,,,,,,,,,
Vatican,VAT,Europe,Not classified,1993,729.0,,,,,,,,,,,
Vatican,VAT,Europe,Not classified,1994,720.0,,,,,,,,,,,
Vatican,VAT,Europe,Not classified,1995,714.0,,,,,,,,,,,
Vatican,VAT,Europe,Not classified,1996,709.0,,,,,,,,,,,
Vatican,VAT,Europe,Not classified,1997,706.0,,,,,,,,,,,
Vatican,VAT,Europe,Not classified,1998,707.0,,,,,,,,,,,
Vatican,VAT,Europe,Not classified,1999,706.0,,,,,,,,,,,
Vatican,VAT,Europe,Not classified,2000,701.0,,,,,,,,,,,
Vatican,VAT,Europe,Not classified,2001,691.0,,,,,,,,,,,
Vatican,VAT,Europe,Not classified,2002,684.0,,,,,,,,,,,
Vatican,VAT,Europe,Not classified,2003,674.0,,,,,,,,,,,
Vatican,VAT,Europe,Not classified,2004,667.0,,,,,,,,,,,
Vatican,VAT,Europe,Not classified,2005,667.0,,,,,,,,,,,
Vatican,VAT,Europe,Not classified,2006,664.0,,,,,,,,,,,
Vatican,VAT,Europe,Not classified,2007,657.0,,,,,,,,,,,
Vatican,VAT,Europe,Not classified,2008,648.0,,,,,,,,,,,
Vatican,VAT,Europe,Not classified,2009,637.0,,,,,,,,,,,
Vatican,VAT,Europe,Not classified,2010,629.0,,,,,,,,,,,
Vatican,VAT,Europe,Not classified,2011,624.0,,,,,,100.0,,,,,
Vatican,VAT,Europe,Not classified,2012,612.0,,,,,,,,,,,
Vatican,VAT,Europe,Not classified,2013,598.0,,,,,,,,,,,
Vatican,VAT,Europe,Not classified,2014,587.0,,,,,,,,,,,
Vatican,VAT,Europe,Not classified,2015,579.0,,,,,,,,,,,
Vatican,VAT,Europe,Not classified,2016,571.0,,,,,,,,,,,
Vatican,VAT,Europe,Not classified,2017,563.0,,,,,,,,,,,
Vatican,VAT,Europe,Not classified,2018,552.0,,,,,,,,,,,
Vatican,VAT,Europe,Not classified,2019,543.0,,,,,,,,,,,
Vatican,VAT,Europe,Not classified,2020,536.0,,,,,,,,,,,
Vatican,VAT,Europe,Not classified,2021,527.0,,,,,,,,,,,
Vatican,VAT,Europe,Not classified,2022,513.0,,,,,,,,,,,
Vatican,VAT,Europe,Not classified,2023,501.0,,,,,,,,,,,
Venezuela,VEN,Americas,Not classified,1990,19827005.0,256078525417.0,12915.643356977012,71.10773171,2839.541941,,89.825249,120.864,17.21,,,
Venezuela,VEN,Americas,Not classified,1991,20304898.0,282132286314.0,13894.789637160453,71.2952439,2079.296535,,,114.221,20.633,,,
Venezuela,VEN,Americas,Not classified,1992,20780946.0,301055402293.0,14487.088426725135,71.45668293,2002.499647,,,104.739,20.228,,,
Venezuela,VEN,Americas,Not classified,1993,21254525.0,303263920492.0,14268.20502890561,71.60307317,2258.724875,,,123.052,20.538,,,
Venezuela,VEN,Americas,Not classified,1994,21725186.0,297728620446.0,13704.307086070517,71.73792683,2485.742302,,,119.06,20.434,,,
Venezuela,VEN,Americas,Not classified,1995,22193822.0,310657285215.0,13997.466737139732,71.86526829,2403.917826,,,124.83,19.9,,,
Venezuela,VEN,Americas,Not classified,1996,22662117.0,311633007305.0,13751.27519220733,71.98560976,2280.444668,,,118.347,21.392,,,
Venezuela,VEN,Americas,Not classified,1997,23131691.0,332907949755.0,14391.855301672498,72.09995122,2192.340437,,,129.755,21.523,,,
Venezuela,VEN,Americas,Not classified,1998,23601341.0,335631906948.0,14220.882912881942,72.21131707,2235.492548,,,134.993,21.702,,,
Venezuela,VEN,Americas,Not classified,1999,24066595.0,316971287567.0,13170.591334877243,72.32421951,2146.273192,,,143.126,23.347,,,
Venezuela,VEN,Americas,Not classified,2000,24526707.0,330236189305.0,13464.350893293584,72.44414634,1807.901673,,,142.902,22.962,,,
Venezuela,VEN,Americas,Not classified,2001,24979934.0,343312598582.0,13743.535054255948,72.57707317,1716.832384,,92.979828,130.618,20.705,,,
Venezuela,VEN,Americas,Not classified,2002,25435674.0,314003719638.0,12345.012742261126,72.72502439,1763.668389,,,164.233,20.257,,,
Venezuela,VEN,Americas,Not classified,2003,25892710.0,291333920302.0,11251.580862026416,72.88795122,2028.833041,,,154.364,22.8,,7.16962099075317,
Venezuela,VEN,Americas,Not classified,2004,26340843.0,346317458927.0,13147.546527914843,73.06587805,1563.534556,,,142.842,23.593,,6.52514600753784,
Venezuela,VEN,Americas,Not classified,2005,26785797.0,383570387195.0,14319.916902043273,73.25378049,1323.631796,,,148.408,24.798,,,
Venezuela,VEN,Americas,Not classified,2006,27224691.0,423878563812.0,15569.637275662742,73.44768293,1265.037792,,,155.841,23.661,,6.25777149200439,
Venezuela,VEN,Americas,Not classified,2007,27649369.0,462276737389.0,16719.250894622586,73.63909756,1391.312394,,95.15464,154.167,22.963,,7.18880319595337,
Venezuela,VEN,Americas,Not classified,2008,28053694.0,488287068325.0,17405.446438711424,73.82502439,1541.306722,,,155.758,23.217,,7.47845458984375,
Venezuela,VEN,Americas,Not classified,2009,28438296.0,474358611901.0,16680.27549544459,74.0024878,1645.108378,,95.511993,152.176,22.612,,6.57978916168213,
Venezuela,VEN,Americas,Not classified,2010,28813101.0,477591738082.0,16575.50633241455,74.17046341,1626.394635,,,189.582,21.151,,7.06657743453979,
Venezuela,VEN,Americas,Not classified,2011,29185220.0,502688619769.0,17224.081907520314,74.33097561,1539.535078,,94.770218,168.713,21.631,,6.55279636383057,
Venezuela,VEN,Americas,Not classified,2012,29553829.0,530969916373.0,17966.19708305817,74.4875122,1469.411789,,,175.845,20.228,,6.13609647750854,
Venezuela,VEN,Americas,Not classified,2013,29912195.0,538100828642.0,17989.346105894267,74.64309756,1451.188794,,,198.452,20.392,,5.56880044937134,
Venezuela,VEN,Americas,Not classified,2014,30254080.0,517147151484.0,17093.468103607844,,1436.1828,,,175.992,20.501,,4.04111480712891,
Venezuela,VEN,Americas,Not classified,2015,30573968.0,484975458402.0,15862.365604686967,,1363.999864,,95.399246,166.328,19.806,,5.07075071334839,
Venezuela,VEN,Americas,Not classified,2016,30765719.0,402335647692.0,13077.401106471785,,1331.551467,,,152.733,18.015,,5.00566339492798,
Venezuela,VEN,Americas,Not classified,2017,30565331.0,339285602968.0,11100.341199249568,,1322.125254,,,139.093,20.355,,5.08080339431763,
Venezuela,VEN,Americas,Not classified,2018,29807591.0,272599019803.0,9145.288520732856,,,,,111.24,22.65,,4.57382965087891,
Venezuela,VEN,Americas,Not classified,2019,28938096.0,197170883456.0,6813.540305346973,,,,,105.43,24.05,,4.89219999313354,
Venezuela,VEN,Americas,Not classified,2020,28444080.0,138029481377.0,4852.661129380876,,,,,80.901,32.081,,4.92549991607666,
Venezuela,VEN,Americas,Not classified,2021,28237830.0,138656126606.0,4910.296811263472,,,,,94.902,28.157,,,
Venezuela,VEN,Americas,Not classified,2022,28213015.0,149682062815.0,5305.425982122081,,,,,108.424,26.484,,,
Venezuela,VEN,Americas,Not classified,2023,28300861.0,,,,,,,119.588,25.759,,,
Vietnam,VNM,Asia,Lower middle income,1990,65504551.0,109939936906.0,1678.3557054837304,70.51009756,3512.602946,,,21.299,19.581,,,
Vietnam,VNM,Asia,Lower middle income,1991,66891778.0,115933551072.0,1733.1509871362666,70.8404878,3361.854775,,,21.376,22.676,,,
Vietnam,VNM,Asia,Lower middle income,1992,68260336.0,125543633553.0,1839.1886256317284,71.17080488,3205.505626,,,21.466,23.761,,,
Vietnam,VNM,Asia,Lower middle income,1993,69586394.0,135210628764.0,1943.0612939075418,71.49809756,3034.678682,,,22.853,22.917,,,
Vietnam,VNM,Asia,Lower middle income,1994,70854393.0,146640889667.0,2069.6090031707704,71.82236585,2863.904957,,,27.362,23.82,,,
Vietnam,VNM,Asia,Lower middle income,1995,72049945.0,160152275679.0,2222.7952523627882,72.14268293,2693.265662,,,30.088,23.467,,,
Vietnam,VNM,Asia,Lower middle income,1996,73156456.0,174450838100.0,2384.6266978815925,72.45904878,2525.258772,,,35.482,23.225,,,
Vietnam,VNM,Asia,Lower middle income,1997,74226890.0,188059193812.0,2533.5723187648036,72.76897561,2369.412722,,,45.502,19.526,,,
Vietnam,VNM,Asia,Lower middle income,1998,75299665.0,198278284704.0,2633.189466433881,73.06997561,2227.222948,,,47.866,17.158,,,
Vietnam,VNM,Asia,Lower middle income,1999,76287454.0,207067165620.0,2714.301693958747,73.35953659,2092.296116,,90.278297,48.548,20.617,,,
Vietnam,VNM,Asia,Lower middle income,2000,77154016.0,220383060780.0,2856.4042703882064,73.63112195,1964.805828,,90.156128,53.935,19.107,,,
Vietnam,VNM,Asia,Lower middle income,2001,77969357.0,234846323475.0,3012.0336053944884,73.87970732,1842.595678,,,60.983,21.061,,,
Vietnam,VNM,Asia,Lower middle income,2002,78772227.0,250683369279.0,3182.382659804705,74.1022439,1739.661845,,,69.531,19.066,,,
Vietnam,VNM,Asia,Lower middle income,2003,79563778.0,268202912195.0,3370.917255776869,74.2992439,1663.88216,,,77.261,18.345,,,
Vietnam,VNM,Asia,Lower middle income,2004,80338977.0,288148996981.0,3586.665000489115,74.4737561,1601.697036,,,88.939,14.008,,5.29365968704224,
Vietnam,VNM,Asia,Lower middle income,2005,81088309.0,308988652738.0,3810.5203641378193,74.62785366,1546.432013,,,95.842,12.158,,5.42168760299683,
Vietnam,VNM,Asia,Lower middle income,2006,82167901.0,329425429734.0,4009.174211885977,74.76863415,1491.529364,,,99.656,15.766,,5.4804253578186,
Vietnam,VNM,Asia,Lower middle income,2007,83633374.0,351786434406.0,4206.292507175425,74.90219512,1444.983154,,,101.433,16.349,,5.30426454544067,
Vietnam,VNM,Asia,Lower middle income,2008,85175789.0,370681828207.0,4351.962365819705,75.03507317,1405.028743,,,114.3,15.182,,5.29578065872192,
Vietnam,VNM,Asia,Lower middle income,2009,86460023.0,389670892896.0,4506.948753599106,75.1707561,1362.312595,,93.520447,124.493,17.054,,5.76734447479248,
Vietnam,VNM,Asia,Lower middle income,2010,87455148.0,413666257649.0,4730.038964075619,75.31173171,1313.083013,,,139.564,13.931,,5.53456974029541,
Vietnam,VNM,Asia,Lower middle income,2011,88468315.0,438354712953.0,4954.934576893434,75.45790244,1259.846931,,,152.564,18.079,,5.02269887924194,
Vietnam,VNM,Asia,Lower middle income,2012,89510355.0,462486159336.0,5166.845325727956,75.60668293,1201.638385,,,144.288,22.488,,5.0849232673645,
Vietnam,VNM,Asia,Lower middle income,2013,90573103.0,488172621311.0,5389.818888185822,75.7564878,1151.201846,,,151.459,22.935,,5.07631540298462,
Vietnam,VNM,Asia,Lower middle income,2014,91679582.0,519523061605.0,5666.725897648617,,1101.456545,,,180.048,22.221,,5.0622673034668,
Vietnam,VNM,Asia,Lower middle income,2015,92823254.0,555822142751.0,5987.9622702194865,,1054.530138,,94.514267,213.391,17.797,,5.17527866363525,
Vietnam,VNM,Asia,Lower middle income,2016,94000115.0,593006635951.0,6308.573515585593,,1011.719393,,,221.027,18.653,,5.2955470085144,
Vietnam,VNM,Asia,Lower middle income,2017,95176978.0,634161327073.0,6662.969768519021,,975.9281467,,,227.694,23.117,,5.46745109558105,
Vietnam,VNM,Asia,Lower middle income,2018,96237319.0,681501440291.0,7081.467432514408,,,,,255.468,19.655,,,
Vietnam,VNM,Asia,Lower middle income,2019,97173778.0,731653148132.0,7529.326976789973,,,,,339.312,14.914,,5.41079998016357,
Vietnam,VNM,Asia,Lower middle income,2020,98079196.0,752629620043.0,7673.692798654263,,,,,362.599,17.276,,5.4850001335144,
Vietnam,VNM,Asia,Lower middle income,2021,98935101.0,771912038182.0,7802.205995443417,,,,,314.197,22.16,,,
Vietnam,VNM,Asia,Lower middle income,2022,99680656.0,833803909046.0,8364.751422241843,,,,,322.653,25.312,,,
Vietnam,VNM,Asia,Lower middle income,2023,100352189.0,,,,,,,347.399,21.388,,,
Wallis and Futuna,WLF,Oceania,Not classified,1990,13503.0,,,,,,,0.018,,,,
Wallis and Futuna,WLF,Oceania,Not classified,1991,13654.0,,,,,,,0.018,,,,
Wallis and Futuna,WLF,Oceania,Not classified,1992,13799.0,,,,,,,0.018,,,,
Wallis and Futuna,WLF,Oceania,Not classified,1993,13949.0,,,,,,,0.022,,,,
Wallis and Futuna,WLF,Oceania,Not classified,1994,14084.0,,,,,,,0.022,,,,
Wallis and Futuna,WLF,Oceania,Not classified,1995,14222.0,,,,,,,0.022,,,,
Wallis and Futuna,WLF,Oceania,Not classified,1996,14340.0,,,,,,,0.022,,,,
Wallis and Futuna,WLF,Oceania,Not classified,1997,14438.0,,,,,,,0.022,,,,
Wallis and Futuna,WLF,Oceania,Not classified,1998,14553.0,,,,,,,0.022,,,,
Wallis and Futuna,WLF,Oceania,Not classified,1999,14675.0,,,,,,,0.022,,,,
Wallis and Futuna,WLF,Oceania,Not classified,2000,14804.0,,,,,,,0.022,,,,
Wallis and Futuna,WLF,Oceania,Not classified,2001,14931.0,,,,,,,0.026,,,,
Wallis and Futuna,WLF,Oceania,Not classified,2002,15048.0,,,,,,,0.026,,,,
Wallis and Futuna,WLF,Oceania,Not classified,2003,15071.0,,,,,,,0.026,,,,
Wallis and Futuna,WLF,Oceania,Not classified,2004,14916.0,,,,,,,0.026,,,,
Wallis and Futuna,WLF,Oceania,Not classified,2005,14635.0,,,,,,,0.026,,,,
Wallis and Futuna,WLF,Oceania,Not classified,2006,14333.0,,,,,,,0.026,,,,
Wallis and Futuna,WLF,Oceania,Not classified,2007,14020.0,,,,,,,0.026,,,,
Wallis and Futuna,WLF,Oceania,Not classified,2008,13706.0,,,,,,,0.026,,,,
Wallis and Futuna,WLF,Oceania,Not classified,2009,13436.0,,,,,,,0.026,,,,
Wallis and Futuna,WLF,Oceania,Not classified,2010,13189.0,,,,,,,0.026,,,,
Wallis and Futuna,WLF,Oceania,Not classified,2011,12942.0,,,,,,,0.026,,,,
Wallis and Futuna,WLF,Oceania,Not classified,2012,12709.0,,,,,,,0.026,,,,
Wallis and Futuna,WLF,Oceania,Not classified,2013,12500.0,,,,,,,0.026,,,,
Wallis and Futuna,WLF,Oceania,Not classified,2014,12328.0,,,,,,,0.026,,,,
Wallis and Futuna,WLF,Oceania,Not classified,2015,12185.0,,,,,,,0.026,,,,
Wallis and Futuna,WLF,Oceania,Not classified,2016,12057.0,,,,,,,0.026,,,,
Wallis and Futuna,WLF,Oceania,Not classified,2017,11945.0,,,,,,,0.026,,,,
Wallis and Futuna,WLF,Oceania,Not classified,2018,11827.0,,,,,,,0.026,,,,
Wallis and Futuna,WLF,Oceania,Not classified,2019,11711.0,,,,,,,0.026,,,,
Wallis and Futuna,WLF,Oceania,Not classified,2020,11640.0,,,,,,,0.029,,,,
Wallis and Futuna,WLF,Oceania,Not classified,2021,11590.0,,,,,,,0.029,,,,
Wallis and Futuna,WLF,Oceania,Not classified,2022,11501.0,,,,,,,0.029,,,,
Wallis and Futuna,WLF,Oceania,Not classified,2023,11394.0,,,,,,,0.029,,,,
Western Sahara,ESH,Africa,Not classified,1990,,,,,,,,,,,,
Western Sahara,ESH,Africa,Not classified,1991,,,,,,,,,,,,
Western Sahara,ESH,Africa,Not classified,1992,,,,,,,,,,,,
Western Sahara,ESH,Africa,Not classified,1993,,,,,,,,,,,,
Western Sahara,ESH,Africa,Not classified,1994,,,,,,,,,,,,
Western Sahara,ESH,Africa,Not classified,1995,,,,,,,,,,,,
Western Sahara,ESH,Africa,Not classified,1996,,,,,,,,,,,,
Western Sahara,ESH,Africa,Not classified,1997,,,,,,,,,,,,
Western Sahara,ESH,Africa,Not classified,1998,,,,,,,,,,,,
Western Sahara,ESH,Africa,Not classified,1999,,,,,,,,,,,,
Western Sahara,ESH,Africa,Not classified,2000,,,,,,,,,,,,
Western Sahara,ESH,Africa,Not classified,2001,,,,,,,,,,,,
Western Sahara,ESH,Africa,Not classified,2002,,,,,,,,,,,,
Western Sahara,ESH,Africa,Not classified,2003,,,,,,,,,,,,
Western Sahara,ESH,Africa,Not classified,2004,,,,,,,,,,,,
Western Sahara,ESH,Africa,Not classified,2005,,,,,,,,,,,,
Western Sahara,ESH,Africa,Not classified,2006,,,,,,,,,,,,
Western Sahara,ESH,Africa,Not classified,2007,,,,,,,,,,,,
Western Sahara,ESH,Africa,Not classified,2008,,,,,,,,,,,,
Western Sahara,ESH,Africa,Not classified,2009,,,,,,,,,,,,
Western Sahara,ESH,Africa,Not classified,2010,,,,,,,,,,,,
Western Sahara,ESH,Africa,Not classified,2011,,,,,,,,,,,,
Western Sahara,ESH,Africa,Not classified,2012,,,,,,,,,,,,
Western Sahara,ESH,Africa,Not classified,2013,,,,,,,,,,,,
Western Sahara,ESH,Africa,Not classified,2014,,,,,,,,,,,,
Western Sahara,ESH,Africa,Not classified,2015,,,,,,,,,,,,
Western Sahara,ESH,Africa,Not classified,2016,,,,,,,,,,,,
Western Sahara,ESH,Africa,Not classified,2017,,,,,,,,,,,,
Western Sahara,ESH,Africa,Not classified,2018,,,,,,,,,,,,
Western Sahara,ESH,Africa,Not classified,2019,,,,,,,,,,4.81,,
Western Sahara,ESH,Africa,Not classified,2020,,,,,,,,,,,,
Western Sahara,ESH,Africa,Not classified,2021,,,,,,,,,,,,
Western Sahara,ESH,Africa,Not classified,2022,,,,,,,,,,,,
Western Sahara,ESH,Africa,Not classified,2023,,,,,,,,,,,,
Yemen,YEM,Asia,Low income,1990,13887863.0,44971042042.0,3238.154210046571,57.76419512,10522.39822,,,9.572,,,,
Yemen,YEM,Asia,Low income,1991,14430205.0,47174437330.0,3269.1453330011595,58.11090244,10260.11168,,,9.182,,,,
Yemen,YEM,Asia,Low income,1992,14989497.0,50259913722.0,3353.0086914857784,58.41863415,10029.98739,,,9.926,,,,
Yemen,YEM,Asia,Low income,1993,15563919.0,51548676189.0,3312.062738761362,58.70287805,9829.264456,,,8.679,,,,
Yemen,YEM,Asia,Low income,1994,16149147.0,54341182837.0,3364.956851095603,58.97263415,9595.118169,,37.09,9.964,,,,
Yemen,YEM,Asia,Low income,1995,16740057.0,56705822316.0,3387.433048525462,59.23641463,9301.574218,,,11.138,,,,
Yemen,YEM,Asia,Low income,1996,17313181.0,58927869978.0,3403.6419984288273,59.49619512,9031.273957,,,11.375,,,,
Yemen,YEM,Asia,Low income,1997,17873943.0,61826323245.0,3459.0198281934768,59.74797561,8728.792156,,,12.26,,,,
Yemen,YEM,Asia,Low income,1998,18446015.0,65613152856.0,3557.0367288544435,59.99126829,8355.780118,,,12.931,,,,
Yemen,YEM,Asia,Low income,1999,19029421.0,68255122419.0,3586.820766590849,60.22756098,7939.580211,,,14.796,,,,
Yemen,YEM,Asia,Low income,2000,19624139.0,72599512561.0,3699.500526418,60.45785366,7530.237053,,,15.832,,,,
Yemen,YEM,Asia,Low income,2001,20226146.0,75472904917.0,3731.452591956965,60.68368293,7150.205658,,,17.194,,,,
Yemen,YEM,Asia,Low income,2002,20835092.0,78586481705.0,3771.832718809209,60.904,6818.416026,,,16.707,,,,
Yemen,YEM,Asia,Low income,2003,21456379.0,81575438214.0,3801.920082321439,61.11834146,6495.945086,,,18.609,,,,
Yemen,YEM,Asia,Low income,2004,22095161.0,84847429283.0,3840.0910173499074,61.32865854,6141.144321,,54.199181,20.109,,,,
Yemen,YEM,Asia,Low income,2005,22790082.0,89711703960.0,3936.4362076450625,61.53492683,5757.545792,,,21.797,,,4.47713279724121,
Yemen,YEM,Asia,Low income,2006,23543090.0,92691658274.0,3937.1067380704912,61.73865854,5460.074623,,,23.906,,,,
Yemen,YEM,Asia,Low income,2007,24318090.0,95906720954.0,3943.8426683181124,61.93978049,5241.29095,,,23.676,,,4.80925893783569,
Yemen,YEM,Asia,Low income,2008,25111941.0,99520984206.0,3963.0940597542817,62.13782927,5068.18744,,,24.537,,,4.35031270980835,
Yemen,YEM,Asia,Low income,2009,25927723.0,103506292712.0,3992.1088601571378,62.33378049,4872.214971,,,26.897,,,3.74625563621521,
Yemen,YEM,Asia,Low income,2010,26754383.0,111622920604.0,4172.135855422269,62.52765854,4605.784521,,,25.818,,,4.06060075759888,
Yemen,YEM,Asia,Low income,2011,27582902.0,97623324312.0,3539.2695196466275,62.7184878,4413.902266,,,22.625,,,4.21767854690552,
Yemen,YEM,Asia,Low income,2012,28433655.0,99959450246.0,3515.5329220249737,62.90578049,4217.171169,,,20.467,,,3.96795797348022,
Yemen,YEM,Asia,Low income,2013,29312955.0,104781489392.0,3574.5795465520278,63.08958537,4003.146825,,,27.281,,,2.98267388343811,
Yemen,YEM,Asia,Low income,2014,30226311.0,104583458743.0,3460.013983942665,,3806.017232,,68.789421,26.592,,,3.82563090324402,
Yemen,YEM,Asia,Low income,2015,31159378.0,75305316956.0,2416.7785684297037,,3713.075365,,69.961952,14.123,,,3.25356006622314,
Yemen,YEM,Asia,Low income,2016,32109023.0,68245442015.0,2125.428793488983,,3661.491175,,,10.044,,,3.05751395225525,
Yemen,YEM,Asia,Low income,2017,33090923.0,64784033932.0,1957.7584442718628,,3651.551117,,,9.214,,,4.19691276550293,
Yemen,YEM,Asia,Low income,2018,34085181.0,65271212493.0,1914.9439896769215,,,,,11.504,,,,
Yemen,YEM,Asia,Low income,2019,35111416.0,66185009341.0,1884.9997203473652,,,,,11.788,,,3.65790009498596,
Yemen,YEM,Asia,Low income,2020,36134867.0,60559285911.0,1675.9238635360136,,,,,10.757,,,4.19689989089966,
Yemen,YEM,Asia,Low income,2021,37140234.0,59953691816.0,1614.2518600178987,,,,,10.608,,,,
Yemen,YEM,Asia,Low income,2022,38222878.0,60852995288.0,1592.0568641639177,,,,,10.404,,,,
Yemen,YEM,Asia,Low income,2023,39390800.0,,,,,,,10.141,,,,
Zambia,ZMB,Africa,Lower middle income,1990,7786163.0,10251342241.0,1316.6102791580397,43.82014634,9779.411831,,64.99826,2.407,,,,
Zambia,ZMB,Africa,Lower middle income,1991,7981653.0,10509127569.0,1316.6605424966483,43.0414878,9937.495968,,,2.382,,,,
Zambia,ZMB,Africa,Lower middle income,1992,8176677.0,11062309627.0,1352.9101891881016,42.34465854,9923.384536,,,2.425,,,,
Zambia,ZMB,Africa,Lower middle income,1993,8373920.0,11412962029.0,1362.9174901360414,41.74656098,9625.233912,,,2.466,,,,
Zambia,ZMB,Africa,Lower middle income,1994,8576270.0,10221106422.0,1191.7892536032564,41.27404878,9498.666731,,,2.393,,,,
Zambia,ZMB,Africa,Lower middle income,1995,8785768.0,10865557573.0,1236.7225691595772,40.94753659,9435.248191,,,2.142,,,,
Zambia,ZMB,Africa,Lower middle income,1996,9004059.0,11923229356.0,1324.2060448515497,40.78143902,9322.944031,,,1.838,,,,
Zambia,ZMB,Africa,Lower middle income,1997,9237064.0,12774990714.0,1383.0142038639117,40.77578049,9181.496649,,,2.354,,,,
Zambia,ZMB,Africa,Lower middle income,1998,9482414.0,13130968549.0,1384.770644795724,40.93463415,9049.405385,,,2.278,,,,
Zambia,ZMB,Africa,Lower middle income,1999,9740013.0,14188405377.0,1456.7131868304489,41.26453659,8985.157524,,68.001793,1.778,,,,
Zambia,ZMB,Africa,Lower middle income,2000,10017633.0,15211406947.0,1518.463188559613,41.78312195,8718.428461,,,1.784,,,,
Zambia,ZMB,Africa,Lower middle income,2001,10325186.0,16519069217.0,1599.8810304240524,42.50656098,8958.240703,,,1.886,,,,
Zambia,ZMB,Africa,Lower middle income,2002,10647955.0,17827940431.0,1674.3065152886165,43.42692683,8186.864458,,69.149223,1.961,,,,
Zambia,ZMB,Africa,Lower middle income,2003,10983604.0,19691239689.0,1792.7849264230574,44.52226829,7896.863716,,,2.074,,,,
Zambia,ZMB,Africa,Lower middle income,2004,11338201.0,21770250951.0,1920.0798213931823,45.765,7624.290435,,,2.104,,,4.82445478439331,
Zambia,ZMB,Africa,Lower middle income,2005,11718819.0,24119806314.0,2058.2113533795514,47.12834146,7267.91972,,,2.243,,,3.99829316139221,
Zambia,ZMB,Africa,Lower middle income,2006,12129560.0,26908652008.0,2218.435953818605,48.58492683,6967.585394,,,2.231,,,4.73026323318481,
Zambia,ZMB,Africa,Lower middle income,2007,12565093.0,30152606854.0,2399.712191067746,50.09853659,6614.787338,,61.428291,2.298,,,5.26036071777344,
Zambia,ZMB,Africa,Lower middle income,2008,13021327.0,33594604263.0,2579.967791531539,51.62214634,6329.435047,,,2.553,,,,
Zambia,ZMB,Africa,Lower middle income,2009,13490395.0,37919541851.0,2810.85482307968,53.11336585,5923.022192,,,2.94,,,4.9991135597229,
Zambia,ZMB,Africa,Lower middle income,2010,13965592.0,43221855090.0,3094.8816985345125,54.52756098,5487.487378,,83.007668,3.121,,,5.01337480545044,
Zambia,ZMB,Africa,Lower middle income,2011,14437796.0,47143916201.0,3265.3125311508766,55.83314634,5151.882467,,,3.379,,,5.24399566650391,
Zambia,ZMB,Africa,Lower middle income,2012,14913631.0,50725916750.0,3401.3123128767234,57.02258537,4867.88684,,,4.177,,,4.34583711624146,
Zambia,ZMB,Africa,Lower middle income,2013,15399000.0,53291123090.0,3460.6872582635237,58.09278049,4637.978277,,,4.427,,,4.84316444396973,
Zambia,ZMB,Africa,Lower middle income,2014,15895320.0,55794746119.0,3510.136701809086,,4469.909553,,,5.283,,,4.34754371643066,
Zambia,ZMB,Africa,Lower middle income,2015,16399092.0,57423952993.0,3501.6544204398633,,4336.796219,,85.117264,5.522,,,3.93277740478516,
Zambia,ZMB,Africa,Lower middle income,2016,16914428.0,59592851316.0,3523.1963691589217,,4220.877288,,,5.978,,,4.04148817062378,
Zambia,ZMB,Africa,Lower middle income,2017,17441328.0,61680980857.0,3536.4841975909176,,4204.166619,,,7.459,,,3.30679655075073,
Zambia,ZMB,Africa,Lower middle income,2018,17973574.0,64169815579.0,3570.231250557068,,,,,8.658,,,4.8379921913147,
Zambia,ZMB,Africa,Lower middle income,2019,18513839.0,65094496543.0,3515.9912832233226,,,,,8.846,,39.97,4.07340002059937,
Zambia,ZMB,Africa,Lower middle income,2020,19059394.0,63281615083.0,3320.2322740691548,,,,,9.991,,,3.75979995727539,
Zambia,ZMB,Africa,Lower middle income,2021,19603610.0,66191936884.0,3376.5177374983487,,,,,9.35,,,,
Zambia,ZMB,Africa,Lower middle income,2022,20152935.0,68469600029.0,3397.5001670476286,,,,,10.939,,,,
Zambia,ZMB,Africa,Lower middle income,2023,20723967.0,,,,,,,11.831,,,,
Zimbabwe,ZWE,Africa,Lower middle income,1990,10137287.0,21937054921.0,2163.996631544515,59.1337561,4561.60576,,,15.537,,,,
Zimbabwe,ZWE,Africa,Lower middle income,1991,10404820.0,23189857636.0,2228.7610584325344,57.96534146,4642.743955,,,15.491,,,,
Zimbabwe,ZWE,Africa,Lower middle income,1992,10702697.0,21133778927.0,1974.6218104651566,56.54421951,4797.849932,,83.512581,16.702,,,,
Zimbabwe,ZWE,Africa,Lower middle income,1993,10860285.0,21406462048.0,1971.0773748571055,54.92229268,4978.636099,,,16.032,,,,
Zimbabwe,ZWE,Africa,Lower middle income,1994,10873146.0,23447496711.0,2156.4592907149413,53.16443902,5046.361767,,,17.383,,,,
Zimbabwe,ZWE,Africa,Lower middle income,1995,10974607.0,23569800045.0,2147.666886386,51.34102439,5166.144697,,,15.017,,,,
Zimbabwe,ZWE,Africa,Lower middle income,1996,11158364.0,26145775719.0,2343.1549391111457,49.52487805,5223.810605,,,14.894,,,,
Zimbabwe,ZWE,Africa,Lower middle income,1997,11369833.0,27012558407.0,2375.8096013371523,47.79531707,5274.427959,,,13.901,,,,
Zimbabwe,ZWE,Africa,Lower middle income,1998,11594299.0,27984298870.0,2413.625771596886,46.23658537,5326.805771,,,14.127,,,,
Zimbabwe,ZWE,Africa,Lower middle income,1999,11783454.0,27841288874.0,2362.7443085872783,44.9265122,5411.722835,,,15.724,,,,
Zimbabwe,ZWE,Africa,Lower middle income,2000,11892055.0,26765004403.0,2250.662682185711,43.922,5401.237518,,,13.815,,,,
Zimbabwe,ZWE,Africa,Lower middle income,2001,11971904.0,26781181341.0,2237.0026806930628,43.25307317,5441.620075,,,12.509,,,,
Zimbabwe,ZWE,Africa,Lower middle income,2002,12087661.0,24872482259.0,2057.6753649031025,42.90573171,5567.330463,,,11.896,,,,
Zimbabwe,ZWE,Africa,Lower middle income,2003,12232324.0,20952016540.0,1712.8402207135782,42.87385366,5668.081779,,,10.61,,,,
Zimbabwe,ZWE,Africa,Lower middle income,2004,12365901.0,19792844101.0,1600.5986220494567,43.1782439,5805.871976,,,9.429,,,3.82626843452454,
Zimbabwe,ZWE,Africa,Lower middle income,2005,12483433.0,18444472497.0,1477.5160404193302,43.88839024,5973.113962,,,10.698,,,3.28024673461914,
Zimbabwe,ZWE,Africa,Lower middle income,2006,12636442.0,18043000167.0,1427.854467816178,45.08426829,6099.291846,,,10.365,,,3.17426371574402,
Zimbabwe,ZWE,Africa,Lower middle income,2007,12804062.0,17769105175.0,1387.7709413622022,46.74973171,6132.053423,,,9.835,,,4.05591440200806,
Zimbabwe,ZWE,Africa,Lower middle income,2008,12959154.0,15050245186.0,1161.3601617821657,48.80834146,6585.491898,,,7.72,,,4.68156957626343,
Zimbabwe,ZWE,Africa,Lower middle income,2009,13142791.0,16275797005.0,1238.3820913685686,51.14792683,6659.077184,,,8.25,,,4.84564161300659,
Zimbabwe,ZWE,Africa,Lower middle income,2010,13356551.0,17918418386.0,1341.5453125586089,53.59312195,5809.37636,,,8.754,,,4.95510053634644,
Zimbabwe,ZWE,Africa,Lower middle income,2011,13595421.0,19554105000.0,1438.286096473217,55.94621951,5516.46576,,83.58271,10.363,,,4.69018793106079,
Zimbabwe,ZWE,Africa,Lower middle income,2012,13817887.0,22811427551.0,1650.8622158366181,58.04597561,5090.103374,,,11.257,,,4.18445062637329,
Zimbabwe,ZWE,Africa,Lower middle income,2013,14013811.0,23261956135.0,1659.9307736489382,59.7734878,4772.501028,,,11.671,,,3.70319128036499,
Zimbabwe,ZWE,Africa,Lower middle income,2014,14207367.0,23818844326.0,1676.5136232491213,,4532.972512,,,11.946,,,3.73540019989014,
Zimbabwe,ZWE,Africa,Lower middle income,2015,14399008.0,24246158745.0,1683.877024375568,,4405.112625,,86.873482,12.017,,,3.63830018043518,
Zimbabwe,ZWE,Africa,Lower middle income,2016,14600297.0,24362052665.0,1668.5998007437795,,4283.940222,,,10.588,,,3.61647987365723,
Zimbabwe,ZWE,Africa,Lower middle income,2017,14812484.0,25576014023.0,1726.6526008061849,,4156.238275,,,9.831,,,2.69352316856384,
Zimbabwe,ZWE,Africa,Lower middle income,2018,15034457.0,26786271482.0,1781.6587244886862,,,,,11.209,,,3.15980219841003,
Zimbabwe,ZWE,Africa,Lower middle income,2019,15271377.0,25146416205.0,1646.6371175958789,,,,,10.267,,39.29,3.14479994773865,
Zimbabwe,ZWE,Africa,Lower middle income,2020,15526887.0,23178707175.0,1492.8109655850526,,,,,8.491,,,2.9951000213623,
Zimbabwe,ZWE,Africa,Lower middle income,2021,15797220.0,25140088767.0,1591.4248688693326,,,,,10.223,,,,
Zimbabwe,ZWE,Africa,Lower middle income,2022,16069061.0,25901585881.0,1611.8916893152625,,,,,12.232,,,,
Zimbabwe,ZWE,Africa,Lower middle income,2023,16340829.0,,,,,,,13.443,,,,
